nimgs,13,RMSF,0.03403438163999734,AbsF,0.23332195846925805,RMSF_o,0.03403432786053003,AbsF_o,0.23332539594382895,energies,-2062.2789515101354,-2062.268105391219,-2062.2397746310503,-2062.200529805477,-2062.1491913187215,-2062.0876421682797,-2062.0344821303065,-2062.0256118598904,-2062.056356642456,-2062.105247421755,-2062.164829103204,-2062.238850042228,-2062.2828096549856,gradnorms,0.15372364942384717,0.2747542489657601,0.36013736471698815,0.4271055730893907,0.47893212782146793,0.507100865373913,0.4872363349204286,0.4411064367644228,0.4197653865033434,0.40783492448535186,0.3079349792407564,orth_gradnorms,0.1535728763899106,0.27462003382720224,0.3599767642516186,0.4269240621333885,0.47878601903353873,0.5071000640778971,0.48723330964248146,0.44104751090265776,0.41956221983911657,0.4075341426327263,0.3076498311067597,projcoords,-33.34677401201248,43.213102256953015,-31.684026824610545,44.147250605205016,-29.312819597801536,44.905860329977294,-26.58725308586657,45.45016494899761,-23.69806265280105,45.785892320320066,-20.813999419777744,45.86221865826149,-17.85793721564999,45.6752636592873,-14.98833847265974,45.366709002500365,-12.139753435475921,44.956697411320754,-9.520518153004744,44.48569769770727,-7.136461948597223,43.97996261189269,-5.48387234672229,43.607642341634126,-4.187142399600942,43.213102256953015,approx_rxn_crds,0.0,0.08439592364543741,0.17387852575054846,0.2627661469810959,0.35010403575045335,0.4357300749684158,0.5220842872851339,0.6070033922134239,0.6943720059060084,0.7807474287460837,0.8617821728846691,0.9321965246152637,1.0
nimgs,13,RMSF,0.0277381181381361,AbsF,0.20205585652189476,RMSF_o,0.027737918193659866,AbsF_o,0.2010209517274787,energies,-2062.2789515101354,-2062.2717789007875,-2062.2512036657654,-2062.216436365988,-2062.1684094046905,-2062.10919231403,-2062.057122819224,-2062.0462382590426,-2062.0732235016744,-2062.121874888632,-2062.1829826507374,-2062.2518719690183,-2062.2828096549856,gradnorms,0.09158392192811474,0.190639838936808,0.2860670092701781,0.35394498081370523,0.39746854379838614,0.4132886520600744,0.3606692635736774,0.2706569211595892,0.2878503332037599,0.33670809595731604,0.22014801197070316,orth_gradnorms,0.09142204012769738,0.19045947534263494,0.2858554038723514,0.35370212565049375,0.39727029324379265,0.41328567295447477,0.360665294745354,0.27056863363126277,0.2875157214438666,0.33628978752205835,0.2197456353649653,projcoords,-33.34677401201248,43.213102256953015,-31.682947130627557,44.14614799923238,-29.311289576229324,44.90387881601466,-26.58536193339037,45.448156290761325,-23.695955336025122,45.78370668391515,-20.811948240126192,45.85994218664632,-17.857416513206452,45.67348261006273,-14.988336193244656,45.36527289933718,-12.141104903468648,44.95534889572749,-9.522831105572994,44.484321284136094,-7.140278563069197,43.978624430383086,-5.488828575666593,43.606598140424815,-4.187142399600942,43.213102256953015,approx_rxn_crds,0.0,0.08444607339865219,0.17394427995209302,0.2628483181824872,0.35020788164670374,0.4358492519954759,0.5221857749006368,0.607127214090207,0.6944831215499457,0.7808404005961749,0.8618394870872602,0.9321822802154602,1.0
nimgs,13,RMSF,0.024561076029062583,AbsF,0.1974709691855928,RMSF_o,0.02456045218738589,AbsF_o,0.19639002809822317,energies,-2062.2789515101354,-2062.273721322799,-2062.2583487273173,-2062.228821873402,-2062.1843670784956,-2062.127245951334,-2062.0757179312554,-2062.061507323733,-2062.082776375569,-2062.1334796031383,-2062.1981498335745,-2062.2602813530107,-2062.2828096549856,gradnorms,0.07348174288833467,0.12708498210459304,0.22860743731535124,0.3050769796319482,0.3508317441837681,0.3659517907683978,0.3239724975765698,0.2760328940648695,0.28997044206789857,0.2981634135859378,0.1441799103539315,orth_gradnorms,0.07334910653030913,0.12686118682627498,0.2283458319019459,0.304773921519736,0.35058209593473705,0.36594249573676024,0.32396822882790693,0.2759690675726247,0.28957525147020413,0.29760451163963564,0.14361419498371011,projcoords,-33.34677401201248,43.213102256953015,-31.681288089721267,44.14420933429339,-29.30974010587143,44.901542080808284,-26.583387532538758,45.44587193511915,-23.693608929239787,45.781305685377795,-20.809509033217456,45.8574898394576,-17.856540266708134,45.67163485609772,-14.988051294532411,45.36380151402831,-12.142535707033879,44.95396806199311,-9.525585329166425,44.48297188330474,-7.144605770201744,43.977282242149016,-5.494388380970129,43.60543587450143,-4.187142399600942,43.213102256953015,approx_rxn_crds,0.0,0.08452695550261216,0.17402212012673898,0.26294008432709043,0.35032079090939117,0.4359771310054779,0.5222907852612174,0.6072503905584932,0.6945837074466011,0.780912355445976,0.8618697932568052,0.9321306556005755,1.0
nimgs,13,RMSF,0.02273397071919985,AbsF,0.1856656752600797,RMSF_o,0.022732758005594222,AbsF_o,0.1845434324619574,energies,-2062.2789515101354,-2062.2744236092612,-2062.2621365220266,-2062.2383710125255,-2062.1981558077805,-2062.1434701865956,-2062.092782300712,-2062.0763183244285,-2062.0941068144953,-2062.146373229913,-2062.211558526489,-2062.2646931465547,-2062.2828096549856,gradnorms,0.07831032819158569,0.11180037890659984,0.17814064904434193,0.264841385868272,0.31766050655745137,0.3387285347809347,0.30400381542866695,0.21540842741183194,0.2611461968775693,0.25586989420695827,0.11797027388527893,orth_gradnorms,0.07821628498431024,0.11161110040083515,0.17782280833128566,0.26446997624518065,0.31735574832893765,0.33871046575516617,0.30399941252247187,0.21534077413150932,0.2606313431109185,0.2551489119952225,0.11739289366261196,projcoords,-33.34677401201248,43.213102256953015,-31.6799502008666,44.14272553643674,-29.308158578839084,44.89855897895092,-26.581366349468986,45.44313880246932,-23.691032339688427,45.77858874840811,-20.806644992089993,45.85481605995386,-17.85517680206427,45.66973077179725,-14.98730647019411,45.36236802202073,-12.143602167407423,44.95282952689993,-9.528696935532052,44.481866721823216,-7.149589346406187,43.975932250693035,-5.500970918017693,43.604052480049845,-4.187142399600942,43.213102256953015,approx_rxn_crds,0.0,0.08459715659688234,0.17411730558686292,0.2630423310356515,0.35044170443820766,0.43611153255733837,0.522397318530114,0.607367638144422,0.6946734882036852,0.7809637434847794,0.8618715923019192,0.9320313654172134,1.0
nimgs,13,RMSF,0.0207638175769959,AbsF,0.1663375462983734,RMSF_o,0.02076174126808358,AbsF_o,0.16518129184967484,energies,-2062.2789515101354,-2062.2755671603836,-2062.2649507478577,-2062.2453651274855,-2062.210023790639,-2062.1582081156353,-2062.1087413997557,-2062.0904686803683,-2062.103284853995,-2062.1582330665597,-2062.2226709136253,-2062.26763466808,-2062.2828096549856,gradnorms,0.046931062299438275,0.1088537312289917,0.13997515066983043,0.2264208263241454,0.28599492570081003,0.3093739140947562,0.2737577799744374,0.18585283322748564,0.23246807808287273,0.204073868575821,0.11462817458386522,orth_gradnorms,0.04679437105239399,0.10870163379637421,0.13961339452740948,0.2259669421824762,0.28562492035047476,0.30934297778871844,0.27375302107779553,0.18580203755152502,0.23176110707905262,0.2030947904097829,0.11414154871568286,projcoords,-33.34677401201248,43.213102256953015,-31.678515279634325,44.141480304715515,-29.306579152816788,44.89513058957727,-26.579268805585926,45.4398558563595,-23.68827450489816,45.77548145676497,-20.80345592088691,45.85186729124592,-17.85344319420382,45.66771982844064,-14.986279879880303,45.360839641155195,-12.144750892405881,44.95142157051953,-9.532357098666985,44.48069727777143,-7.155357364490844,43.97445293250542,-5.508584635515163,43.602435206569794,-4.187142399600942,43.213102256953015,approx_rxn_crds,0.0,0.08466050475276772,0.17422193005467607,0.26315192529483905,0.3505648515789845,0.43624477408414963,0.5224970494592789,0.6074689765646909,0.6947451198904754,0.7809910090963693,0.8618397925784504,0.9318748917917915,1.0
nimgs,13,RMSF,0.019168457903665323,AbsF,0.15378276403278962,RMSF_o,0.019165168293009262,AbsF_o,0.15344970858696802,energies,-2062.2789515101354,-2062.276172748828,-2062.267857291907,-2062.250466935428,-2062.2199826061487,-2062.1714868117406,-2062.123369994048,-2062.103465907042,-2062.111448585607,-2062.168968802146,-2062.2310422834007,-2062.270445800297,-2062.2828096549856,gradnorms,0.03936585781815045,0.07698358871326516,0.12324446444741108,0.19032451939478381,0.2594994384103833,0.2856035903237543,0.25831968404905076,0.1694206244748449,0.2180273782703578,0.15957709372207354,0.08710688983507105,orth_gradnorms,0.0392463028369948,0.076787840837004,0.12289213312728679,0.18977583906907058,0.2590570954328721,0.28555457622888764,0.258314753177542,0.16939115021388643,0.21711076782322516,0.1582723028048011,0.08654599505955368,projcoords,-33.34677401201248,43.213102256953015,-31.67664326863638,44.140117708343695,-29.304657886860426,44.89182158765996,-26.576912500282575,45.436033425192846,-23.685294734573546,45.771920865420896,-20.79998085798622,45.84853992517646,-17.851427653104224,45.66544805390756,-14.985083883441925,45.35890881169366,-12.146263690459328,44.949206171811404,-9.5371536043945,44.47913245778968,-7.162301447964658,43.97266659036955,-5.516053194739997,43.60090242385816,-4.187142399600942,43.213102256953015,approx_rxn_crds,0.0,0.08473372003432224,0.17432635437571084,0.2632714259896044,0.35069251521293204,0.4363791158297135,0.5225928155367823,0.6075581771205024,0.6948017833180195,0.780987191609982,0.8617660186875423,0.9316883189913907,1.0
nimgs,13,RMSF,0.017945641531176167,AbsF,0.14161236730657265,RMSF_o,0.017940845599608603,AbsF_o,0.14123411487815377,energies,-2062.2789515101354,-2062.2764418777033,-2062.269785216901,-2062.254792457738,-2062.2281078044975,-2062.183523441877,-2062.136939162668,-2062.115817082978,-2062.118829928745,-2062.178884122379,-2062.2370851115347,-2062.2724450997052,-2062.2828096549856,gradnorms,0.04512644300226182,0.06653412833001877,0.10844354103202852,0.15768739756942762,0.23510418040975187,0.26738403671935135,0.24326550803852312,0.13930937261062792,0.19337605524568469,0.13231184660498607,0.06490277333626643,orth_gradnorms,0.04504586314286815,0.06633970162302726,0.10808854199618544,0.1570372391765235,0.23457745758397,0.2673125789483858,0.24326035659265993,0.13929832509483905,0.19211712408397136,0.13073414762491747,0.0642087057225173,projcoords,-33.34677401201248,43.213102256953015,-31.675121447303596,44.139025571285465,-29.301979921313446,44.88857805356698,-26.57400830991569,45.43195082715735,-23.681948481163694,45.76792023931359,-20.796203488553054,45.844792186572505,-17.849158976547557,45.662820071051016,-14.983749227191993,45.356462717128075,-12.148109679134018,44.94623708181148,-9.543236953813114,44.477171106147196,-7.170833861682441,43.97043822057593,-5.524023907441787,43.59935028966163,-4.187142399600942,43.213102256953015,approx_rxn_crds,0.0,0.08478032855522717,0.1744327759462769,0.26339311277881017,0.35081965694874523,0.4365082190218969,0.5226787026038867,0.6076297132987138,0.6948401601697854,0.7809448743900083,0.861638238954441,0.931469017975853,1.0
nimgs,13,RMSF,0.016855151471720748,AbsF,0.12808844058826813,RMSF_o,0.016848550369307397,AbsF_o,0.12766889896758515,energies,-2062.2789515101354,-2062.2768888973856,-2062.2709823450077,-2062.2585588910965,-2062.2346288817425,-2062.1943261392457,-2062.149698545867,-2062.1274554960155,-2062.1250500251067,-2062.1873948790835,-2062.2416816869254,-2062.2733788643754,-2062.2828096549856,gradnorms,0.03214506362864692,0.07126909443759766,0.08881592992224081,0.13391298330521131,0.20768817646302065,0.25113610077384796,0.2274412684183542,0.1281874250054774,0.16515319007482684,0.11568432623488353,0.05694214123125211,orth_gradnorms,0.03204331605291402,0.0711295580922926,0.08842378556195787,0.13320907659173364,0.20707595831435563,0.25103774656304906,0.22742848020437267,0.12818477091289202,0.16341774514938914,0.11393738023811056,0.05623347146021977,projcoords,-33.34677401201248,43.213102256953015,-31.67371868587859,44.137980314942325,-29.299145284857943,44.88597625828564,-26.570339507632035,45.428028489302335,-23.678008801526573,45.763586506173745,-20.79206199593981,45.840666671223985,-17.84664546623044,45.65984624069433,-14.982218226210863,45.3535473915139,-12.150224271334771,44.94263789770126,-9.550734873400192,44.47494067195877,-7.181175164023922,43.96774795698739,-5.531723849161004,43.59781539382291,-4.187142399600942,43.213102256953015,approx_rxn_crds,0.0,0.08481225045873819,0.1745158736626126,0.2635054858094576,0.350943639115587,0.43663068389139376,0.5227564143799006,0.6076906876391379,0.6948716663519241,0.7808756106319754,0.8614717801278767,0.9312558852197751,1.0
nimgs,13,RMSF,0.015753031151367475,AbsF,0.1133437965998541,RMSF_o,0.015744380676173342,AbsF_o,0.11288821315140403,energies,-2062.2789515101354,-2062.2772708625876,-2062.272334915399,-2062.261597241631,-2062.2400497960903,-2062.2036862569753,-2062.1617038578393,-2062.138349504988,-2062.13062952825,-2062.194282643025,-2062.245509315488,-2062.273935419126,-2062.2828096549856,gradnorms,0.024121291565399543,0.05462633507553306,0.08011451266560425,0.11975128834561234,0.1778919544737143,0.23471487784378267,0.21475321465453928,0.1095750871427116,0.1439484278546633,0.10152908188205338,0.051818948015926264,orth_gradnorms,0.024015118605614217,0.05447977474166029,0.07973511667194534,0.11906138428730498,0.17721309885066533,0.2345859886662668,0.21470909017469944,0.10957143257683673,0.1417585621419525,0.09963894600498635,0.051146471405456126,projcoords,-33.34677401201248,43.213102256953015,-31.672028795672446,44.13675586699931,-29.296351203294225,44.883769443321626,-26.565821829103875,45.4243487722089,-23.673281683646984,45.759111935171255,-20.787459080226824,45.836223739631315,-17.8438708416382,45.65657899099909,-14.980293384622517,45.35019539419357,-12.152614855051826,44.938478974268186,-9.559952164568815,44.47250088775805,-7.193184478416744,43.964727864246576,-5.538092982617457,43.59634368594319,-4.187142399600942,43.213102256953015,approx_rxn_crds,0.0,0.08484871535722341,0.17457655614377904,0.26361494853697237,0.35107053397927374,0.43675552465153167,0.5228370602805307,0.607760719861158,0.6949163392466448,0.7807952773861428,0.8612945221153301,0.9310948195615347,1.0
nimgs,13,RMSF,0.01452392157863271,AbsF,0.09765146904540979,RMSF_o,0.01451283715771555,AbsF_o,0.09761667691462377,energies,-2062.2789515101354,-2062.2774910984185,-2062.2734889140092,-2062.264231061315,-2062.2448618972294,-2062.211514547135,-2062.1728861362394,-2062.1486501074096,-2062.1354302743093,-2062.1999681209113,-2062.2487802989003,-2062.2744797886576,-2062.2828096549856,gradnorms,0.029311151227847082,0.04229681242272895,0.07294505337626542,0.10778272629632747,0.1520285732345374,0.216401557667556,0.2048903223596712,0.09842784022851747,0.13684564838456015,0.08475191616146942,0.0413715909853619,orth_gradnorms,0.029246056422281872,0.0421463611667653,0.07258581694822891,0.10709335920201792,0.15131217663599345,0.21623640351553655,0.2047877752036574,0.09842292127670695,0.13436344622467933,0.0825756279855347,0.040634371766818396,projcoords,-33.34677401201248,43.213102256953015,-31.67028809981516,44.13557371400284,-29.293218977967484,44.881495777134035,-26.560542642034335,45.420808443581905,-23.667725494257006,45.754718239093,-20.782283007737615,45.831510575679424,-17.84081677627313,45.65305873341194,-14.977790285599072,45.34641584409002,-12.155489136966665,44.933664136948146,-9.57113096791474,44.469823829005,-7.206509924908548,43.96152904104037,-5.5436566705689145,43.59484074708819,-4.187142399600942,43.213102256953015,approx_rxn_crds,0.0,0.08488104413553292,0.17463500626523443,0.2637278004574126,0.35119785055240277,0.4368828534953087,0.5229189761706232,0.607842645239541,0.6949702689616085,0.7806944785081816,0.8611053677291699,0.9309675092686153,1.0
nimgs,13,RMSF,0.013289695865111266,AbsF,0.09292397376944457,RMSF_o,0.013276639234101295,AbsF_o,0.09294928291012719,energies,-2062.2789515101354,-2062.277723632659,-2062.2742482449767,-2062.2665695269898,-2062.2492090981013,-2062.2180801377517,-2062.183098410397,-2062.1585180470474,-2062.139647397724,-2062.205309732539,-2062.2513330407587,-2062.2749182926655,-2062.2828096549856,gradnorms,0.023428351529166544,0.04515007110891876,0.06197092185554159,0.09461789771919872,0.13560485548299914,0.1954461765875867,0.19801200871045302,0.08766438707677729,0.13318022073193836,0.06978395194422456,0.03474506613070548,orth_gradnorms,0.02336034598173347,0.045047309279613375,0.06161090252709523,0.09388923098807767,0.13490751083622018,0.1952420798932311,0.19781746928987357,0.08765762380675098,0.1304325975438446,0.06729567215156226,0.03395709562872726,projcoords,-33.34677401201248,43.213102256953015,-31.66873820874612,44.13461776172746,-29.290005661231554,44.8792740232589,-26.554723472936615,45.41727927816699,-23.661413433747008,45.750510525274585,-20.776432717199093,45.826593904133624,-17.837475085180085,45.649295069680576,-14.974603316163293,45.342203737933254,-12.159022922207363,44.92806868966835,-9.584189052644229,44.46690371073367,-7.221015088568931,43.95815362570412,-5.549106699427655,43.59327230162722,-4.187142399600942,43.213102256953015,approx_rxn_crds,0.0,0.08490065474869986,0.17468628496173946,0.26384098259475597,0.3513201586263261,0.4370083378411331,0.5229970901521969,0.6079334660050839,0.6950259354733187,0.7805658697097958,0.8608926713785322,0.9308429500389549,1.0
nimgs,13,RMSF,0.012902410853652648,AbsF,0.08697174565757751,RMSF_o,0.012880240400507587,AbsF_o,0.08710061567176891,energies,-2062.2789515101354,-2062.277933092926,-2062.2749059476832,-2062.2684911816737,-2062.2530388386663,-2062.2238939791996,-2062.1921780182615,-2062.1680892590384,-2062.1433077636516,-2062.2105715134144,-2062.253186607705,-2062.2752438601647,-2062.2828096549856,gradnorms,0.014729245212459254,0.03770674707280294,0.05499173472956007,0.0825606894761856,0.1251034859447121,0.17237423019111112,0.19224159200259636,0.07747618825087176,0.11984295238624472,0.06922747081887018,0.036042477506498416,orth_gradnorms,0.014638664916203055,0.03761597177950087,0.05465400757635772,0.0817859850733044,0.1244498593882204,0.17213576703019415,0.19191125969056808,0.07746690427343941,0.11652301326160333,0.06696557018780294,0.03534062146859393,projcoords,-33.34677401201248,43.213102256953015,-31.66708956203538,44.13368848107813,-29.287142260368455,44.87736584612165,-26.54848860302226,45.413655187010335,-23.65444529013166,45.74641326934444,-20.769910238734454,45.82160093683417,-17.83385715684598,45.64527638770321,-14.970659308001643,45.33756787850683,-12.163258198052485,44.92180482554624,-9.598602593749249,44.46384010146837,-7.2369268685640815,43.95444000558469,-5.55426932629145,43.591827078164144,-4.187142399600942,43.213102256953015,approx_rxn_crds,0.0,0.08491766582792919,0.1747153413393676,0.26395124650821566,0.35143651596261033,0.4371258729144764,0.523067731923058,0.60803082397358,0.6950790907064709,0.7804179553481319,0.8606473161913678,0.9307169804759483,1.0
nimgs,13,RMSF,0.012432449688707986,AbsF,0.07968484059824996,RMSF_o,0.012397204073207034,AbsF_o,0.07997176531085348,energies,-2062.2789515101354,-2062.278051943179,-2062.2754617673972,-2062.269998022646,-2062.256355262726,-2062.229281251496,-2062.2000211948653,-2062.1773739237224,-2062.1464177589846,-2062.215310018682,-2062.2547434916924,-2062.2756033628575,-2062.2828096549856,gradnorms,0.01858606176232165,0.02606888505405946,0.04949310330395383,0.07328403126433308,0.11373983323308261,0.1495133647431737,0.1852393283517857,0.07007180392152243,0.10404905096903376,0.06661212387917499,0.033989862079377396,orth_gradnorms,0.018527755280378224,0.025968607679155712,0.04918828730388346,0.07249373535612422,0.11310003491637638,0.14925550240187044,0.18471418050834243,0.07005953153496511,0.09990704786480892,0.06450147781105757,0.033290073946577244,projcoords,-33.34677401201248,43.213102256953015,-31.665332220522018,44.132752266687746,-29.28434314519656,44.875614113320594,-26.542199792985862,45.410098071057014,-23.64690794233087,45.74226002470639,-20.762826219856112,45.81666225935252,-17.829991523956586,45.640991759028985,-14.965876056501587,45.33253392306871,-12.16821459708546,44.915011276952164,-9.614202964878672,44.460674791971975,-7.252373461244894,43.950742570745206,-5.559042503571427,43.59059572342512,-4.187142399600942,43.213102256953015,approx_rxn_crds,0.0,0.08493274176579849,0.1747312722329332,0.2640490364315348,0.35154757843201256,0.4372283269898278,0.5231273563614505,0.6081330044955231,0.6951271721639135,0.7802530149216098,0.8604079588334546,0.9305933009451559,1.0
nimgs,13,RMSF,0.01183270461261123,AbsF,0.07100811931345045,RMSF_o,0.011779349837527342,AbsF_o,0.07151609195233903,energies,-2062.2789515101354,-2062.2781528644946,-2062.2758084865754,-2062.271186657664,-2062.259239073225,-2062.2342320407115,-2062.2066838512314,-2062.1862660376178,-2062.1489987189416,-2062.2193072684577,-2062.256280525161,-2062.2760122934787,-2062.2828096549856,gradnorms,0.017886828815804428,0.02778791113836039,0.04215633163895382,0.06543343582591363,0.10142557259233642,0.13109006387855723,0.17630332797694734,0.062229457446898666,0.0955553648248485,0.0567924971412322,0.027285948445400523,orth_gradnorms,0.017833132623968295,0.027717729011169527,0.041872426480071286,0.06464803203791261,0.1007645653951435,0.13083877664398735,0.17550835973268594,0.06221299261018376,0.09073736179894477,0.05451905343410411,0.026468833220545277,projcoords,-33.34677401201248,43.213102256953015,-31.66390564879719,44.13202120486103,-29.28153070121907,44.87400743235816,-26.53606968217573,45.40680164925477,-23.638872951511196,45.737913969086485,-20.75527950179405,45.81179053854061,-17.825921700117284,45.63645492971961,-14.960137662154157,45.32711219934014,-12.17394146506579,44.90772884842044,-9.631197439234601,44.45734686786724,-7.267544659773932,43.94710132991746,-5.564011923939336,43.5893953841342,-4.187142399600942,43.213102256953015,approx_rxn_crds,0.0,0.08493279403835752,0.1747376622472029,0.2641273286534331,0.3516530081578307,0.4373133941219896,0.5231742228203476,0.6082428077731268,0.6951710636728119,0.7800608851692742,0.8601681995355057,0.9304595889542696,1.0
nimgs,13,RMSF,0.011093490254072145,AbsF,0.060817605537561256,RMSF_o,0.011015851472031392,AbsF_o,0.061611049093302526,energies,-2062.2789515101354,-2062.278263543415,-2062.2760754991805,-2062.27209007972,-2062.26175308376,-2062.2386781757,-2062.2124442299873,-2062.1946312738137,-2062.151088082187,-2062.222800310122,-2062.2576740151158,-2062.27638163319,-2062.2828096549856,gradnorms,0.012230081290337187,0.02819835217914824,0.03495161512869168,0.05790482819070924,0.09100650700928806,0.11908161348148344,0.16528928209601793,0.0635944986130617,0.09254077706338809,0.05508406417874609,0.025832633491831444,orth_gradnorms,0.012157552329478558,0.028144898153823792,0.034688740303656415,0.05712516657870804,0.090316572365113,0.11886153321820203,0.16413249029718666,0.06357518404248891,0.08728102299317797,0.05293100113190124,0.02502882261235885,projcoords,-33.34677401201248,43.213102256953015,-31.662531682017736,44.13136181849482,-29.279165714012105,44.87280167225862,-26.530099229808442,45.40387582345466,-23.630372958629657,45.733330701110205,-20.747298649617278,45.806877514154834,-17.82171417245918,45.63173069170411,-14.95330905658995,45.32128577048261,-12.180595740958537,44.89981050416466,-9.649618293027974,44.45380229878323,-7.283131176177198,43.94353182298308,-5.569575775166639,43.58806376464861,-4.187142399600942,43.213102256953015,approx_rxn_crds,0.0,0.08492632204877544,0.17471907505552195,0.264184022468352,0.35175310688607486,0.43738546779752924,0.5232088040304628,0.6083688638014028,0.6952151493393093,0.7798305801688662,0.8599038931629333,0.930307406151476,1.0
nimgs,13,RMSF,0.010198554733015898,AbsF,0.052308540287522055,RMSF_o,0.010089440204414303,AbsF_o,0.0533201586253611,energies,-2062.2789515101354,-2062.2783484573556,-2062.2763592479714,-2062.272736925609,-2062.263920842226,-2062.2426551405492,-2062.217657566238,-2062.202334035826,-2062.1529271182453,-2062.226076961554,-2062.259006559647,-2062.2767023282,-2062.2828096549856,gradnorms,0.011813194607792395,0.021598739858569214,0.03324505928959754,0.050830592689375904,0.08273022660514436,0.10974710519114605,0.15195504314959493,0.06547310077357987,0.08788479662714595,0.05589907584100005,0.027485509420208772,orth_gradnorms,0.011746727472230526,0.021538742454974523,0.03304020156550183,0.050055853255740204,0.08202110576602516,0.10956181053174811,0.1503292732894571,0.0654503802198124,0.08204946235721687,0.053954594360352215,0.026789358316097966,projcoords,-33.34677401201248,43.213102256953015,-31.660982634961123,44.13069165924618,-29.277022488847585,44.8718241664143,-26.524379791168535,45.40140422541134,-23.621381916000534,45.72855254163797,-20.738889313503257,45.80179480376771,-17.817457159151786,45.62693609572114,-14.945262154943382,45.31502200872387,-12.187665057020405,44.89188747916609,-9.669118097896956,44.45008306648808,-7.298468973872728,43.94031673576465,-5.575311450379175,43.58663587104737,-4.187142399600942,43.213102256953015,approx_rxn_crds,0.0,0.08492170974115391,0.1746874342413744,0.2642234001866527,0.35185817118716106,0.4374601049457682,0.5232424474259425,0.6085342132714865,0.6952731387417377,0.7795581393529128,0.8596219022072367,0.9301525355261488,1.0
nimgs,13,RMSF,0.009161939576588013,AbsF,0.05173895883601699,RMSF_o,0.009013283911326062,AbsF_o,0.05286773442783457,energies,-2062.2789515101354,-2062.278411356496,-2062.276603380207,-2062.2732474395875,-2062.265754421541,-2062.246237232515,-2062.2224920296417,-2062.209234198923,-2062.154871610449,-2062.2291652166728,-2062.2604283709215,-2062.2770292894265,-2062.2828096549856,gradnorms,0.01301927216317394,0.01792508743738662,0.03213900994095983,0.04428690406043585,0.07547179427505786,0.09922678818192313,0.1365098251801717,0.0650399029568848,0.08088324583046373,0.04941429415707329,0.023149701164121173,orth_gradnorms,0.012965668171492743,0.01786050222278142,0.03198241302302591,0.0435173697086345,0.07474869570019718,0.09906376889422562,0.13429490565278182,0.0650122010615352,0.0742334780294812,0.04736483999327149,0.0223928127250204,projcoords,-33.34677401201248,43.213102256953015,-31.65946400932217,44.13012307753646,-29.27478512559881,44.87089193299628,-26.51924765023817,45.3994609268825,-23.611834024604384,45.72366702659752,-20.730059897391627,45.79646904329588,-17.81321940166832,45.62217121759045,-14.935884655930785,45.30828688930747,-12.195001752281751,44.88417249535588,-9.689337700566412,44.44631238507542,-7.313642761360808,43.93740992824518,-5.580975916986326,43.585161305108045,-4.187142399600942,43.213102256953015,approx_rxn_crds,0.0,0.08491452026739892,0.1746559343294314,0.2642389680721235,0.351971194050539,0.4375402895196174,0.5232752026266052,0.6087479019710426,0.6953481389082952,0.7792489800181879,0.8593233072201804,0.930002252131763,1.0
nimgs,13,RMSF,0.008109602202644159,AbsF,0.0498260187943188,RMSF_o,0.007913734137905786,AbsF_o,0.05107089018974311,energies,-2062.2789515101354,-2062.2784763457757,-2062.2767864995085,-2062.2737121469763,-2062.267270430829,-2062.249474316318,-2062.2269084826394,-2062.215223773927,-2062.157083705352,-2062.2319778645933,-2062.2618464210104,-2062.2773328803364,-2062.2828096549856,gradnorms,0.01039706258550244,0.019596179405929687,0.026670860598286786,0.03950804245370713,0.06873492786963055,0.08810676489514639,0.12083035144573188,0.061085900989932496,0.07625629586600526,0.044733857106513335,0.018714248960186364,orth_gradnorms,0.010334576940773903,0.019544479220856486,0.0265266893102498,0.03876971846409144,0.06799203287160475,0.08795252828440416,0.11791198300940879,0.06105052853904537,0.0689424660606944,0.04259390080850898,0.017859031749265536,projcoords,-33.34677401201248,43.213102256953015,-31.657991556472446,44.129647439186364,-29.272552871634193,44.87002205821792,-26.514634018348342,45.397882824871466,-23.601660411134212,45.71875824623401,-20.720803075061067,45.790895450956576,-17.809016590105912,45.6174407341936,-14.925097035292305,45.30105806456993,-12.203010699181021,44.87631680266039,-9.710224558490328,44.442622604077165,-7.329636021218569,43.93448525310011,-5.587002271974772,43.583584196473986,-4.187142399600942,43.213102256953015,approx_rxn_crds,0.0,0.0849024470533345,0.17461908381046695,0.26422909419479707,0.3520879089052266,0.437617300534852,0.5232979222333684,0.6090031731657796,0.6954317606999716,0.778905666217963,0.8589908010110467,0.9298399193356877,1.0
nimgs,13,RMSF,0.007271984294275143,AbsF,0.046217245705847454,RMSF_o,0.0070269442292855925,AbsF_o,0.04757013278478637,energies,-2062.2789515101354,-2062.278535435898,-2062.2769537706604,-2062.2741098803526,-2062.268484790087,-2062.2523929912963,-2062.2308503679365,-2062.2203211460183,-2062.1595495199276,-2062.234557928668,-2062.263169222473,-2062.2775789675825,-2062.2828096549856,gradnorms,0.008791203352698467,0.017614545328149333,0.023163391545332753,0.036428776678172424,0.062388598725157306,0.07824377239077818,0.10835012569403381,0.06346758916271993,0.074780527122732,0.04402368770472916,0.02135973418896286,orth_gradnorms,0.008722061953783312,0.017562866191267876,0.02303144766763357,0.03575344022088939,0.0616119461887228,0.07808882349483648,0.1046991109548252,0.06342737025824173,0.06714121272172353,0.04195657270102633,0.020684658620831197,projcoords,-33.34677401201248,43.213102256953015,-31.656389799388993,44.129176798579415,-29.270514242056112,44.86926799879642,-26.510230829326463,45.396459894088494,-23.591185910123208,45.71403665314676,-20.71108558795479,45.7851188013014,-17.80483551808392,45.61266708445916,-14.912885286707908,45.29334678803387,-12.212204069410369,44.86791044668304,-9.731852604421924,44.439124158590346,-7.346465778900428,43.931392762926315,-5.593423025231161,43.581968526530325,-4.187142399600942,43.213102256953015,approx_rxn_crds,0.0,0.08488716791443673,0.1745672438229128,0.26419841306579345,0.35219427212028764,0.43768099742543354,0.5233018272976473,0.6092873717678392,0.6955120719700411,0.7785269809966539,0.8586292895447916,0.9296616308223232,1.0
nimgs,13,RMSF,0.006731155133140151,AbsF,0.040789777930632404,RMSF_o,0.006442131284492483,AbsF_o,0.04225293002941026,energies,-2062.2789515101354,-2062.2785840225793,-2062.2771120548514,-2062.274433329453,-2062.269440411634,-2062.255008715616,-2062.2343315062544,-2062.2247282421213,-2062.1621899458455,-2062.2370193022944,-2062.2644025760337,-2062.2778047088177,-2062.2828096549856,gradnorms,0.0100186263584775,0.01425622052230209,0.023020127189690265,0.03252446692892613,0.056317562420047214,0.06984902458759311,0.10029195268146181,0.06888188626384868,0.07251156233223842,0.03978511105182223,0.02081070487609668,orth_gradnorms,0.009962231454822869,0.014196474933136244,0.022910424037318508,0.031895044253933184,0.055489291092168345,0.06968852341596708,0.09598559432557242,0.0688387721339971,0.06446988510374703,0.03759460630779256,0.02017938545101001,projcoords,-33.34677401201248,43.213102256953015,-31.65471426901105,44.12870151450692,-29.26848478321798,44.868554740415206,-26.506090374537614,45.39516070763504,-23.581021187754303,45.70974068469473,-20.70085817461876,45.77920520801333,-17.800666938265778,45.60776206550707,-14.899355994125386,45.28523733616899,-12.221944679463316,44.859637926380266,-9.754142530541959,44.43588609589355,-7.3635770127192215,43.928151062469745,-5.599449276935342,43.58055534545005,-4.187142399600942,43.213102256953015,approx_rxn_crds,0.0,0.08486863526188797,0.17450620138865394,0.2641489043947558,0.3522781224222565,0.4377330628654283,0.523291141162663,0.6095967434946401,0.6955847073782883,0.7781123368787799,0.8582547398322735,0.9294921635268691,1.0
nimgs,13,RMSF,0.00627547895345747,AbsF,0.03588132965127116,RMSF_o,0.005943101793938898,AbsF_o,0.03607222009362015,energies,-2062.2789515101354,-2062.2786325222005,-2062.2772470766313,-2062.2747178125237,-2062.2701861021924,-2062.2573316459393,-2062.2373981238075,-2062.22870686172,-2062.1651738721525,-2062.239373111791,-2062.265521214974,-2062.2780288207823,-2062.2828096549856,gradnorms,0.00929506099561741,0.014768429850847298,0.020814924189660626,0.02870697636476984,0.05063934524546087,0.06239033850680502,0.09350253051738151,0.07437610588581893,0.06873186205610353,0.03504770617035238,0.016456058683249782,orth_gradnorms,0.009237265948187504,0.014713966992889157,0.020708808955800278,0.028117960216525333,0.04973879315876572,0.0622243364053775,0.08855022237777037,0.07433043369777514,0.06009111523392477,0.03265317173108677,0.01571124652415605,projcoords,-33.34677401201248,43.213102256953015,-31.653113855922822,44.12824658959442,-29.266355622484685,44.86784385532303,-26.502321048694885,45.39401346389373,-23.571413503307546,45.70589308486329,-20.690066832537607,45.77321457180842,-17.796505978405563,45.60268078686414,-14.884720644107187,45.27689361721068,-12.232182712625747,44.85166882528515,-9.776952986740888,44.43289665681505,-7.381234817940285,43.92473456044583,-5.60533569340567,43.579258106363596,-4.187142399600942,43.213102256953015,approx_rxn_crds,0.0,0.08484469273178831,0.1744391957920917,0.2640781448956908,0.35233501325745875,0.43777653994395577,0.5232687598320309,0.6099221426488705,0.6956427572669933,0.7776646167082676,0.857859603764579,0.9293258865751974,1.0
nimgs,13,RMSF,0.005727151577557349,AbsF,0.03829907474789428,RMSF_o,0.005341239264605844,AbsF_o,0.03850741877563617,energies,-2062.2789515101354,-2062.2786824816335,-2062.277370767585,-2062.2749736095457,-2062.2707600791546,-2062.259373906528,-2062.240092662461,-2062.232367206258,-2062.168544937986,-2062.2415695178915,-2062.2664921367746,-2062.2782251424082,-2062.2828096549856,gradnorms,0.007541741048449645,0.01493723463349396,0.018344961892607196,0.026521538275598125,0.045406881180419134,0.05555010123538443,0.0853326366210169,0.07678220766644517,0.06573826591313395,0.035014909798863035,0.016626170466383653,orth_gradnorms,0.007473050394825186,0.014885558009355107,0.01823313148721039,0.025996959791501063,0.04441057710137457,0.055380807857855666,0.07958267266027395,0.07673233711467332,0.056607950711137715,0.032714037169338295,0.01593180426089836,projcoords,-33.34677401201248,43.213102256953015,-31.651450667398493,44.12777437863793,-29.264278265803096,44.86717923189952,-26.498704057339207,45.39296572983157,-23.56248153467285,45.702477725117,-20.67865402749921,45.76718398283208,-17.792335950505482,45.59743874715442,-14.869123037114775,45.2684585789056,-12.242857001846163,44.8441501670647,-9.80027031215291,44.43005599316772,-7.3995188970882735,43.921207880892126,-5.611576018069541,43.57791843378257,-4.187142399600942,43.213102256953015,approx_rxn_crds,0.0,0.08481733293950336,0.17436138090370926,0.26398924264666174,0.3523596614447309,0.4378132091708987,0.5232348255548099,0.6102560000870035,0.6956822243928428,0.7771837824779334,0.8574387742494208,0.9291494636762428,1.0
nimgs,13,RMSF,0.005225488930319927,AbsF,0.03889694543812473,RMSF_o,0.005221812932215092,AbsF_o,0.03912128300320602,energies,-2062.2789515101354,-2062.2787288386,-2062.2774969957254,-2062.2751980079097,-2062.2712112721933,-2062.261148390268,-2062.242445693867,-2062.2356535163317,-2062.1721750006072,-2062.2436099900688,-2062.267353597939,-2062.2783980037925,-2062.2828096549856,gradnorms,0.007706269949559116,0.01267052963751279,0.017944279356340676,0.024566753071991205,0.0402456102670817,0.0490391475613879,0.07679042755825873,0.07785803152224524,0.06366663027173977,0.03407293394363748,0.017913824140980077,orth_gradnorms,0.007642024557758652,0.012610206636471227,0.017833556609769638,0.024099056725896007,0.039117086447036466,0.04886534646116108,0.07009206163595125,0.0778032603840535,0.054216481603853825,0.03178254450058339,0.01729923591978846,projcoords,-33.34677401201248,43.213102256953015,-31.649609689520062,44.127264425790734,-29.262210719897652,44.86653393874476,-26.495121196680014,45.39198840618161,-23.55434741985716,45.699513321519966,-20.666556884767772,45.76112660698789,-17.788118868983297,45.59210564961435,-14.852444176062077,45.259931782183706,-12.253983951148665,44.83710334892975,-9.824165533007815,44.427232652399624,-7.417595678856325,43.917792558192666,-5.617743781505437,43.576592589411696,-4.187142399600942,43.213102256953015,approx_rxn_crds,0.0,0.08478791605209643,0.17427256922312026,0.2638826120824887,0.3523436196919396,0.4378439579629784,0.5231889840638191,0.6106015946389644,0.6957072633903065,0.7766739231479315,0.8570163805827113,0.9289816268194131,1.0
nimgs,13,RMSF,0.005296444734229971,AbsF,0.03963306199429737,RMSF_o,0.005292454090836994,AbsF_o,0.039872269532895965,energies,-2062.2789515101354,-2062.2787720026718,-2062.2776183174656,-2062.2754038279586,-2062.27158148277,-2062.262658670153,-2062.2444747713344,-2062.2385007923403,-2062.17593280241,-2062.2455229643356,-2062.2681455102697,-2062.2785706937457,-2062.2828096549856,gradnorms,0.00798980227262379,0.011458898119122854,0.01762647395621874,0.02247943344112868,0.03517658380851835,0.04310537361331975,0.06981827134141796,0.0789152491895643,0.06108577970038966,0.030521939112548323,0.015093327199588396,orth_gradnorms,0.007930589839259549,0.011392059561393525,0.01751380153727865,0.02205092963158832,0.033867720873363774,0.042922517556870744,0.06219764945336529,0.07885578994216612,0.05123929117290756,0.02801368803010297,0.014382214840487533,projcoords,-33.34677401201248,43.213102256953015,-31.647712304884557,44.12676151407971,-29.26000110740309,44.86585060766219,-26.49164871013616,45.39108411696207,-23.54691030998206,45.69695431198209,-20.653699267005578,45.75503704935787,-17.783796278009497,45.58678658795275,-14.834335564928743,45.25117560340046,-12.265660906042754,44.830440645776484,-9.848686619551216,44.42432621816695,-7.435469625101602,43.91448991659434,-5.623686558906538,43.57532000881376,-4.187142399600942,43.213102256953015,approx_rxn_crds,0.0,0.0847538220539659,0.1741753015400678,0.26375450570864845,0.35228338691819266,0.4378692842438069,0.5231311542487797,0.6109702255934489,0.6957258886971274,0.7761428931724985,0.8565974827775952,0.9288297088577318,1.0
nimgs,13,RMSF,0.005402563274298316,AbsF,0.04022306403954954,RMSF_o,0.005398313615764706,AbsF_o,0.040476305240909866,energies,-2062.2789515101354,-2062.2788153397987,-2062.277729436174,-2062.275604553158,-2062.2718959056365,-2062.263904543347,-2062.2461987798806,-2062.240922123755,-2062.179761646891,-2062.247306690412,-2062.268856537265,-2062.278732450686,-2062.2828096549856,gradnorms,0.006987334114886526,0.011995540530468777,0.01616225810093027,0.021034665819462575,0.030943034253811705,0.03868574760791784,0.06489234773334925,0.08049637982593329,0.05824348525015152,0.02949947115975578,0.012895571995542823,orth_gradnorms,0.006921922570484356,0.01193191290883921,0.016035887827737606,0.020639385171339425,0.029423728635539534,0.0384918901074092,0.056544752528973806,0.08043306133985846,0.04794426253775449,0.02695782010639154,0.012073253889680467,projcoords,-33.34677401201248,43.213102256953015,-31.645781405957788,44.126268898023234,-29.25767663822991,44.865130329869075,-26.488262451310746,45.390212678805774,-23.539978280242625,45.6947217653345,-20.639984254458216,45.74889720918425,-17.77930137089413,45.58160166338118,-14.814425043437737,45.2420210750844,-12.27797631202677,44.82407073024773,-9.873878699005878,44.42128809926603,-7.453686103108629,43.911165818305506,-5.629910879937302,43.57404172725597,-4.187142399600942,43.213102256953015,approx_rxn_crds,0.0,0.08471353820254955,0.17406731402295855,0.2636034601257519,0.35217818689293495,0.43788847611511117,0.523060435666508,0.6113718636556157,0.6957429941921774,0.7755956931816879,0.8561713523843046,0.9286759601155914,1.0
nimgs,13,RMSF,0.005528211074707498,AbsF,0.03920304910278046,RMSF_o,0.005523757589496198,AbsF_o,0.03946974406555631,energies,-2062.2789515101354,-2062.278857669571,-2062.277835674126,-2062.275799499382,-2062.27217513594,-2062.2648909160316,-2062.247656608777,-2062.242988511725,-2062.183667048311,-2062.2489533451917,-2062.2694932396744,-2062.2788712941024,-2062.2828096549856,gradnorms,0.006468523490945949,0.011483866339207154,0.01472880011364264,0.020351171462244258,0.027751338056045387,0.03588983114631135,0.06120211199377466,0.08236848988786388,0.05617633481419785,0.029389895102230522,0.014187542704851256,orth_gradnorms,0.006400133034192886,0.011417452801053475,0.014583622064319892,0.01998152022795325,0.02601519134304649,0.035685891818512824,0.05232884151752607,0.08230213445269047,0.04560356220120992,0.02688060755716267,0.013453822005435807,projcoords,-33.34677401201248,43.213102256953015,-31.64371521191435,44.125743728541835,-29.255354454595548,44.864401548934936,-26.48483357730852,45.38931098527927,-23.53343813752616,45.69274960342189,-20.625416160403233,45.74273532622464,-17.774577424925308,45.57667484388451,-14.792492392456928,45.23236429050282,-12.290965171588581,44.81793066730031,-9.899818703488318,44.41810629304637,-7.47191924694891,43.907851450744026,-5.63642128269891,43.572822486693816,-4.187142399600942,43.213102256953015,approx_rxn_crds,0.0,0.08466807199298455,0.1739453418275932,0.2634322585700953,0.3520296672035748,0.43790061989681467,0.5229778891078878,0.6118131036119823,0.6957620604890352,0.77503590998421,0.8557516350350776,0.9285184207421029,1.0
nimgs,13,RMSF,0.0056216298938975675,AbsF,0.03640529196115247,RMSF_o,0.0056169895196334,AbsF_o,0.036685050756821415,energies,-2062.2789515101354,-2062.2788978770486,-2062.2779399708443,-2062.2759845252867,-2062.272438662497,-2062.2656093129262,-2062.248870173572,-2062.244778293719,-2062.187664474175,-2062.250481441584,-2062.270080660436,-2062.2789994717537,-2062.2828096549856,gradnorms,0.006870721605822212,0.010239001533969297,0.014636602824023938,0.019572958359885862,0.0252238962253025,0.03358268337712921,0.057406201541399596,0.08376039894484585,0.05455449910191996,0.026337899098536403,0.013669921880663766,orth_gradnorms,0.0068086212591425,0.01016378694265695,0.01448288661550987,0.019199995955154297,0.023262329652796253,0.03336757333203518,0.04803218180537963,0.08369125892549988,0.04385106925851154,0.023527564065796164,0.012910202571151571,projcoords,-33.34677401201248,43.213102256953015,-31.641549211159507,44.125172094093294,-29.25298058254924,44.86363832079817,-26.481296421616698,45.388343359454915,-23.52720543061103,45.690968909658196,-20.61078794030134,45.736899789810025,-17.769716626977562,45.572267003047685,-14.768529562688745,45.22220588968288,-12.304611226846966,44.81197287664856,-9.92656119327916,44.414782791498894,-7.4899148995974,43.90460270481266,-5.642788379672824,43.57179023806334,-4.187142399600942,43.213102256953015,approx_rxn_crds,0.0,0.08461860189242919,0.17381333823112358,0.26324725938486027,0.3518475183995478,0.43789098512260205,0.5228775078378705,0.6122904975711447,0.6957808865105611,0.7744632076738865,0.8553466383338835,0.9283691969063879,1.0
nimgs,13,RMSF,0.0056924347172365745,AbsF,0.033059702588481205,RMSF_o,0.005687632041024632,AbsF_o,0.03335217770696619,energies,-2062.2789515101354,-2062.2789374724853,-2062.278039979482,-2062.2761623627725,-2062.2726974290076,-2062.266104233685,-2062.249854219846,-2062.2463356656244,-2062.191741053238,-2062.251912937028,-2062.270610964045,-2062.279121660616,-2062.2828096549856,gradnorms,0.006591081053982992,0.010018195221264825,0.014408861426405645,0.01845576203978288,0.023652623127664398,0.031449923714809896,0.052781646355563656,0.08481536705232168,0.0526356249240339,0.023378778648825073,0.01179033622771527,orth_gradnorms,0.006528367843104472,0.009940251794368204,0.014244144266647654,0.01804417971843247,0.021494714716959396,0.031222572298479176,0.042758899986065024,0.0847438087884182,0.04176540909179821,0.02016781263634133,0.010892781887564132,projcoords,-33.34677401201248,43.213102256953015,-31.6394009467353,44.124566748907014,-29.25048487287441,44.86280709868047,-26.477712878432357,45.387319358514056,-23.521103154076496,45.6892867577643,-20.59679837844329,45.731657066441315,-17.764909542947674,45.568643483317885,-14.742688378661008,45.21163152038345,-12.31888547809016,44.80615183394411,-9.954094618679623,44.41131701018375,-7.508294287213506,43.90136524573641,-5.6491641214545005,43.57091821632225,-4.187142399600942,43.213102256953015,approx_rxn_crds,0.0,0.08456559995254696,0.17367670049148962,0.2630528529626169,0.3516458196791236,0.4378479160980355,0.5227475901990395,0.6127922238236769,0.695791531270212,0.7738732543982552,0.8549350957023237,0.9282223603359893,1.0
nimgs,13,RMSF,0.005731654133402994,AbsF,0.03006487921175326,RMSF_o,0.005726706522860246,AbsF_o,0.030369643233933635,energies,-2062.2789515101354,-2062.2789772111114,-2062.278135644568,-2062.2763371040714,-2062.2729534854234,-2062.2664481441484,-2062.250649542678,-2062.2476683846894,-2062.195869468253,-2062.25325161618,-2062.271069469027,-2062.2792314318567,-2062.2828096549856,gradnorms,0.005858927764327346,0.010256910802150163,0.013087254246549737,0.01786090708074453,0.023319943949477014,0.030066297790501663,0.048122035762620974,0.08539972319217522,0.05066939456700734,0.02343339422698945,0.012041670936343039,orth_gradnorms,0.005792776755151461,0.010179691117499622,0.012894950872088069,0.017395765321438647,0.021048583691429083,0.029827544970073838,0.03742790220243465,0.08532600545537897,0.039652256930200115,0.020227264805491394,0.011142734763460999,projcoords,-33.34677401201248,43.213102256953015,-31.637216052102296,44.1239111510364,-29.247940967429585,44.86192213896131,-26.474057721569178,45.3862331993993,-23.514923063264916,45.68761653769336,-20.58385708724906,45.72713089734678,-17.760250634910363,45.565895270962656,-14.715164078226707,45.200757983028154,-12.333759046528481,44.800432618831735,-9.982375988897054,44.407699193493,-7.527239831281404,43.898192735597014,-5.6558243462400455,43.57014419237132,-4.187142399600942,43.213102256953015,approx_rxn_crds,0.0,0.08451109323689796,0.17353680182691905,0.2628534897943801,0.35143631497380245,0.4377649339489241,0.522580106921096,0.6133070550845577,0.6957866821187645,0.773262645587857,0.8545070454387731,0.928069085426957,1.0
nimgs,13,RMSF,0.0057026461167278214,AbsF,0.02716117794646958,RMSF_o,0.005697538962872493,AbsF_o,0.027477693512579945,energies,-2062.2789515101354,-2062.2790156937217,-2062.2782300252848,-2062.2765065803715,-2062.273208637439,-2062.2667152804675,-2062.2513108772937,-2062.2487870198097,-2062.2000071330162,-2062.25449911903,-2062.2714720335716,-2062.2793319656366,-2062.2828096549856,gradnorms,0.005781583873909497,0.009554790422716728,0.012499834621298136,0.017574156137663367,0.023363203618396975,0.029010961329826054,0.044613848920753645,0.08496751347805855,0.04901493432096801,0.022774014132750528,0.012698854211109585,orth_gradnorms,0.005720649652969115,0.009470098401136905,0.01228627155237086,0.01704312041676149,0.020983756959316122,0.02875443063888579,0.03361222585870671,0.08489141859944346,0.03797833673480391,0.019437470988078707,0.011817243397891681,projcoords,-33.34677401201248,43.213102256953015,-31.6349423729677,44.123201173909266,-29.245404783479668,44.86100257475007,-26.470217085593195,45.385054632252796,-23.50856450352907,45.68591691314482,-20.571967194736548,45.72328277042991,-17.755759781923498,45.56400075061709,-14.686120278889952,45.18969411450817,-12.34919047298979,44.79479484276709,-10.011363595626317,44.40391830318294,-7.546163959505627,43.89526441270835,-5.662516911509925,43.569479284123915,-4.187142399600942,43.213102256953015,approx_rxn_crds,0.0,0.0844565492175421,0.1733944586861246,0.26265441693493474,0.35122518433619665,0.4376452309129087,0.5223738793182624,0.613830319104231,0.6957641922936585,0.7726321107517536,0.854077223445712,0.9279187073080971,1.0
nimgs,13,RMSF,0.005568648462560622,AbsF,0.023690489159175456,RMSF_o,0.005563327942890737,AbsF_o,0.023972190955619564,energies,-2062.2789515101354,-2062.2790532658205,-2062.2783233794153,-2062.276669267492,-2062.273465476674,-2062.266957255397,-2062.251890221595,-2062.249729114468,-2062.2040868206786,-2062.2556657612768,-2062.271831116267,-2062.279431472072,-2062.2828096549856,gradnorms,0.005943396373670948,0.008723124477468445,0.012846276714240048,0.01673378684250304,0.023243138238362198,0.027561100331201727,0.042046675781972395,0.08297099339712938,0.04734874227081888,0.020991258751807528,0.011845078575138565,orth_gradnorms,0.005890316856677026,0.008627643095643895,0.01262677244190869,0.016099813532649783,0.02070158811576458,0.027269812451196997,0.031160286497132695,0.08289171943947748,0.03632707325208166,0.017273140802689782,0.01084525620690165,projcoords,-33.34677401201248,43.213102256953015,-31.632591827839505,44.12245481725469,-29.242790530204203,44.86003010192162,-26.46623771741053,45.38380013223553,-23.501949602798096,45.684164512382054,-20.560684573995726,45.719926387882616,-17.751355336217802,45.562856855233996,-14.65570581056618,45.178535752034115,-12.365124696105998,44.789215903025145,-10.04100559136589,44.39997740545983,-7.56503344509964,43.89262590280838,-5.669129718047782,43.5689329413674,-4.187142399600942,43.213102256953015,approx_rxn_crds,0.0,0.08440175362021865,0.17325125188282892,0.2624549004850034,0.3510143134969918,0.43750076960472895,0.522134268833336,0.614361671823511,0.6957251760800531,0.7719840913018764,0.8536467412130943,0.9277753878449189,1.0
nimgs,13,RMSF,0.0053305325787176205,AbsF,0.022938344026493307,RMSF_o,0.005324926472335354,AbsF_o,0.023787765429350936,energies,-2062.2789515101354,-2062.279090586618,-2062.278413130737,-2062.276828562054,-2062.273722277939,-2062.2672006290677,-2062.2524197723897,-2062.250536274755,-2062.2080210858558,-2062.2567584962953,-2062.272144553922,-2062.2795296290146,-2062.2828096549856,gradnorms,0.005618392724407283,0.008828997657158923,0.01236943366920054,0.015855165333420712,0.023098577370235324,0.026058615928999974,0.03955978654958226,0.07942314663342748,0.04546372239676344,0.021137869568535316,0.011040139820421402,orth_gradnorms,0.005568759871356488,0.008732234769043676,0.012128690249983769,0.015093969008629686,0.020357032256199562,0.025714287571462997,0.028944125276598544,0.07933961752959666,0.03440916662488939,0.017406418498368957,0.009890117737514494,projcoords,-33.34677401201248,43.213102256953015,-31.630216924096572,44.121694328810776,-29.24007154224342,44.85901144375698,-26.462231379208443,45.38251026860279,-23.49492607284757,45.68232302995237,-20.549401670682908,45.71684578267893,-17.74687469617284,45.5623399256717,-14.624082788032231,45.16736190468729,-12.381503195848348,44.78365175029797,-10.071239548195978,44.39589991877044,-7.584184912248832,43.89022979236401,-5.675974578264225,43.5684989728723,-4.187142399600942,43.213102256953015,approx_rxn_crds,0.0,0.08434550164592493,0.17310697117594515,0.26225171007978554,0.35080623586365606,0.43734606435748363,0.5218704815768339,0.6149018875359374,0.6956721837707432,0.7713210909460542,0.853206987903124,0.9276282540849781,1.0
nimgs,13,RMSF,0.005045929671467901,AbsF,0.023139922543716263,RMSF_o,0.005039998380961147,AbsF_o,0.024001530062104193,energies,-2062.2789515101354,-2062.279127753707,-2062.278500680718,-2062.276986423426,-2062.2739725497922,-2062.2674587677284,-2062.252916835391,-2062.2512304050424,-2062.211730409803,-2062.257777210487,-2062.272423791786,-2062.2796230382573,-2062.2828096549856,gradnorms,0.005238579493867624,0.008859721345543817,0.01150424442470232,0.015623036524670442,0.022853481145588397,0.02492083334696797,0.03725977610128753,0.07518265882081342,0.04371550422238496,0.02159735612953529,0.011235354927215004,orth_gradnorms,0.0051925348328353315,0.0087613306329531,0.01123028246159087,0.014752405358686825,0.019864888723194894,0.02450567906890212,0.02709432926659444,0.07509428458265115,0.0326801646480059,0.017913272990442115,0.010029535928072413,projcoords,-33.34677401201248,43.213102256953015,-31.627780706659046,44.120898271277945,-29.237282534006773,44.85796891622542,-26.458119651055366,45.3811721728983,-23.487494561308374,45.680398397725675,-20.537596627466236,45.71387665857165,-17.742160901128138,45.56235450340609,-14.591398129980115,45.1562136022436,-12.398266293150897,44.77803382815883,-10.102016120808418,44.39172156088528,-7.603160128519599,43.88811027545715,-5.683114316976727,43.56820619471228,-4.187142399600942,43.213102256953015,approx_rxn_crds,0.0,0.08428815231620397,0.17296077134433005,0.26204648713035883,0.35060131592169835,0.43719474362394467,0.5215923184236073,0.6154531148793083,0.6956098465735159,0.7706466035636731,0.852773933866319,0.9274734031565134,1.0
nimgs,13,RMSF,0.00478486708290732,AbsF,0.023097169950915635,RMSF_o,0.004778635871100948,AbsF_o,0.02396944570743122,energies,-2062.2789515101354,-2062.2791638664617,-2062.2785873769076,-2062.27714012806,-2062.274217518013,-2062.267736921567,-2062.2533928630555,-2062.251825587274,-2062.2151811665753,-2062.2587260116,-2062.2726873454867,-2062.279714706112,-2062.2828096549856,gradnorms,0.005228370364709635,0.008230284481929704,0.011292020811638255,0.015507888934554492,0.022338391508858323,0.02372820331473997,0.0355182149329972,0.07129291385714277,0.042279883859510176,0.020416123719752533,0.011323198853500272,orth_gradnorms,0.005189720472754297,0.00812227772885916,0.010997834186234297,0.014529483400297036,0.019024019049760362,0.02321113195303344,0.026109698887205397,0.07120007089226206,0.031376837507437715,0.016406561025274668,0.010046991763423411,projcoords,-33.34677401201248,43.213102256953015,-31.625311586141713,44.12005517783534,-29.234445285450107,44.856905478509496,-26.45384348976864,45.3797817811116,-23.479661109626498,45.678397584512616,-20.524849835797625,45.71090492453593,-17.737094875317286,45.562825616851896,-14.557757119682428,45.145086129534164,-12.415331820011499,44.77228651865028,-10.133300565775809,44.38747793706816,-7.62179064648125,43.886252489910554,-5.690532140201906,43.568077496863225,-4.187142399600942,43.213102256953015,approx_rxn_crds,0.0,0.08422960413197536,0.17281285905396707,0.26184129472147927,0.3504011649126037,0.43705908498027596,0.521307781739487,0.6160175635844973,0.6955423670271551,0.7699622875430727,0.8523544815436275,0.9273096581043888,1.0
nimgs,13,RMSF,0.0045657540351273914,AbsF,0.024443918572845814,RMSF_o,0.004559270297619774,AbsF_o,0.024261465587699687,energies,-2062.2789515101354,-2062.2791994313293,-2062.2786721256757,-2062.2772904202384,-2062.274459046379,-2062.2680310443193,-2062.2538523606863,-2062.2523421414926,-2062.21839723848,-2062.2596147936833,-2062.272936513519,-2062.2798061659237,-2062.2828096549856,gradnorms,0.005186013781506055,0.007748702288291441,0.011336427562407079,0.01505138431697487,0.021777408475930064,0.022321235168366226,0.03382089435047511,0.06802820297391823,0.04086470677774858,0.019313220675522703,0.0108684958033988,orth_gradnorms,0.005154533335317857,0.007632188120119603,0.011028881663861486,0.013933243449730189,0.01808057797958665,0.02165602796382574,0.025266526545515113,0.06793159746083006,0.030108635921367102,0.014938913420511311,0.009440212546512509,projcoords,-33.34677401201248,43.213102256953015,-31.622835282432852,44.11915393461306,-29.23153339747082,44.855795759564934,-26.449403406476236,45.378350676537934,-23.47142675537718,45.67632759733117,-20.510896186838778,45.70787240506815,-17.731552775963102,45.56368402861227,-14.523249265031975,45.133952341300564,-12.432567661114525,44.766354041395196,-10.165051652815894,44.383195658035255,-7.640652348760648,43.88458159048574,-5.698222303951907,43.5681124687482,-4.187142399600942,43.213102256953015,approx_rxn_crds,0.0,0.08416974722886542,0.17266419743253675,0.26163660948377665,0.3502071052804827,0.43694726123890076,0.5210237659337894,0.6165961748372769,0.6954723703624409,0.7692673354755127,0.8519314596247558,0.9271366753245213,1.0
nimgs,13,RMSF,0.004350126744719358,AbsF,0.023647079180809428,RMSF_o,0.004343377957962665,AbsF_o,0.023465316085189047,energies,-2062.2789515101354,-2062.279234727764,-2062.2787535294974,-2062.2774391891694,-2062.2746948557824,-2062.2683298287075,-2062.2542926311507,-2062.252796570136,-2062.2214299992092,-2062.2604498516544,-2062.273168346927,-2062.2798946085854,-2062.2828096549856,gradnorms,0.0048648039167719734,0.007682064699851935,0.010903532252475591,0.014609265374279794,0.021481354779847337,0.02115063931144698,0.03163925928760797,0.06481542870580449,0.03938370868274785,0.01920465612738058,0.010513488210870364,orth_gradnorms,0.004838792235321258,0.007563722328233883,0.010567306097040189,0.013335178056040798,0.01740273311053959,0.020291464047261003,0.023859574277440437,0.06471487404784881,0.028766309108280385,0.014722695746422635,0.008923142872778655,projcoords,-33.34677401201248,43.213102256953015,-31.620366009443607,44.11819211808101,-29.228567928514316,44.85463323897053,-26.444826255903244,45.37689159751365,-23.462783060050025,45.67419626860918,-20.495761650917814,45.70479759403535,-17.725408915726295,45.56486420334566,-14.48797005868775,45.12278874598918,-12.449802176559082,44.7602176722928,-10.197219152832783,44.3788868660873,-7.659993753250294,43.88308594376365,-5.7061912919759905,43.56829361883449,-4.187142399600942,43.213102256953015,approx_rxn_crds,0.0,0.08410851447909322,0.17251496125068463,0.2614326401172135,0.3500206598069661,0.4368603410320927,0.5207467991628888,0.6171889167211976,0.6954022956360286,0.7685610242253813,0.851495801639464,0.926954927247386,1.0
nimgs,13,RMSF,0.004107958447597028,AbsF,0.02091805947255201,RMSF_o,0.004100864546188335,AbsF_o,0.020737829681260277,energies,-2062.2789515101354,-2062.279269061054,-2062.2788325182323,-2062.277585249525,-2062.2749230362833,-2062.268626279957,-2062.2547091644624,-2062.253194250508,-2062.224314498032,-2062.261233813629,-2062.273388123117,-2062.2799785851607,-2062.2828096549856,gradnorms,0.004623101244245973,0.007439300861937153,0.010070550514997148,0.014548746325132802,0.021353966414312302,0.020191486662114292,0.029356866901426876,0.061207202344126146,0.03804896289665987,0.018878041342586107,0.010625080473011944,orth_gradnorms,0.004603135887603084,0.00731675298009398,0.009686258722957366,0.013137954286931033,0.0168795434145393,0.019082023828877373,0.022416641175282345,0.061101505593667255,0.027650280130273753,0.014206452390501277,0.00893953829863561,projcoords,-33.34677401201248,43.213102256953015,-31.61790540178086,44.11717798440663,-29.225558433666734,44.85341931275299,-26.44010653175899,45.37540199467239,-23.453715411826092,45.67201269858197,-20.479444035856968,45.70169619524159,-17.71858913020104,45.56629543333231,-14.452002735715768,45.11158139429854,-12.46689063486299,44.7538885654026,-10.22975769647904,44.374548605051594,-7.67974880560135,43.88179105863917,-5.714452430988264,43.56860288277715,-4.187142399600942,43.213102256953015,approx_rxn_crds,0.0,0.08404565281972563,0.1723648688634901,0.2612295849122793,0.34984219659600535,0.4367990778944836,0.5204804824145175,0.6177938233804772,0.6953339195231784,0.7678436557802198,0.851047650004026,0.9267653448215865,1.0
nimgs,13,RMSF,0.0038605138186942898,AbsF,0.017132724303616845,RMSF_o,0.0038530027723503043,AbsF_o,0.017122898797507134,energies,-2062.2789515101354,-2062.2793021417065,-2062.278908993789,-2062.2777243914375,-2062.275145411154,-2062.268915790085,-2062.255098313253,-2062.253541129591,-2062.227056571931,-2062.261972184421,-2062.273596717314,-2062.280060102419,-2062.2828096549856,gradnorms,0.004650013854146865,0.006998561912059535,0.009648004263870469,0.014517414379475464,0.021221998987773338,0.019105485057373656,0.02736115145458144,0.05752036040952077,0.03681698610342144,0.018137352316608218,0.010678644959553871,orth_gradnorms,0.004636763390125728,0.006867627606849725,0.009225975738490239,0.012956613876310575,0.01629201236933463,0.01765296866180083,0.021428638346202147,0.057408448339509116,0.02670130056903261,0.013103139294041055,0.008876910079055403,projcoords,-33.34677401201248,43.213102256953015,-31.615449840200185,44.1161249454043,-29.222501515589222,44.852165344215095,-26.435253864453593,45.37388505595694,-23.444208643957307,45.66978633237865,-20.46191846980806,45.698580605218154,-17.711047405781272,45.56790571458924,-14.415412422289092,45.10032281725516,-12.483789383207764,44.74738187670303,-10.262627031078559,44.37016939478386,-7.699870050542728,43.880707953568574,-5.723015745158933,43.56903626747144,-4.187142399600942,43.213102256953015,approx_rxn_crds,0.0,0.08398049658158176,0.17221287376807698,0.2610259190644052,0.34967022152553956,0.4367625024382087,0.5202253156315176,0.6184062780465425,0.6952679049787279,0.7671174395342067,0.8505882876138123,0.9265688073203033,1.0
nimgs,13,RMSF,0.002381425651723247,AbsF,0.010157378802081996,RMSF_o,0.0017199876065470193,AbsF_o,0.007950839526219835,RMSF_CI,0.004138454563119938,AbsF_CI,0.014617438461369958,energies,-2062.2789515101354,-2062.2793345220925,-2062.278981973668,-2062.2778560645647,-2062.2753632819085,-2062.2691937414497,-2062.2554560441827,-2062.2538477112603,-2062.2296544217033,-2062.26267150518,-2062.2737892244595,-2062.2801400796843,-2062.2828096549856,gradnorms,0.004597755378734935,0.006822238213173006,0.009618552347191079,0.01410445595433237,0.021184545427962952,0.018182196184456434,0.025354760154270548,0.06166158423170643,0.03548244306555256,0.0177326948538705,0.010372569460097587,orth_gradnorms,0.004589930252123305,0.006687153395878392,0.009175908957161303,0.012318707187518797,0.015762127598765795,0.016293675035754723,0.020462658791192672,0.0,0.02562723815400181,0.012430114312029941,0.008356699302390018,projcoords,-33.34677401201248,43.213102256953015,-31.61300036136027,44.115042752565564,-29.21938896806008,44.8508877196987,-26.430271282353925,45.37234698419387,-23.434248695102617,45.66752577597803,-20.443150807102107,45.695459152705375,-17.70271199997672,45.56963513276907,-14.378513918689631,45.08908378892653,-12.500569645192998,44.74069577924282,-10.29578582993083,44.36573813257008,-7.7203376851485945,43.87982268454069,-5.731880569437741,43.5696076834322,-4.187142399600942,43.213102256953015,approx_rxn_crds,0.0,0.0839122334092362,0.17205778629727211,0.2608197417537677,0.34950261973772034,0.4367489013293166,0.519982061689498,0.6190132636041498,0.6952034162623111,0.7663861546841003,0.8501201776216867,0.9263655177769352,1.0
nimgs,13,RMSF,0.002296120373588858,AbsF,0.009538028515303137,RMSF_o,0.0016450558705060634,AbsF_o,0.007470380515946089,RMSF_CI,0.003992724164538335,AbsF_CI,0.014329924374389725,energies,-2062.2789515101354,-2062.2793663841867,-2062.2790518643246,-2062.2779822187103,-2062.2755737570965,-2062.269457136172,-2062.2557791651257,-2062.2541230094635,-2062.2319644066483,-2062.2633346365774,-2062.273965892444,-2062.280216474171,-2062.2828096549856,gradnorms,0.004339044851198279,0.006817666870245984,0.009254162007934639,0.013626057929174396,0.021296532015566423,0.017831914796221728,0.02336515029461889,0.05949025019620956,0.03421142304760478,0.017781164916870727,0.010286782557445869,orth_gradnorms,0.004335262352746908,0.006682802797543687,0.008775740213122869,0.0115743860724964,0.015410438044758869,0.015483014640644732,0.019502989638734616,0.0,0.024510780432152594,0.012432564727189795,0.008093374219246968,projcoords,-33.34677401201248,43.213102256953015,-31.610568213371124,44.11393164684052,-29.216218856679426,44.84959932173473,-26.425157654163822,45.37079831464519,-23.423820783849486,45.66523893466219,-20.423110868433923,45.69233551071917,-17.693544922542607,45.57142323465787,-14.341671325316646,45.077941982011545,-12.521038233707534,44.734483738986754,-10.329197394689967,44.361248249042504,-7.741149869077129,43.879104696912066,-5.741035960578802,43.570340957864644,-4.187142399600942,43.213102256953015,approx_rxn_crds,0.0,0.08384082619588608,0.17190009364440012,0.2606116764410829,0.3493406639867394,0.43676040591996396,0.5197544137636383,0.6196050921218336,0.6950180287812748,0.7656519998320859,0.8496451519290187,0.9261543620917793,1.0
nimgs,13,RMSF,0.0022260159651905148,AbsF,0.008987644275992059,RMSF_o,0.00158276608055492,AbsF_o,0.006948783556349321,RMSF_CI,0.003880980891580821,AbsF_CI,0.013933112388022402,energies,-2062.2789515101354,-2062.2793972709314,-2062.279119690325,-2062.27810249577,-2062.2757737183842,-2062.269705530486,-2062.256068860862,-2062.254373838032,-2062.23400417762,-2062.2639626862842,-2062.2741327988515,-2062.280288970109,-2062.2828096549856,gradnorms,0.004198988104520361,0.0065684151748651365,0.00883429555579321,0.013437401929824162,0.02144375025073495,0.017773271221689275,0.0219122771067751,0.05782531292730747,0.033166890887703644,0.01759715149926329,0.010604618051313599,orth_gradnorms,0.004198036200574966,0.006429374970943484,0.008315566398881612,0.011145647695858938,0.015101106380852065,0.014944281522579901,0.019091683793594126,0.0,0.023582683464730015,0.01213806883365688,0.008346523623323002,projcoords,-33.34677401201248,43.213102256953015,-31.608172633609577,44.112783388036846,-29.21300092482017,44.84830357467166,-26.419913101695347,45.3692514168105,-23.41291228032426,45.662934575937484,-20.401786097924536,45.68920926883055,-17.68360251085273,45.573197940102006,-14.30522424382168,45.06695956988441,-12.544646784474676,44.72866979234115,-10.36284849249385,44.35670246105009,-7.76229601403572,43.87852789161178,-5.750465432725646,43.5712556778607,-4.187142399600942,43.213102256953015,approx_rxn_crds,0.0,0.08376570710551909,0.1717391560405848,0.26040076904822407,0.3491835049973813,0.43679598681547743,0.5195384222111203,0.620167292266613,0.6947308777928832,0.7649177449779802,0.8491661016779368,0.9259347533444756,1.0
nimgs,13,RMSF,0.002167375141269957,AbsF,0.00873000885566925,RMSF_o,0.0015279776816554955,AbsF_o,0.006469616896438382,RMSF_CI,0.0037759201647332174,AbsF_CI,0.013481068666628692,energies,-2062.2789515101354,-2062.2794271501734,-2062.279185201574,-2062.2782163124825,-2062.275963043198,-2062.269938937338,-2062.2563303166357,-2062.2546110769886,-2062.2357904603555,-2062.2645585087344,-2062.2742922721336,-2062.280359946355,-2062.2828096549856,gradnorms,0.004242467297668737,0.006254457825352778,0.0087596228296084,0.013310787607760988,0.021541040366230096,0.01767562126957564,0.020868331811105454,0.05625994335295266,0.032293162289637765,0.016894747386785963,0.010570320953415844,orth_gradnorms,0.004242463289993908,0.006110006140015606,0.008222545573557756,0.010777692301838443,0.014730467218214258,0.014312771402980602,0.01897281921344366,0.0,0.02276635470670439,0.011105841594998013,0.008160420433215985,projcoords,-33.34677401201248,43.213102256953015,-31.605832899489066,44.111588066357754,-29.209752066955556,44.8469954979425,-26.41454178814062,45.36771580695206,-23.401512598147697,45.660623749273874,-20.37917850352357,45.68607722732687,-17.672923702444354,45.57489933213632,-14.269460176732114,45.0561822101995,-12.571057340682593,44.72318570967814,-10.396738945388151,44.35210864563036,-7.7837403594035255,43.87808990113693,-5.760157149596072,43.57235630073278,-4.187142399600942,43.213102256953015,approx_rxn_crds,0.0,0.08368623196853327,0.17157408864058898,0.26018579473741593,0.34902993844185065,0.43685390402386787,0.519329658510827,0.6206866633045912,0.6943550090946105,0.764185100947814,0.8486853687860767,0.925706823341649,1.0
nimgs,13,RMSF,0.0021136682669655117,AbsF,0.008761893270148655,RMSF_o,0.0014714625655248576,AbsF_o,0.006451723257147263,RMSF_CI,0.003672131627950566,AbsF_CI,0.013016969731476,energies,-2062.2789515101354,-2062.2794564634605,-2062.2792479501677,-2062.2783250932684,-2062.2761421320356,-2062.2701564696185,-2062.2565690256474,-2062.2548438379613,-2062.2373404736295,-2062.2651247823037,-2062.274440455014,-2062.280429147657,-2062.2828096549856,gradnorms,0.004140299917088012,0.006205953266001018,0.008674937253755519,0.013110612700941613,0.021630540804107194,0.017707900919284085,0.019732359549108795,0.05471352898365141,0.03149294788514552,0.016485977752502313,0.010156846641199103,orth_gradnorms,0.004139021883854427,0.006063194336499399,0.008120985012532451,0.010304876662678434,0.014376190996017404,0.01381916908070857,0.018546450887816247,0.0,0.02192429844137552,0.010537995099333154,0.007469747261801539,projcoords,-33.34677401201248,43.213102256953015,-31.60356061507408,44.11034156436011,-29.206488198016004,44.84566845860903,-26.4090520046151,45.366194910830664,-23.38961295472589,45.65831921322168,-20.355298256655804,45.682935627541276,-17.661458610278757,45.57649114765059,-14.23497992413801,45.0457564321155,-12.599990818558634,44.71795310543059,-10.4308730115581,44.34747560782064,-7.805419920803433,43.877813592396386,-5.770111015029141,43.573630440616704,-4.187142399600942,43.213102256953015,approx_rxn_crds,0.0,0.08360216657230618,0.1714047455309596,0.2599666268497069,0.3488802796519719,0.436934274002722,0.5191291533805668,0.6211446643975028,0.6939004557769011,0.7634535887580696,0.8482037133972506,0.9254711164301846,1.0
nimgs,13,RMSF,0.0020684048032323485,AbsF,0.008901076251538182,RMSF_o,0.0014186139910032768,AbsF_o,0.006615482086020399,RMSF_CI,0.00358352457550594,AbsF_CI,0.012681978699116298,energies,-2062.2789515101354,-2062.2794851590397,-2062.2793085895282,-2062.2784299783652,-2062.2763106079183,-2062.270357208628,-2062.2567904634802,-2062.2550772366726,-2062.238676476499,-2062.2656622969316,-2062.2745775259955,-2062.280494079297,-2062.2828096549856,gradnorms,0.003922232010459758,0.0061066667761574735,0.008480081732779445,0.012983788290182008,0.02175336727307215,0.017922670531358844,0.018604105973390295,0.05339331363647152,0.030818537464774226,0.01663967309020365,0.010110021730959335,orth_gradnorms,0.003917056699934682,0.005965587662498448,0.00790257535412406,0.009911616803445707,0.014121660545949032,0.013570252749712615,0.01793764196864207,0.0,0.021136872415624654,0.010888041416049361,0.007266283525893526,projcoords,-33.34677401201248,43.213102256953015,-31.601357751251484,44.1090483862921,-29.203218805977627,44.84432162235081,-26.403454188871166,45.36468718703891,-23.37720666190996,45.65603282402748,-20.330159798045855,45.679782395242384,-17.649146543703864,45.57794532248647,-14.201999428339036,45.03572306012414,-12.631174884299316,44.71288501318369,-10.465260599088976,44.34281075595015,-7.827258188767152,43.87772986982154,-5.780336262807694,43.575056431959894,-4.187142399600942,43.213102256953015,approx_rxn_crds,0.0,0.08351320732542247,0.17123077165552567,0.259742747706189,0.34873431150977074,0.43703652099264956,0.5189380298550775,0.6215347200983308,0.6933779240748463,0.7627224783990832,0.8477217313611675,0.9252286556183555,1.0
nimgs,13,RMSF,0.002033197326760266,AbsF,0.008947415103408298,RMSF_o,0.001372678030797947,AbsF_o,0.006781164525437699,RMSF_CI,0.003519872369900443,AbsF_CI,0.012642601553996952,energies,-2062.2789515101354,-2062.2795129018923,-2062.2793674235554,-2062.278531198845,-2062.2764687194694,-2062.2705411607285,-2062.2570006317546,-2062.255313758339,-2062.2398257156938,-2062.266171870596,-2062.2747093232283,-2062.280555098586,-2062.2828096549856,gradnorms,0.00390573601915504,0.005805857596081504,0.008281502048732372,0.01299006718046338,0.021885291973300098,0.01804680614390282,0.017720275459993762,0.052444917132990695,0.030293957880062658,0.016334243971593505,0.010286591945161324,orth_gradnorms,0.003894126710276931,0.005662561020200946,0.007680109568095901,0.009685639553514369,0.013949671498177631,0.013233196092559938,0.01740985965996902,0.0,0.020452442023490572,0.010565471951236752,0.0073904821660668385,projcoords,-33.34677401201248,43.213102256953015,-31.599221440754185,44.10771820633123,-29.199946530202595,44.84296305874759,-26.39775956012214,45.36319092826166,-23.364290428142805,45.65377296900679,-20.30378324236804,45.67661835313289,-17.635927624478747,45.57923968971334,-14.170628102881208,45.02609964236651,-12.664344841442436,44.707908809873445,-10.499917536057602,44.338122228116156,-7.849187361222052,43.8778547383926,-5.790839923262657,43.57661462783079,-4.187142399600942,43.213102256953015,approx_rxn_crds,0.0,0.08341920557870013,0.1710521511954423,0.2595140827314686,0.3485922729285581,0.43716046341751935,0.5187586982081326,0.6218549587040652,0.6927978119281555,0.7619908395721073,0.8472401530530531,0.9249802159389157,1.0
nimgs,13,RMSF,0.002001934531727675,AbsF,0.00881802794364233,RMSF_o,0.0013253762739518587,AbsF_o,0.006907889626773356,RMSF_CI,0.0034831083276193886,AbsF_CI,0.01274308448523985,energies,-2062.2789515101354,-2062.279539916799,-2062.2794239631353,-2062.2786288156904,-2062.2766178280735,-2062.2707091638076,-2062.2572039898614,-2062.255555181068,-2062.2408111344434,-2062.266655161843,-2062.2748358835356,-2062.2806137689104,-2062.2828096549856,gradnorms,0.003957762756366021,0.0056822332332829885,0.008062189944220506,0.013068481222173179,0.021981288666578915,0.017969451465695722,0.016807866823577527,0.051897145240068845,0.029828152725066004,0.015516179255504697,0.010155928900313999,orth_gradnorms,0.00393753089154136,0.005542136183303323,0.007435379596459773,0.009555662034088589,0.013800393261044736,0.012661599457135051,0.016704709948776358,0.0,0.01974766171973537,0.009451613648161406,0.007100780219413184,projcoords,-33.34677401201248,43.213102256953015,-31.59715158047948,44.10635905201962,-29.196671420484318,44.84160652978405,-26.39197948124015,45.36170924436044,-23.35086582504143,45.6515443856789,-20.276199852040946,45.67344702131935,-17.621672063608674,45.580364818852935,-14.141124643341007,45.01695517598104,-12.699263404332033,44.70299420648387,-10.534860852030578,44.33342433337394,-7.871163936987639,43.87817671467245,-5.801615440702675,43.578295431395325,-4.187142399600942,43.213102256953015,approx_rxn_crds,0.0,0.08332033622671663,0.17086960003104906,0.25928164014452976,0.3484556474516003,0.4373071076518388,0.5185980413993542,0.622101779232068,0.6921682422652188,0.7612574147450911,0.8467598348463715,0.9247258145903285,1.0
nimgs,13,RMSF,0.001973056152746664,AbsF,0.008570940648218228,RMSF_o,0.001274393391676958,AbsF_o,0.006966714697825753,RMSF_CI,0.003478785852368063,AbsF_CI,0.012996554946969002,energies,-2062.2789515101354,-2062.2795665264093,-2062.279478460459,-2062.278722798722,-2062.2767596512904,-2062.270862375972,-2062.2574011318043,-2062.2558007253306,-2062.2416433479107,-2062.2671129540495,-2062.2749526987127,-2062.2806692712643,-2062.2828096549856,gradnorms,0.0038028491883400533,0.005685586477522008,0.007905385943993334,0.013113345421976239,0.022021290398904336,0.01780165847386699,0.01569948002233045,0.05183274180933548,0.029397874569089266,0.015178086846331897,0.01005586850492384,orth_gradnorms,0.0037702417446249413,0.005552720155822481,0.007259778244753606,0.009381858831423883,0.013646560273273777,0.01201272605994538,0.015687078277089973,0.0,0.018988033882381763,0.00913014876772942,0.006862011190278234,projcoords,-33.34677401201248,43.213102256953015,-31.59515578234707,44.104972099638736,-29.19339690060282,44.84026440957019,-26.386124342406283,45.36025165658293,-23.33693988234627,45.649350745873576,-20.247457721327816,45.67027362022229,-17.606281840141552,45.5813123149091,-14.113641760644924,45.00833038408774,-12.73574017350818,44.69816653049226,-10.570107734605449,44.32874142246001,-7.893164977687244,43.87866182824303,-5.812640597494976,43.58009984400941,-4.187142399600942,43.213102256953015,approx_rxn_crds,0.0,0.0832167907423977,0.1706838928422051,0.25904656598185016,0.34832593636252807,0.4374769883397289,0.5184618218387275,0.6222743775898649,0.6914947611732943,0.7605212546226402,0.8462821455763545,0.9244650085249725,1.0
nimgs,13,RMSF,0.0019521833327190792,AbsF,0.008330439385118333,RMSF_o,0.0012282681217601424,AbsF_o,0.00695441359548774,RMSF_CI,0.0035085263610144368,AbsF_CI,0.013333792863356626,energies,-2062.2789515101354,-2062.2795924682478,-2062.279531528942,-2062.278813434657,-2062.276895259651,-2062.271002078609,-2062.2575900018965,-2062.256046902038,-2062.2423245623895,-2062.2675449206454,-2062.2750613316866,-2062.280721136664,-2062.2828096549856,gradnorms,0.0036436613656439317,0.005456024216306582,0.007780442892781516,0.01310520212241441,0.022029950355113743,0.017613326838947306,0.014678263537522707,0.052275865408017604,0.029086876555059156,0.0150747399265706,0.010254189622490598,orth_gradnorms,0.003595186551748099,0.005325431626674484,0.007121531831821763,0.009138104512475504,0.013531930203272695,0.01139939566131288,0.014672949423049296,0.0,0.018300782839074006,0.0092272377897583,0.007077703275631361,projcoords,-33.34677401201248,43.213102256953015,-31.593248409473237,44.10355148231114,-29.190133378955554,44.83894176682233,-26.38020262915371,45.3588312581631,-23.32252404017143,45.64719804961052,-20.217623995828767,45.667104453530754,-17.589800542669785,45.58207013109951,-14.088113987848121,45.00020107955712,-12.773626668796547,44.69349726606121,-10.605679003956942,44.324106859463626,-7.915170430618021,43.879270501906234,-5.8238852907244105,43.58203300010204,-4.187142399600942,43.213102256953015,approx_rxn_crds,0.0,0.08310856288454894,0.17049535013429015,0.2588094068443102,0.3482037769816838,0.43766907307591985,0.5183497098743507,0.6223759712918503,0.6907808753281806,0.7597817358905069,0.8458088591954405,0.9241974817926096,1.0
nimgs,13,RMSF,0.0019407147629317521,AbsF,0.008187753314286754,RMSF_o,0.0011896178932517085,AbsF_o,0.006891873358503951,RMSF_CI,0.0035561902668174166,AbsF_CI,0.013655026068092279,energies,-2062.2789515101354,-2062.2796175287012,-2062.2795828199114,-2062.27890107277,-2062.2770250550716,-2062.27113002435,-2062.257769264652,-2062.256290187789,-2062.2428580115156,-2062.267951261102,-2062.2751652792276,-2062.280771042098,-2062.2828096549856,gradnorms,0.003695162970171693,0.005156713351688656,0.007578275843549259,0.013127007668204071,0.02203701997564881,0.017402000599224445,0.01388038834361757,0.052986041609702626,0.028915998713784672,0.014519056256446715,0.010267352715319585,orth_gradnorms,0.0036312640416670578,0.005027500199150218,0.006901654942158055,0.008947774120256857,0.013506747981886988,0.010831682182443387,0.013828850434172143,0.0,0.017724907404319735,0.008597123849972205,0.007049643627308073,projcoords,-33.34677401201248,43.213102256953015,-31.591444402371454,44.102088842806836,-29.186897605097425,44.83763540992849,-26.37422181557909,45.357459568110386,-23.307631702371463,45.64509623644739,-20.18678209145093,45.66394749797082,-17.572282860638904,45.58263432660416,-14.064458794226194,44.99253944444283,-12.812780701291697,44.689078666246616,-10.641598982640545,44.31955803446744,-7.937148794798916,43.87997325044207,-5.835322924903029,43.58409544587774,-4.187142399600942,43.213102256953015,approx_rxn_crds,0.0,0.08299561872520989,0.17030412130590544,0.2585705317049493,0.34808959756152813,0.4378817245101244,0.518260364761152,0.6224097350557728,0.690028690777246,0.7590376565896209,0.8453412636923556,0.9239233648891978,1.0
nimgs,13,RMSF,0.0019344284462102471,AbsF,0.008148593902475517,RMSF_o,0.0011522253815954354,AbsF_o,0.006809294302917197,RMSF_CI,0.0035982256792616925,AbsF_CI,0.013889019302454926,energies,-2062.2789515101354,-2062.279642012726,-2062.279631844463,-2062.278985577469,-2062.277149606133,-2062.2712486288306,-2062.257938292839,-2062.2565284653974,-2062.243251013758,-2062.268332900886,-2062.27526301931,-2062.280819489821,-2062.2828096549856,gradnorms,0.0036982981399142304,0.005099140809266649,0.007316619033670142,0.013175312679003693,0.02201709107791949,0.01715707757002854,0.01314117115451777,0.05361235514912039,0.028822334704160256,0.014068647156585413,0.010003310652762299,orth_gradnorms,0.003617125353863972,0.004978273221276878,0.006619028470683062,0.008816111813048576,0.013524767242227991,0.010302292909420115,0.013019887756795297,0.0,0.01716777152860527,0.008154733124574095,0.006633237001309359,projcoords,-33.34677401201248,43.213102256953015,-31.589752155421813,44.100579142823925,-29.183708067162883,44.836338073438824,-26.368191552618857,45.3561425377796,-23.292276064602564,45.643057909904975,-20.15502496270411,45.660813938395776,-17.55379504857936,45.583006388833596,-14.042606076368251,44.985323632143526,-12.85303254859719,44.68499595339013,-10.677891216025763,44.315130538649335,-7.959054932215411,43.8807550706747,-5.846937784586698,43.586278289684714,-4.187142399600942,43.213102256953015,approx_rxn_crds,0.0,0.08287801095418558,0.17011037424547656,0.258330380387933,0.3479839703037441,0.4381133580936994,0.5181922290426458,0.6223789059444502,0.68924027126975,0.7582870415484182,0.8448797660621896,0.9236433196097291,1.0
nimgs,13,RMSF,0.0019321407266462078,AbsF,0.008151447959631132,RMSF_o,0.0011147079755796623,AbsF_o,0.006727866008052643,RMSF_CI,0.003625467538689827,AbsF_CI,0.014022626169424958,energies,-2062.2789515101354,-2062.2796660421654,-2062.2796790152524,-2062.27906653099,-2062.2772696255734,-2062.2713602671483,-2062.2580969172714,-2062.2567606761813,-2062.243511586971,-2062.268690389747,-2062.275354322647,-2062.280865383912,-2062.2828096549856,gradnorms,0.003536051772541223,0.005070958952227292,0.007066943161022288,0.013171127992987067,0.021927336011900365,0.016867296201346027,0.012363579955435276,0.054018249712933085,0.028788248450355845,0.014139120814450762,0.009885396774838141,orth_gradnorms,0.0034371850784664284,0.004963753303172763,0.006352764077212278,0.00863201753125975,0.013508254469003533,0.009795096645811593,0.012172604008380663,0.0,0.016608774768845588,0.008608143167292042,0.006452547614674156,projcoords,-33.34677401201248,43.213102256953015,-31.588170364858698,44.09902359747206,-29.1805783422245,44.83504456333902,-26.362126695294556,45.3548800359508,-23.276470245305777,45.641095252395935,-20.122447656281686,45.65771939041494,-17.53441531517522,45.58319054409734,-14.02238386685457,44.97850125854445,-12.894185548253926,44.681309003592474,-10.714576059847937,44.31085451253726,-7.9808376033158455,43.88160843680815,-5.858722933927881,43.588565284013235,-4.187142399600942,43.213102256953015,approx_rxn_crds,0.0,0.08275573759746106,0.16991401896090924,0.25808897581314727,0.3478869236826883,0.4383617755358432,0.5181429057942954,0.6222894108013319,0.6884191988169509,0.7575281291656678,0.8444245679122857,0.9233584799761725,1.0
nimgs,13,RMSF,0.0019354194719023072,AbsF,0.00812601908190084,RMSF_o,0.0010805649567540555,AbsF_o,0.006648277226828418,RMSF_CI,0.0036482759398653334,AbsF_CI,0.014093210707949796,energies,-2062.2789515101354,-2062.279689345073,-2062.279724755529,-2062.279143722716,-2062.277385300845,-2062.2714665440553,-2062.2582452056254,-2062.2569859749847,-2062.2436460177696,-2062.2690239743106,-2062.2754436370383,-2062.2809088430463,-2062.2828096549856,gradnorms,0.0034726326135300785,0.004838177655506003,0.006928463382932433,0.013080602474806515,0.02177606997573218,0.016566011732859258,0.011590175461855784,0.05435808723653604,0.028837100654409253,0.013972914460926184,0.00988466473279979,orth_gradnorms,0.0033622366704174882,0.00474300526978323,0.006214234367256638,0.008344582705361097,0.013463984701848649,0.00936514281437818,0.011347466427885066,0.0,0.016100055245861937,0.008657435904208225,0.006480611535155056,projcoords,-33.34677401201248,43.213102256953015,-31.586689396147122,44.0974293506307,-29.17751550121975,44.8337554758073,-26.356046376692127,45.353668659833524,-23.260230242944395,45.63921728465978,-20.089143128731614,45.654683566629586,-17.51423290693866,45.58319258832863,-14.003550896175952,44.97199917063127,-12.936043192778317,44.678048887247314,-10.751670387592084,44.30675485034428,-8.002451151145028,43.882523152832334,-5.870670018283724,43.5909396982578,-4.187142399600942,43.213102256953015,approx_rxn_crds,0.0,0.08262885406201195,0.16971474236031378,0.2578460314686481,0.3477980284291918,0.43862436527976756,0.518109582392422,0.6221490919474113,0.6875704455683567,0.7567599079957188,0.8439762240259152,0.9230700662844707,1.0
nimgs,13,RMSF,0.001943005050621916,AbsF,0.008040798949541132,RMSF_o,0.0010485572804849626,AbsF_o,0.006552151133929021,RMSF_CI,0.0036835127363484595,AbsF_CI,0.014159145410023865,energies,-2062.2789515101354,-2062.279711934246,-2062.279768755392,-2062.279217534936,-2062.2774961446053,-2062.271568553876,-2062.258383753462,-2062.257203251055,-2062.243659808102,-2062.2693342928465,-2062.2755324842647,-2062.2809506590283,-2062.2828096549856,gradnorms,0.0035270690142196626,0.004624287388244638,0.006820522903441586,0.0129385708997617,0.02157675420253777,0.016303278424478422,0.010964744612770161,0.054883103679573116,0.02895012323180654,0.013347241855825835,0.009741629396013085,orth_gradnorms,0.003409896368241207,0.004541036988421105,0.006113448127659365,0.008007256354377991,0.013407800243538449,0.009097514101974704,0.010702841750290631,0.0,0.015623151610404366,0.007947952558385197,0.006321473879499019,projcoords,-33.34677401201248,43.213102256953015,-31.585298180286756,44.09580450323836,-29.174519642389704,44.8324762638704,-26.349968520127717,45.35250559279002,-23.24357859791779,45.63742902235717,-20.05520300092585,45.651728118513134,-17.49334526669773,45.58302044297393,-13.985907410038507,44.965759709462496,-12.978431955777761,44.675226200388984,-10.789186610729939,44.302854239830026,-8.023863811887068,43.88348156021066,-5.882759732553829,43.59339070669702,-4.187142399600942,43.213102256953015,approx_rxn_crds,0.0,0.08249761205926492,0.1695124415818195,0.2576015370305226,0.34771713170334856,0.43889900956582123,0.5180901983011937,0.6219654441072572,0.6866991002130209,0.7559818730753819,0.8435356086901267,0.9227789306811092,1.0
nimgs,13,RMSF,0.0019529558187457716,AbsF,0.007911133275951398,RMSF_o,0.0010160172117656037,AbsF_o,0.006415617417289348,RMSF_CI,0.0037413732092687357,AbsF_CI,0.0142695280568859,energies,-2062.2789515101354,-2062.279734072764,-2062.279810838052,-2062.279288386112,-2062.277601529599,-2062.2716672218608,-2062.2585140022043,-2062.257411190737,-2062.243558623352,-2062.2696220188445,-2062.2756181569157,-2062.280990548866,-2062.2828096549856,gradnorms,0.0034544945930489934,0.004599146833997618,0.0065834207947627725,0.012815922840851365,0.02128935049856918,0.0160372169421762,0.010634863487922575,0.055745205309600504,0.029098386337630455,0.012959608352063712,0.009592230970338527,orth_gradnorms,0.0033271361930926543,0.004530140897159847,0.00587062152264532,0.0077383755046417,0.013269970960781427,0.008908876384955673,0.010394074467784493,0.0,0.015138315506095032,0.007621102237373348,0.006177397913782314,projcoords,-33.34677401201248,43.213102256953015,-31.583990893554727,44.094153023495494,-29.171587660326207,44.831212745719085,-26.34390383473886,45.35139086080777,-23.22654555155878,45.63573257623322,-20.020721490610953,45.64887359606797,-17.47185367104263,45.582685235182076,-13.969395749215002,44.95977565527858,-13.02120571634665,44.67284289654278,-10.827132883617193,44.299175748493994,-8.045056413572231,43.88446147735687,-5.894961207451479,43.5959148154606,-4.187142399600942,43.213102256953015,approx_rxn_crds,0.0,0.08236259214142469,0.16930772434134303,0.2573564560369173,0.34764525223603515,0.43918514346133936,0.5180846605010349,0.6217438370267417,0.6858088884125761,0.755193218116931,0.8431034005308523,0.9224852929991743,1.0
nimgs,13,RMSF,0.0019663031526988787,AbsF,0.007774993701839221,RMSF_o,0.000985861786985395,AbsF_o,0.006226854218555686,RMSF_CI,0.003823018362103215,AbsF_CI,0.014447445690515214,energies,-2062.2789515101354,-2062.2797556946393,-2062.2798514075353,-2062.2793560689365,-2062.277701361778,-2062.271762841507,-2062.258637489661,-2062.2576088525284,-2062.2433473985516,-2062.269887354524,-2062.2757004322457,-2062.281028254428,-2062.2828096549856,gradnorms,0.0033219731440670493,0.00451128210366944,0.006365521792780866,0.012705126792923042,0.020884795220828388,0.015681466923433907,0.010459337896782576,0.05696169068882343,0.02929725713451019,0.012840167701415156,0.009550017411474834,orth_gradnorms,0.0031826909158784154,0.00445399736091251,0.005650754018407756,0.007531925371271244,0.01300001392176536,0.00863218502182778,0.010270303484775704,0.0,0.014689009796253937,0.007735555658529931,0.006223084736636307,projcoords,-33.34677401201248,43.213102256953015,-31.582768050101812,44.09247415322095,-29.16872078433604,44.82996652050014,-26.337854747804027,45.350326757656696,-23.209166424253244,45.634129021567425,-19.985799099999166,45.64613701340354,-17.449858903443115,45.582201482146345,-13.954113968904501,44.95409696733599,-13.064240412671122,44.67090051757236,-10.865515873146773,44.295742512494925,-8.066014184541599,43.885443188150354,-5.907240194477451,43.598511493416964,-4.187142399600942,43.213102256953015,approx_rxn_crds,0.0,0.0822247669352104,0.16910201820442342,0.25711295510260956,0.3475848698851114,0.43948406795150896,0.5180950949188715,0.6214873757643713,0.6849013429163928,0.7543921520479809,0.8426795569428729,0.9221888615605822,1.0
nimgs,13,RMSF,0.0019838260218311313,AbsF,0.007662403302939959,RMSF_o,0.0009608455270715648,AbsF_o,0.005996147246793663,RMSF_CI,0.003924152020390506,AbsF_CI,0.014689423147481532,energies,-2062.2789515101354,-2062.279776626606,-2062.279890598071,-2062.2794205222426,-2062.2777958934166,-2062.2718548294592,-2062.25875488925,-2062.257796492202,-2062.2430295673385,-2062.270130510955,-2062.2757810845897,-2062.2810643673556,-2062.2828096549856,gradnorms,0.0033256137261346193,0.004283522809475352,0.006279527323662203,0.012541209366687876,0.020404224575742987,0.015257268213111803,0.01012006225524582,0.05846854825945267,0.02955834200435711,0.012471628459708901,0.009432806350038951,orth_gradnorms,0.0031813982069584857,0.004235005607380731,0.005581113799257774,0.007277772857102276,0.012660060040075688,0.008296129171405056,0.00999515987890589,0.0,0.01431627591835049,0.0074150630654084455,0.006176659321047195,projcoords,-33.34677401201248,43.213102256953015,-31.581632643430854,44.090765439648884,-29.165927533172677,44.828733773246334,-26.331820674103433,45.34931525682048,-23.191477146073336,45.63261965716151,-19.950543249309902,45.643530996318084,-17.427459121264803,45.581585996469954,-13.940114763345916,44.94875911363503,-13.107429547895723,44.66940257428427,-10.904342043047777,44.29257504776967,-8.086720047728662,43.886414955034915,-5.919568645552875,43.60117628601332,-4.187142399600942,43.213102256953015,approx_rxn_crds,0.0,0.08208502846887016,0.16889657505998568,0.2568729140482498,0.3475379471480564,0.4397964465710155,0.5181227761018211,0.6211994717529359,0.6839772368429016,0.7535768665459547,0.842263743878694,0.9218895744130374,1.0
nimgs,13,RMSF,0.0020032841183038564,AbsF,0.007579821926842705,RMSF_o,0.0009375042038733399,AbsF_o,0.005751758397532641,RMSF_CI,0.004037754164498663,AbsF_CI,0.014975547684981518,energies,-2062.2789515101354,-2062.2797970169386,-2062.279928133003,-2062.279482225273,-2062.2778851198827,-2062.271942398345,-2062.258866405877,-2062.257975222948,-2062.2426079533493,-2062.270352135046,-2062.2758593436747,-2062.281099197885,-2062.2828096549856,gradnorms,0.0033404858378428747,0.004169081662278533,0.0061379900005768115,0.01235220117265201,0.019897480190084332,0.014839873527612566,0.009617312143606697,0.06016118208471006,0.029848261112164605,0.012051500436349318,0.009200636450460731,orth_gradnorms,0.0031934027333203403,0.004129581034161191,0.005450018050857337,0.007019321102958219,0.012325853136199409,0.008028867255901352,0.009556052618673283,0.0,0.013968498035443934,0.006985063223915274,0.00597389993704062,projcoords,-33.34677401201248,43.213102256953015,-31.580584429367562,44.08902702592069,-29.16322007868854,44.827508235378545,-26.325804811605067,45.348355567378036,-23.17351162948048,45.63120597664986,-19.91506487374203,45.64106435299091,-17.404750603315577,45.58085616078377,-13.927240009234591,44.94371807044711,-13.150681663368395,44.66835257540537,-10.943614859282153,44.289688491262716,-8.10715303706792,43.88737368013251,-5.931928249096654,43.60389655545053,-4.187142399600942,43.213102256953015,approx_rxn_crds,0.0,0.08194369693063491,0.168691447913206,0.2566363627779243,0.3475038650928806,0.4401197392127163,0.5181650503709748,0.6208853622994761,0.6830385750938615,0.7527469688983737,0.8418560836159316,0.9215882593636686,1.0
nimgs,13,RMSF,0.002022842723221728,AbsF,0.007514324271104577,RMSF_o,0.0009127490491031619,AbsF_o,0.005524511368024453,RMSF_CI,0.004156079199259619,AbsF_CI,0.01528269136461657,energies,-2062.2789515101354,-2062.2798170094748,-2062.27996410103,-2062.279541354255,-2062.277969045368,-2062.272025096908,-2062.2589725448693,-2062.2581458398254,-2062.2420861004925,-2062.2705528755637,-2062.275934098484,-2062.2811325539,-2062.2828096549856,gradnorms,0.003244635766549046,0.0041639142676028595,0.0059136893657164655,0.01219248833276444,0.01936912836197145,0.014402295549550706,0.009245399278116595,0.06192418539581366,0.03013967776207675,0.011936309777725857,0.008985868501274892,orth_gradnorms,0.0030908567358445163,0.004133040092165376,0.0052258798282289005,0.0068502328579644394,0.011999483592457958,0.007767623464851522,0.009232125293220123,0.0,0.013599654536560743,0.007056652988586732,0.005813311265761692,projcoords,-33.34677401201248,43.213102256953015,-31.579616645741503,44.087264084327145,-29.160606898072196,44.82628613161413,-26.31981642441953,45.34744376745642,-23.155302963404573,45.62988863138334,-19.879472318963973,45.63874304800445,-17.381829426401204,45.58002837981122,-13.915250047430497,44.93889333732152,-13.193917671917372,44.66775049092431,-10.983331305999203,44.28709164556571,-8.12729056675715,43.888320974569304,-5.944305980199561,43.60665299743941,-4.187142399600942,43.213102256953015,approx_rxn_crds,0.0,0.08180079234489863,0.1684860631099183,0.2564023380588077,0.3474805966163668,0.44044977744914443,0.518217233591462,0.6205504451662692,0.6820880979277941,0.7519029892149529,0.841456860864779,0.9212863267117205,1.0
nimgs,13,RMSF,0.0020432918392288566,AbsF,0.007631584583888473,RMSF_o,0.0008891233411728313,AbsF_o,0.005330937537300434,RMSF_CI,0.004273475802931876,AbsF_CI,0.015594233339546081,energies,-2062.2789515101354,-2062.279836494606,-2062.279998856023,-2062.2795977408014,-2062.278048093208,-2062.272102614092,-2062.25907368451,-2062.258308131066,-2062.2414683860093,-2062.2707330859607,-2062.276006720479,-2062.2811644850212,-2062.2828096549856,gradnorms,0.0031832424021854067,0.004067901353347215,0.005759428960315069,0.0120290337565777,0.01882152179910399,0.01389748492017145,0.009058426095029876,0.06367335539525322,0.03044436272838622,0.011823890866802127,0.008804211356241761,orth_gradnorms,0.003025701048670428,0.004043578949690035,0.0050811623869340145,0.006709172031588993,0.011678150760603325,0.007410611586137383,0.009057010777171626,0.0,0.013247639416578007,0.007106642315147988,0.0057186702898269605,projcoords,-33.34677401201248,43.213102256953015,-31.57871740121483,44.08548580850751,-29.1580875266015,44.825069613660084,-26.313867241018436,45.34657491232666,-23.13688653828075,45.62866629300804,-19.84386566046382,45.636570572231626,-17.358791491653783,45.579117183388604,-13.904032553835137,44.93424721106384,-13.237069040899687,44.66759028727732,-11.023480954870788,44.28478827035093,-8.147113537083477,43.889257424032586,-5.956685887016599,43.6094257340048,-4.187142399600942,43.213102256953015,approx_rxn_crds,0.0,0.0816566398438373,0.1682805014549184,0.2561708136407326,0.34746731671565734,0.44078417233346867,0.5182767212266834,0.6201986449686684,0.681127468956525,0.7510448968512022,0.8410657525375826,0.9209849399646678,1.0
nimgs,13,RMSF,0.002065302145488438,AbsF,0.007748645460185158,RMSF_o,0.000869186490037414,AbsF_o,0.005165121342619804,RMSF_CI,0.004388585032471159,AbsF_CI,0.015903054780261563,energies,-2062.2789515101354,-2062.2798554569445,-2062.2800324449813,-2062.279651524299,-2062.2781227525456,-2062.272174652787,-2062.2591696113072,-2062.2584612411856,-2062.2407590918333,-2062.2708931763786,-2062.2760783186873,-2062.281195210607,-2062.2828096549856,gradnorms,0.0032028560043922453,0.003939132203759176,0.005684952498392049,0.011828719761533655,0.01827980490601986,0.013390692517502256,0.008819895976822006,0.06538844428769532,0.030772308905561995,0.011528481356079293,0.008617619031931326,orth_gradnorms,0.003047128535502381,0.003920098149952534,0.005027104879938766,0.0065309926103082365,0.011394643156873002,0.00706702256862912,0.00877759856321253,0.0,0.012950587024954129,0.006824031315869568,0.005629452413038942,projcoords,-33.34677401201248,43.213102256953015,-31.577874566310236,44.083701799968786,-29.15565380067601,44.823866265108684,-26.30796558689125,45.34574629319209,-23.118301527169592,45.627535388546654,-19.808334420957134,45.63454745754257,-17.3357300122507,45.57813511993548,-13.893575260430062,44.9297761054887,-13.280078267043823,44.66786006055165,-11.064046745054345,44.28277968535073,-8.166612340170124,43.89017819458394,-5.9690440405101,43.61220062692288,-4.187142399600942,43.213102256953015,approx_rxn_crds,0.0,0.0815118507979059,0.16807549075295547,0.2559426830293598,0.34746438604191277,0.4411223350931421,0.5183430915472131,0.6198331565532889,0.6801574647124582,0.750172283203344,0.8406821074976843,0.920684757791219,1.0
nimgs,13,RMSF,0.002088204733774476,AbsF,0.007857814040379512,RMSF_o,0.0008523490524096658,AbsF_o,0.005004081780891874,RMSF_CI,0.004503886896818389,AbsF_CI,0.016209521815583154,energies,-2062.2789515101354,-2062.2798740441804,-2062.280064814703,-2062.2797031263035,-2062.278193284191,-2062.272241199275,-2062.259260201573,-2062.258604243053,-2062.2399616637967,-2062.2710337568415,-2062.2761483457352,-2062.2812247932293,-2062.2828096549856,gradnorms,0.003159033440942668,0.003884442672164288,0.005599998242679548,0.011617650780767355,0.017747082117893512,0.012948649941039147,0.008513109468492298,0.06710640337413255,0.031113549785505103,0.011314093275816312,0.008442096377517127,orth_gradnorms,0.003003108016764124,0.0038700812602136853,0.00496089435727251,0.006357811670558835,0.011146037454571682,0.006852366682157628,0.0083624618009402,0.0,0.01269971485451116,0.006651261757089785,0.005566336154097104,projcoords,-33.34677401201248,43.213102256953015,-31.57708067635379,44.081918328266376,-29.15329670704123,44.82268504261473,-26.3021133736636,45.34495969977439,-23.099589182159775,45.6264911855267,-19.77295950669009,45.63267053972998,-17.312731340872524,45.5770932892758,-13.883815194820716,44.92545013625009,-13.32289991729792,44.66854448644063,-11.105006488177764,44.28106702913335,-8.18578972780085,43.89107203872337,-5.981350741908656,43.61497167418416,-4.187142399600942,43.213102256953015,approx_rxn_crds,0.0,0.08136686764655318,0.16787147765598223,0.25571837511657275,0.3474714789127386,0.4414630455340828,0.5184152755054776,0.6194575728558246,0.6791794804795023,0.7492856199787568,0.8403058082777934,0.9203862435018652,1.0
nimgs,13,RMSF,0.0021117707982353405,AbsF,0.00795949652742918,RMSF_o,0.0008388503153245217,AbsF_o,0.0048234621131715075,RMSF_CI,0.004623247332223274,AbsF_CI,0.016518537843595117,energies,-2062.2789515101354,-2062.2798922504226,-2062.280096097585,-2062.2797528375686,-2062.278259945771,-2062.2723025527835,-2062.259345927778,-2062.2587358840465,-2062.2390786401256,-2062.2711553884496,-2062.276216758296,-2062.2812532598214,-2062.2828096549856,gradnorms,0.0030679707299345045,0.0038184746908370933,0.005463561585412305,0.011424088412768946,0.017197131160350706,0.012533933367837792,0.008350984262057513,0.0688848338073769,0.03146467623780761,0.01123438222597265,0.008281915512495694,orth_gradnorms,0.002910477820993613,0.003807846364707664,0.004835984427766186,0.006238172896038375,0.010883943873766008,0.006683328263710063,0.00801679638432979,0.0,0.01249858820177107,0.00668097109793355,0.005532598519550936,projcoords,-33.34677401201248,43.213102256953015,-31.576334479154774,44.08013689258929,-29.151013436599126,44.82153144504043,-26.296308429880234,45.34422111832375,-23.080789399969053,45.62552986403969,-19.737817557814907,45.63093289858258,-17.28987081672544,45.576002137599836,-13.874670423428238,44.92122665448972,-13.365499594578289,44.669628009609355,-11.146335275620576,44.27965194614205,-8.204658504993846,43.89192420753528,-5.9935777411797,43.617738319187566,-4.187142399600942,43.213102256953015,approx_rxn_crds,0.0,0.08122200863317959,0.16766870746887957,0.25549802392894566,0.34748781992681704,0.44180463172644174,0.5184917738775366,0.6190751736183664,0.6781949536767019,0.7483857948667125,0.8399369368935478,0.9200897020050889,1.0
nimgs,13,RMSF,0.0021359961511722664,AbsF,0.008053261748296514,RMSF_o,0.0008293386330952083,AbsF_o,0.004613618458234675,RMSF_CI,0.004749788337073837,AbsF_CI,0.016849012948533363,energies,-2062.2789515101354,-2062.279909983058,-2062.2801263721217,-2062.2798006927615,-2062.278323185625,-2062.272359043084,-2062.2594273617924,-2062.258854516846,-2062.2381118384715,-2062.2712586189537,-2062.2762842637085,-2062.281280734548,-2062.2828096549856,gradnorms,0.003050683412072314,0.003703846748140512,0.005329022665753591,0.011238971004149572,0.016624070714193133,0.012110100651665387,0.008373915617703917,0.07077025231574766,0.031825625867163206,0.01109663909032972,0.008118077213430748,orth_gradnorms,0.002896653904213763,0.0036960865307245887,0.004712733273457228,0.006152232253219128,0.010594065531428111,0.006481074211356806,0.007786248117850794,0.0,0.01235686732842992,0.00658657152984225,0.005497710965029815,projcoords,-33.34677401201248,43.213102256953015,-31.575638247345438,44.07835584747405,-29.148809400799912,44.82040506148634,-26.29055001471037,45.34353792425771,-23.061938244871556,45.62465048646593,-19.70298450421742,45.629325009410614,-17.267210470928962,45.574872089948634,-13.866142260324262,44.91709772882892,-13.407851064827241,44.6710973538714,-11.188007308064893,44.27853565968609,-8.223235785412676,43.89272193366313,-6.005704174506406,43.62049998448961,-4.187142399600942,43.213102256953015,approx_rxn_crds,0.0,0.08107775154125313,0.16746778516047248,0.2552823566631889,0.34751342236323407,0.4421464320226753,0.5185723771804652,0.6186878645154632,0.6772039538196036,0.7474728869600377,0.8395748962459627,0.9197952245337583,1.0
nimgs,13,RMSF,0.0021597495238714843,AbsF,0.008139028848590104,RMSF_o,0.000821330830225323,AbsF_o,0.004385778419032653,RMSF_CI,0.004885082206779305,AbsF_CI,0.017361763312207755,energies,-2062.2789515101354,-2062.279927311805,-2062.2801555874794,-2062.279846724943,-2062.2783834968513,-2062.2724109840137,-2062.259504815115,-2062.2589587563903,-2062.237062481042,-2062.2713441774117,-2062.276350808379,-2062.281307409782,-2062.2828096549856,gradnorms,0.0030508112405729735,0.0036293355296671786,0.00523967816607155,0.011037279950547837,0.01605133997239387,0.011710891191701892,0.00847211442632157,0.07278608557322046,0.03217954314936135,0.010882407215948374,0.007920747043215567,orth_gradnorms,0.002902076335206688,0.003623897676531647,0.004640221018873525,0.006050727951055718,0.010308487837403133,0.006302503094434077,0.00756603902962224,0.0,0.012237553752881056,0.006337204075800283,0.0054157913134219105,projcoords,-33.34677401201248,43.213102256953015,-31.574993034851182,44.07657374439688,-29.146694110131712,44.819300882625754,-26.28484287536295,45.34291524294797,-23.043068062163627,45.6238556585432,-19.668535762188498,45.627836843183935,-17.244799655585837,45.57371368415055,-13.858275362017974,44.9130765069902,-13.449933722783364,44.672942701062425,-11.229995609453502,44.277717294831035,-8.241537018100294,43.89345944733937,-6.0177167218788075,43.6232517816126,-4.187142399600942,43.213102256953015,approx_rxn_crds,0.0,0.08093460441445273,0.1672693900821926,0.255072255733309,0.34754854804621843,0.44248806604592217,0.5186573004289269,0.6182964559003578,0.676205680111839,0.7465464354294836,0.839218498575231,0.9195030232765737,1.0
nimgs,13,RMSF,0.002181932161056139,AbsF,0.008218444712411984,RMSF_o,0.0008120794909494655,AbsF_o,0.004164753799595998,RMSF_CI,0.005029159394262457,AbsF_CI,0.017897850049378827,energies,-2062.2789515101354,-2062.279944326826,-2062.2801837961715,-2062.279891105876,-2062.278441198551,-2062.2724588420087,-2062.259578619863,-2062.259047824791,-2062.235931299484,-2062.271412805473,-2062.276415671965,-2062.281333389171,-2062.2828096549856,gradnorms,0.002985842286854639,0.0035977175730270757,0.005136889367995165,0.010824979711649906,0.015498737697352244,0.011356719211894458,0.008658193018926947,0.07493278731812548,0.032510056999490895,0.010723027714680164,0.007674929816293599,orth_gradnorms,0.002839824674030172,0.003594092678719155,0.0045520826646495,0.005942201579490366,0.0100530799392298,0.006180586905706132,0.007383838764660949,0.0,0.012099711902182007,0.006157388051950873,0.00526348805835933,projcoords,-33.34677401201248,43.213102256953015,-31.57439531214031,44.07479202373268,-29.14467438638677,44.81821319872871,-26.279196851737076,45.34235368515662,-23.024209651084384,45.623150336806496,-19.63454278279948,45.62646001803446,-17.22267779146925,45.572537081432955,-13.851075902825263,44.90915907995875,-13.49173140999751,44.67515744534112,-11.272271152595003,44.27719250733278,-8.259573000688228,43.89413926363501,-6.02960472603423,43.62598409554462,-4.187142399600942,43.213102256953015,approx_rxn_crds,0.0,0.08079286602334607,0.1670737790249959,0.254867972256341,0.34759267928485904,0.4428281771016473,0.5187456804082494,0.6179015001444548,0.6751997040460822,0.7456063500787865,0.8388665688804835,0.9192137234312787,1.0
nimgs,13,RMSF,0.0022028995524155963,AbsF,0.008295071934500397,RMSF_o,0.0008025636164258601,AbsF_o,0.003973596725778671,RMSF_CI,0.005180892654414601,AbsF_CI,0.01840757046036631,energies,-2062.2789515101354,-2062.279960979283,-2062.2802111348415,-2062.279933926503,-2062.278496505435,-2062.2725032394546,-2062.2596492410926,-2062.259121509262,-2062.234718644103,-2062.2714650257485,-2062.276478635437,-2062.28135859504,-2062.2828096549856,gradnorms,0.00292983280864421,0.0035305084848583465,0.005009800581607834,0.010620809207798012,0.014978232833926285,0.011019832851022392,0.0089939233494448,0.07719356197661766,0.0328224640946302,0.010653059828057676,0.00744170156646413,orth_gradnorms,0.002787728231787594,0.0035281882936882528,0.004436012771636239,0.005859129433148815,0.009841155509878213,0.006060709467967767,0.007335679761467135,0.0,0.011957928565062729,0.006112093991731199,0.0051287654727165625,projcoords,-33.34677401201248,43.213102256953015,-31.57383708914455,44.07301537925753,-29.142749932779452,44.817139319960155,-26.27362292350989,45.3418497270415,-23.00539448461866,45.62253934260168,-19.6010680844116,45.625189042031145,-17.200877059767322,45.57135125787551,-13.844520388581927,44.90532629286465,-13.533232100242042,44.677736954147676,-11.314803484116837,44.27695316813498,-8.277351822722462,43.8947686199286,-6.041354877334946,43.62868575416885,-4.187142399600942,43.213102256953015,approx_rxn_crds,0.0,0.08065267784706369,0.16688090226235414,0.2546692764370428,0.3476447273115183,0.44316481726681733,0.5188359950930167,0.6175034965666014,0.6741861793963061,0.7446530595306945,0.8385181781446136,0.9189281879953266,1.0
nimgs,13,RMSF,0.002223519644465224,AbsF,0.008373063853051633,RMSF_o,0.0007952495924732565,AbsF_o,0.0038202376915087285,RMSF_CI,0.00533865056726148,AbsF_CI,0.01886380019726655,energies,-2062.2789515101354,-2062.2799772486287,-2062.280237631693,-2062.2799751838043,-2062.2785496738074,-2062.272544866673,-2062.2597170226218,-2062.2591804282397,-2062.2334245245997,-2062.271501247669,-2062.276540124715,-2062.2813830248942,-2062.2828096549856,gradnorms,0.00292560532266936,0.003447123908227808,0.004914429492851369,0.010410550331882725,0.014503374472355234,0.010690502953911116,0.009422494138022892,0.07954410193854308,0.03312969654659777,0.010574667651394176,0.007270965226910297,orth_gradnorms,0.002790611427795317,0.0034457294272047657,0.004355283677741565,0.005774103678493189,0.009687710115691795,0.005925491889449518,0.007382224869923322,0.0,0.011848952062567029,0.0060326093914600185,0.005082292155467087,projcoords,-33.34677401201248,43.213102256953015,-31.573309049174497,44.071249818286034,-29.140913940558256,44.81608075879586,-26.268129140924366,45.341398246482896,-22.986655219731716,45.622024985138566,-19.568161838454653,45.624021192734155,-17.179423484346046,45.57016358143635,-13.838571303180872,44.901550266582625,-13.574427870711618,44.680677152639724,-11.35756240405706,44.27698825080919,-8.294884352289342,43.895353338400014,-6.052949798663805,43.631348125486134,-4.187142399600942,43.213102256953015,approx_rxn_crds,0.0,0.08051409803853736,0.16669056714589015,0.2544756958418418,0.34770333265063996,0.443495948070019,0.5189266281589586,0.617102999775704,0.6731658309655634,0.7436875199712845,0.8381728046113079,0.9186472360436837,1.0
nimgs,13,RMSF,0.002244049341611453,AbsF,0.008455072783366435,RMSF_o,0.0007909722226451939,AbsF_o,0.0036941757934903386,RMSF_CI,0.00550102477953343,AbsF_CI,0.019272523475333724,energies,-2062.2789515101354,-2062.279993213511,-2062.280263275742,-2062.2800149730137,-2062.2786009017796,-2062.272584491148,-2062.2597821397612,-2062.2592259006424,-2062.232048567853,-2062.2715219256606,-2062.27660034647,-2062.2814068799867,-2062.2828096549856,gradnorms,0.0028962953894172746,0.0034071818831651205,0.00483446275019787,0.010182682977883122,0.014072572134968375,0.010385068132758688,0.0098504040607648,0.08196342321279088,0.03343558214483888,0.01046353911719525,0.007112844462378659,orth_gradnorms,0.002767580042279897,0.003406430976764875,0.004291380366114296,0.005665432909563808,0.009584280488175693,0.005806417192671458,0.007423345124283145,0.0,0.011785220687504061,0.005876373180543486,0.005049453629610664,projcoords,-33.34677401201248,43.213102256953015,-31.572804275346826,44.06949993965006,-29.13915753393577,44.81504144058041,-26.262719100318364,45.340995410845636,-22.968024370085278,45.621606145358065,-19.535861982678355,45.62295530408889,-17.15833652604758,45.568980297138616,-13.833159155042148,44.89778175247645,-13.615314833377894,44.68397350662154,-11.400519435620971,44.277285410707094,-8.312188761135918,43.89589340994064,-6.064371260805879,43.633967283366374,-4.187142399600942,43.213102256953015,approx_rxn_crds,0.0,0.08037707917959368,0.1665023986274822,0.2542864597576212,0.34776676050591504,0.4438193462431578,0.5190157509252131,0.616701071084129,0.6721400524045542,0.7427113142762715,0.8378304690308132,0.9183715142834689,1.0
nimgs,13,RMSF,0.0022643943424076832,AbsF,0.008540792102323187,RMSF_o,0.0007895125416273314,AbsF_o,0.003574587731520771,RMSF_CI,0.005667356593823301,AbsF_CI,0.019659404994525637,energies,-2062.2789515101354,-2062.2800088921636,-2062.2802881510192,-2062.280053422207,-2062.2786502713075,-2062.2726229209125,-2062.2598447583123,-2062.2592591707635,-2062.230589971751,-2062.2715275257815,-2062.2766591344543,-2062.2814302788875,-2062.2828096549856,gradnorms,0.0028335131954557286,0.003365674391761259,0.004743032484437162,0.009954341970970693,0.013660731225229412,0.010100150303215616,0.010261443970195924,0.08444171142903634,0.033738715829444356,0.01041848998596488,0.0069445867166277936,orth_gradnorms,0.0027098930441301254,0.003365329535520972,0.004213874867208231,0.00556345180061432,0.00948927007402098,0.0056985679903211305,0.007446283891408825,0.0,0.011763471930169273,0.005819990927334975,0.004997062559351744,projcoords,-33.34677401201248,43.213102256953015,-31.572319996085817,44.06776733232881,-29.137474521455793,44.81402450143679,-26.25739312464838,45.34064008663608,-22.94953244675188,45.621279211311304,-19.504197612272872,45.621990248596944,-17.137628295642557,45.567807655791626,-13.828189894465034,44.89394883083229,-13.655892708723872,44.68762047471009,-11.44364882163289,44.27783240110366,-8.329290033440563,43.89638340091266,-6.075604918782796,43.63654310689302,-4.187142399600942,43.213102256953015,approx_rxn_crds,0.0,0.08024151023329792,0.16631592364219053,0.254100645221811,0.3478330822223861,0.44413276974823346,0.5191015216051572,0.6162993996217756,0.6711105202425621,0.741726326044929,0.8374914992899221,0.9181014557661964,1.0
nimgs,13,RMSF,0.002284355259104109,AbsF,0.008627208249984357,RMSF_o,0.0007902611585087919,AbsF_o,0.0034598844791827754,RMSF_CI,0.00583782899527472,AbsF_CI,0.02004848739289325,energies,-2062.2789515101354,-2062.2800242405137,-2062.2803123197036,-2062.2800906009384,-2062.2786978795,-2062.27266084128,-2062.259905037866,-2062.2592808998484,-2062.2290475637187,-2062.271518492794,-2062.2767166685826,-2062.2814532288608,-2062.2828096549856,gradnorms,0.0028049404067509664,0.0032855413234492677,0.004653390889768744,0.009731773742418506,0.013243739400475832,0.009826549396065453,0.010688226324604366,0.08698169300451443,0.034036126789851476,0.010422609553618607,0.0067994595698583635,orth_gradnorms,0.002688273288958547,0.0032854243117398135,0.004137656602438118,0.005478359543469126,0.009366244287833985,0.0055860984201271035,0.007505109985717786,0.0,0.011774626070486488,0.005836184985593836,0.004971160355222016,projcoords,-33.34677401201248,43.213102256953015,-31.57185635895073,44.066051079119944,-29.135863372800493,44.813029977305774,-26.252150665532582,45.34033310391517,-22.93120687276742,45.62104006733237,-19.473193533763514,45.62112394493469,-17.11730355360619,45.56665277610414,-13.823578853427115,44.889973518692095,-13.696163821273998,44.691611303056284,-11.486927897181442,44.27861763895259,-8.346214527779246,43.89681713478778,-6.086642412134173,43.6390763559497,-4.187142399600942,43.213102256953015,approx_rxn_crds,0.0,0.08010730638773078,0.16613074666959507,0.253917460920433,0.3479005647319004,0.44443432439379876,0.5191825195659382,0.6158998450548232,0.6700785763804757,0.7407341789116182,0.8371560891468298,0.9178373366729893,1.0
nimgs,13,RMSF,0.0023034328108084427,AbsF,0.008710398733722235,RMSF_o,0.0007916660490972512,AbsF_o,0.0036405813049372993,RMSF_CI,0.006013076308076169,AbsF_CI,0.020449656817206733,energies,-2062.2789515101354,-2062.280039284974,-2062.280335753284,-2062.280126563105,-2062.2787438680775,-2062.2726987101787,-2062.259963092968,-2062.259291197075,-2062.227420008097,-2062.271495287724,-2062.2767733120672,-2062.2814758541467,-2062.2828096549856,gradnorms,0.0027966987068710463,0.0032298923379184457,0.004562972103504038,0.009505692090936487,0.012817003894743993,0.009571430261855437,0.011153495662090097,0.08959281915677068,0.03432037590831097,0.01036595246779171,0.006640340977800336,orth_gradnorms,0.0026879603229446997,0.0032298768024838216,0.004059837242705222,0.0053921630886792525,0.009209124205593779,0.0054818778516341,0.007645155125387779,0.0,0.011795558468809428,0.00572912409600903,0.004920285405200339,projcoords,-33.34677401201248,43.213102256953015,-31.571413371545695,44.06434982244775,-29.134325646049213,44.81205483329707,-26.246992311967404,45.34007518726104,-22.913072030676133,45.62088577092332,-19.44287340335096,45.620353300582074,-17.097361145953208,45.56552344249637,-13.819273146172407,44.88578606294387,-13.736131578632346,44.695938049684386,-11.53033658356157,44.279629808322056,-8.362983705264288,43.89719287254955,-6.097479246477246,43.641565911153734,-4.187142399600942,43.213102256953015,approx_rxn_crds,0.0,0.07997445474083205,0.16594663416575733,0.25373637709597596,0.34796786755311937,0.4447225946890793,0.5192578829113401,0.6155039499944577,0.6690449377567306,0.7397359288555286,0.8368240240841058,0.9175794218659594,1.0
nimgs,13,RMSF,0.0023211593563391406,AbsF,0.00878764025985388,RMSF_o,0.000792227264384831,AbsF_o,0.003802793765138415,RMSF_CI,0.006193540251346916,AbsF_CI,0.0208599632773269,energies,-2062.2789515101354,-2062.280054083041,-2062.2803584819353,-2062.280161349439,-2062.2787883451774,-2062.272736793608,-2062.2600190513867,-2062.259289806483,-2062.2257060985535,-2062.2714583448274,-2062.2768289117007,-2062.2814982484238,-2062.2828096549856,gradnorms,0.0027577756905209022,0.003213645419200122,0.0044777508162635446,0.009275246545259026,0.012388688748035085,0.009334949738274896,0.011649220210903784,0.09228167135245267,0.03458449548814617,0.010294847385108902,0.006429179153257231,orth_gradnorms,0.0026557392742392084,0.003213641419575554,0.003987119633793095,0.005301915154078727,0.009030104608985916,0.005386191407947624,0.007866874780673593,0.0,0.011803920388264968,0.0055815053135490345,0.004793841367635424,projcoords,-33.34677401201248,43.213102256953015,-31.57098827648241,44.062663828344206,-29.132862380578317,44.811095061320486,-26.2419205388276,45.33986512603776,-22.8951500632894,45.62081494885425,-19.41325994484947,45.61967489562663,-17.0777965793096,45.56442678033995,-13.815254758562116,44.88132903189411,-13.77579881095885,44.700591713004385,-11.573856522335495,44.28085703628053,-8.37961146334821,43.89751502715668,-6.1081106881490665,43.644007918902936,-4.187142399600942,43.213102256953015,approx_rxn_crds,0.0,0.07984301810258251,0.165763519980577,0.2535571216727003,0.34803405852811115,0.44499661969090487,0.5193272353421923,0.6151127924935484,0.6680097923544183,0.7387321048194502,0.8364946962940819,0.9173280635219092,1.0
nimgs,13,RMSF,0.002337670241467553,AbsF,0.008858547273935686,RMSF_o,0.0007922276761346985,AbsF_o,0.003936713736337213,RMSF_CI,0.006378919232314814,AbsF_CI,0.02180905155144562,energies,-2062.2789515101354,-2062.280068627927,-2062.2803806095267,-2062.280195010876,-2062.278831376955,-2062.2727752270507,-2062.260073051524,-2062.259276247177,-2062.22390502707,-2062.2714079827338,-2062.276883228371,-2062.2815203189384,-2062.2828096549856,gradnorms,0.00271339570523628,0.0031737300372415536,0.004407737457439099,0.009046571374129377,0.011971330967863507,0.009109203325876314,0.012140482551683238,0.09504375596046208,0.03483050213593165,0.010294067401889328,0.0062302703967513804,orth_gradnorms,0.002617881966378445,0.0031736804520442288,0.003930681886598085,0.005216787504400983,0.008846861987068924,0.005286338911228969,0.008124147862652944,0.0,0.011803926523199821,0.005551267409886626,0.004678671569060861,projcoords,-33.34677401201248,43.213102256953015,-31.570575082721927,44.060995637713326,-29.13147094833561,44.810148204536766,-26.236939111958343,45.33969936409744,-22.877461849281786,45.62082692303911,-19.38437259432889,45.61908580476316,-17.05860464590428,45.56336751529342,-13.811580873614378,44.87660625523739,-13.815166510948737,44.70556230714337,-11.61747065429551,44.282286445154554,-8.396106470980465,43.89779140905806,-6.118529358696977,43.646397085686075,-4.187142399600942,43.213102256953015,approx_rxn_crds,0.0,0.07971314080010149,0.1655815223257643,0.2533796927534482,0.34809863805656005,0.4452559757556579,0.5193907247004429,0.6147253616044585,0.6669730145258888,0.7377228997847799,0.8361672979220304,0.9170836422256633,1.0
nimgs,13,RMSF,0.0023535335734452254,AbsF,0.008924760964645197,RMSF_o,0.0007932840220128922,AbsF_o,0.00403022787151625,RMSF_CI,0.006567956214576351,AbsF_CI,0.022809084231690528,energies,-2062.2789515101354,-2062.2800829048274,-2062.2804021715247,-2062.280227632077,-2062.2788730325874,-2062.2728140535664,-2062.2601251953906,-2062.259250027709,-2062.2220165459166,-2062.2713444267324,-2062.276936480603,-2062.2815420342404,-2062.2828096549856,gradnorms,0.002695219592830513,0.0031109748225508264,0.0043396750914960255,0.008824286322701236,0.011579566362833221,0.008898072641518482,0.012593842350997251,0.0978603435602157,0.03506686045907325,0.01029613108666965,0.006082494970781604,orth_gradnorms,0.002607101981022616,0.0031108466225870015,0.003875568290399486,0.005142917112027754,0.008679129760673062,0.005190256434995472,0.00836842287128471,0.0,0.01181966572230243,0.005516038597090772,0.004625680926749739,projcoords,-33.34677401201248,43.213102256953015,-31.570166369568504,44.05934898438444,-29.130144270379887,44.80921453605331,-26.23205148833548,45.339573069925066,-22.860027671784838,45.62092037816087,-19.356224390477394,45.618583966276624,-17.039781075294165,45.56234680680759,-13.80831829518076,44.871628738313746,-13.854233443172369,44.71083905148534,-11.661163254508704,44.283904554402376,-8.412477323892439,43.89802856110221,-6.128726314006009,43.64872895978967,-4.187142399600942,43.213102256953015,approx_rxn_crds,0.0,0.07958497980840665,0.16540080795915038,0.25320414622601384,0.34816123793765597,0.4455004981693073,0.5194486523041616,0.6143404626167509,0.6659346368117968,0.7367086013952416,0.835841188145783,0.9168464771634229,1.0
nimgs,13,RMSF,0.0023691506716734152,AbsF,0.008988643172871293,RMSF_o,0.0007965590324811398,AbsF_o,0.004074951828031203,RMSF_CI,0.006758596884881374,AbsF_CI,0.02379406298370138,energies,-2062.2789515101354,-2062.2800969460936,-2062.2804231505665,-2062.2802592884746,-2062.2789134102272,-2062.2728532778883,-2062.260175578888,-2062.259210582657,-2062.220041011714,-2062.2712679020888,-2062.276988801035,-2062.2815635039124,-2062.2828096549856,gradnorms,0.00267420528433993,0.003071639536387998,0.004269793354336239,0.008605961601430014,0.011223078326850785,0.008705895200773072,0.01299943526871064,0.10070082557366083,0.03529954998197728,0.010259278885920636,0.005943249964517706,orth_gradnorms,0.002593182865777751,0.0030714195697058217,0.0038175424640586714,0.005074150880043011,0.008539230105703241,0.005106393084172038,0.008584561222874088,0.0,0.011868462279270145,0.0053973966373613656,0.004577252880289296,projcoords,-33.34677401201248,43.213102256953015,-31.569755995960435,44.05772685753074,-29.1288727205774,44.80829621302749,-26.22725892633109,45.33948175264106,-22.842867266947852,45.6210924920088,-19.328820193049474,45.61816787722305,-17.021322647948537,45.56136217489975,-13.805537217053551,44.866410232825274,-13.892996536254154,44.7164102727425,-11.704919972460004,44.285698339557776,-8.428736552026457,43.89822894683588,-6.138694324160678,43.65100161511028,-4.187142399600942,43.213102256953015,approx_rxn_crds,0.0,0.07945869591216757,0.16522157940597984,0.2530305825533475,0.3482215852248102,0.4457303225452805,0.51950150938687,0.6139569305504216,0.664894884005017,0.7356896739745868,0.835515989154034,0.9166166816732789,1.0
nimgs,13,RMSF,0.0023845670413751682,AbsF,0.009051937531683893,RMSF_o,0.0008021460813314138,AbsF_o,0.004070242283455287,RMSF_CI,0.006948363179699465,AbsF_CI,0.024746640556895592,energies,-2062.2789515101354,-2062.2801107729974,-2062.2804435789794,-2062.280290033811,-2062.278952613864,-2062.2728929224895,-2062.2602243199353,-2062.259157342121,-2062.217979339256,-2062.2711786661866,-2062.2770399837455,-2062.281584769918,-2062.2828096549856,gradnorms,0.0026358718949159566,0.003045795407059642,0.004200417366706478,0.008388499331076311,0.010899934816923024,0.008527098911098383,0.013362042188990954,0.10352827968576858,0.03552924871719672,0.010260144831463407,0.005809051486827624,orth_gradnorms,0.0025611906277591425,0.003045485279180011,0.003759218225241288,0.005003594459739915,0.00842384709543352,0.005026231475059104,0.008778837018936397,0.0,0.011951707432269507,0.00534019904620353,0.004528544362278485,projcoords,-33.34677401201248,43.213102256953015,-31.569340889352627,44.056130092345214,-29.127647465759026,44.807395170982645,-26.22255939510772,45.33942227355031,-22.82599914415657,45.621338938270746,-19.30215732904309,45.617835842651374,-17.003226143583117,45.560408425371,-13.803309738647108,44.860967598751316,-13.931451777645236,44.722263118157166,-11.74872778082327,44.287656278463835,-8.44490073898903,43.89839185265322,-6.148430425666959,43.653215781375465,-4.187142399600942,43.213102256953015,approx_rxn_crds,0.0,0.07933443630473927,0.16504404047203627,0.2528591077314058,0.34827943406470196,0.4459458089758102,0.5195499114067171,0.61357355742225,0.6638540602105725,0.7346666835180902,0.8351915067713944,0.9163941372521496,1.0
nimgs,13,RMSF,0.0023996112965516997,AbsF,0.00911519585775755,RMSF_o,0.0008094637153666385,AbsF_o,0.004022645939026782,RMSF_CI,0.007134711889885453,AbsF_CI,0.025650336641728937,energies,-2062.2789515101354,-2062.2801243736517,-2062.280463510103,-2062.280319909086,-2062.2789907319484,-2062.2729330444786,-2062.260271529521,-2062.259089788671,-2062.215832918035,-2062.271076988479,-2062.277090057395,-2062.2816058300205,-2062.2828096549856,gradnorms,0.002607523045778054,0.0030030088961530816,0.004132109426003152,0.008177545958307133,0.010599915444446406,0.008359161104065815,0.013691426625361807,0.10630481293371138,0.03575340307086241,0.010307023979310307,0.005699556186527556,orth_gradnorms,0.002539240165965073,0.003002616578151814,0.003701234182910861,0.00493937981216428,0.008319374115507705,0.004946698724876977,0.008964743657133959,0.0,0.012060737723784812,0.005362891918174094,0.004504545966496068,projcoords,-33.34677401201248,43.213102256953015,-31.56892084884812,44.054557401560736,-29.12646323884186,44.80651129808716,-26.217948192289477,45.33939270570447,-22.809439416560807,45.62165452729971,-19.276228242650753,45.617585243379985,-16.985487101223693,45.55947905182101,-13.801708511598655,44.8553206420896,-13.969595215121107,44.72838328704957,-11.792574928703527,44.289768759399855,-8.460987388166792,43.898516747268445,-6.157935666339737,43.65537354812959,-4.187142399600942,43.213102256953015,approx_rxn_crds,0.0,0.07921231753514398,0.16486835731138413,0.2526897889973473,0.3483345002263591,0.44614738678557525,0.5195944574931988,0.6131889749712494,0.6628123832016606,0.7336401356075847,0.8348675493750585,0.9161786021634919,1.0
nimgs,13,RMSF,0.0024139858800265967,AbsF,0.009178099466407146,RMSF_o,0.0008175404212871403,AbsF_o,0.003941118460269298,RMSF_CI,0.007315216242705706,AbsF_CI,0.026490755090078234,energies,-2062.2789515101354,-2062.280137754624,-2062.2804829551947,-2062.2803489492876,-2062.2790278624097,-2062.272973718728,-2062.2603173048788,-2062.2590074296677,-2062.213603541446,-2062.270963137379,-2062.2771393170196,-2062.281626756473,-2062.2828096549856,gradnorms,0.0025920784249222114,0.002957391554996812,0.004071756367128513,0.007975144546965773,0.010312774479395066,0.008204355106798669,0.014008213018934033,0.10899426721812058,0.035967579540898326,0.010328572768728037,0.005579955820803224,orth_gradnorms,0.002530220947900668,0.002956931834917657,0.0036512950881845817,0.004883529974486797,0.008213089008444946,0.004872901746935691,0.009172064405332553,0.0,0.012181077931665767,0.005328770806702411,0.004461049629972512,projcoords,-33.34677401201248,43.213102256953015,-31.568496695572577,44.053006701654745,-29.125318906829946,44.805642102602235,-26.213420193238672,45.33939136442455,-22.793200777033604,45.622033936319,-19.251023611572982,45.61741219927762,-16.968099277252797,45.55856753523353,-13.800806177536924,44.84949159261292,-14.00742374594166,44.73475494729777,-11.836450808931128,44.29202771098694,-8.47701158184385,43.898606135794765,-6.167212468567067,43.65747660054548,-4.187142399600942,43.213102256953015,approx_rxn_crds,0.0,0.07909242005054666,0.16469464096304035,0.2525226379145137,0.34838644384617284,0.4463354218806016,0.5196356117064749,0.6128015789669803,0.6617698681863438,0.7326103393604785,0.8345437688351879,0.9159698744860929,1.0
nimgs,13,RMSF,0.002427416124170526,AbsF,0.009240173210383769,RMSF_o,0.0008254798543466835,AbsF_o,0.0038315140651306117,RMSF_CI,0.0074875527529699795,AbsF_CI,0.027255275870877935,energies,-2062.2789515101354,-2062.2801509420087,-2062.280501919028,-2062.280377200394,-2062.279064110509,-2062.27301501413,-2062.2603617454156,-2062.2589098354256,-2062.211293374762,-2062.2708373566534,-2062.2771878249077,-2062.2816475883337,-2062.2828096549856,gradnorms,0.0025675157797671664,0.0029313623547802714,0.004012631141774418,0.007775921640080361,0.01003518816521626,0.008059964187486689,0.014337299721387134,0.1115620233893633,0.03616768567179878,0.010330855406664837,0.005430892144626252,orth_gradnorms,0.002511505199757228,0.002930857263567763,0.003601912117859961,0.004826158775310699,0.008101671084842279,0.00480156913132093,0.009436357497021772,0.0,0.012299372819983678,0.005248778139394231,0.00437480005776904,projcoords,-33.34677401201248,43.213102256953015,-31.568068155701397,44.05147672399184,-29.12421554446827,44.80478398299958,-26.208972393531308,45.33941583118254,-22.777292335134202,45.622472112648154,-19.2265342950558,45.61731170765345,-16.951055020625496,45.557668143507165,-13.800675642587981,44.84350448644479,-14.044935564646606,44.74136087752145,-11.880345695377297,44.29442585206808,-8.492984934378269,43.89866576253037,-6.176261983712722,43.65952510782341,-4.187142399600942,43.213102256953015,approx_rxn_crds,0.0,0.07897479771779903,0.16452296246259007,0.25235763379318615,0.34843491473166455,0.4465101873442441,0.5196736870302407,0.6124095529848835,0.6607263246057873,0.7315773864492735,0.8342196267606452,0.9157678946999326,1.0
nimgs,13,RMSF,0.002439880380917701,AbsF,0.009301269955234625,RMSF_o,0.0008331494341736626,AbsF_o,0.0036941920900200836,RMSF_CI,0.007649388754697377,AbsF_CI,0.02793206961741674,energies,-2062.2789515101354,-2062.2801639418058,-2062.2805204428155,-2062.280404700443,-2062.2790995529795,-2062.273056986994,-2062.2604049378583,-2062.258796777655,-2062.208904966724,-2062.2706998255885,-2062.2772354844146,-2062.281668272857,-2062.2828096549856,gradnorms,0.0025373840485591716,0.0029085263158362138,0.003951864709304475,0.007580871843192302,0.009773052265538111,0.007924144952006995,0.014684564351659754,0.11397332550710684,0.0363533989146481,0.010361419300861976,0.0052874304534618975,orth_gradnorms,0.002486757823228874,0.002907996799612441,0.003549914710029561,0.004768221043827974,0.007993303599074714,0.00473115698744897,0.009762525362942311,0.0,0.012413646985692176,0.005216349717623849,0.004290069812290578,projcoords,-33.34677401201248,43.213102256953015,-31.567632889980572,44.04996781687896,-29.123153339919952,44.80393412742592,-26.20460494432173,45.33946266382649,-22.761720560660795,45.62296428213252,-19.202751348871324,45.617278061988785,-16.934346106507185,45.556776085055986,-13.801390569100366,44.83738469252024,-14.082130332321594,44.7481827521186,-11.924250519362676,44.2969561464975,-8.50891707052635,43.89870232407986,-6.1850835388163405,43.66151787468567,-4.187142399600942,43.213102256953015,approx_rxn_crds,0.0,0.07885949619687121,0.16435338932037605,0.2521947729423751,0.3484796332776318,0.44667194484151274,0.5197089412588439,0.6120109857500171,0.6596814553827337,0.730541249575688,0.833894500203049,0.9155727224188828,1.0
nimgs,13,RMSF,0.002451620805223661,AbsF,0.009361561719227479,RMSF_o,0.0008411985198822013,AbsF_o,0.0035319333548084206,RMSF_CI,0.0077982858859938844,AbsF_CI,0.028509334636717128,energies,-2062.2789515101354,-2062.28017674943,-2062.2805385654283,-2062.280431476941,-2062.2791342443793,-2062.273099700187,-2062.260446950638,-2062.258668281863,-2062.2064413012,-2062.2705506538136,-2062.27728236316,-2062.2816887780127,-2062.2828096549856,gradnorms,0.002516746162081694,0.00287043159413012,0.0039028210359460897,0.007393756564559795,0.009534385567330349,0.007801106989493183,0.015034120339144827,0.11619184279738186,0.036528327297022836,0.010400285742166018,0.005166991542450013,orth_gradnorms,0.0024713441710363555,0.0028698944859824964,0.0035101941966615867,0.004715143616494257,0.007898347195717642,0.0046704845362539275,0.010121559452595786,0.0,0.012533575661683517,0.005193059584730151,0.0042282722010645825,projcoords,-33.34677401201248,43.213102256953015,-31.567187176258315,44.0484815139432,-29.122129436744572,44.80309174190077,-26.20031986850603,45.33952792764308,-22.746490786416103,45.62350575330714,-19.17966456485192,45.61730527649948,-16.91796435705529,45.55588711979734,-13.803025310264143,44.83115878374056,-14.11900921536348,44.75520144082536,-11.968156803883037,44.29961178091442,-8.52481809647566,43.89872065103614,-6.193676285377226,43.663453543238866,-4.187142399600942,43.213102256953015,approx_rxn_crds,0.0,0.07874656857439244,0.16418601852782075,0.2520341110652133,0.3485204551950645,0.4468210696950758,0.519741715395789,0.6116040139742132,0.6586349811844476,0.7295019214163385,0.8335678396128041,0.9153844140393387,1.0
nimgs,13,RMSF,0.0024629026823618674,AbsF,0.009421210654775282,RMSF_o,0.0008503339031005218,AbsF_o,0.0036124368178390084,RMSF_CI,0.00793167849838749,AbsF_CI,0.028975102002836428,energies,-2062.2789515101354,-2062.280189375855,-2062.2805562901494,-2062.280457580284,-2062.27916823932,-2062.2731432354017,-2062.2604878598318,-2062.2585245386094,-2062.2039058836986,-2062.270389921066,-2062.277328528335,-2062.2817091165307,-2062.2828096549856,gradnorms,0.002499081184856699,0.0028328770312665173,0.0038588104927529815,0.007214027954994912,0.009320068632876745,0.007687824744620684,0.015372238186560912,0.1181793479589209,0.036696423480474666,0.01042103023237552,0.005059062909152407,orth_gradnorms,0.0024585775130940503,0.002832350124596478,0.0034752985753431394,0.004665527083007655,0.007818180890032162,0.004616283731993145,0.010488398306658389,0.0,0.01266968980603713,0.005125621210797199,0.004176294969522371,projcoords,-33.34677401201248,43.213102256953015,-31.56672760385557,44.04701932514478,-29.121138123855992,44.80225789257441,-26.196118402491308,45.339608128189866,-22.731608238217596,45.62409174941756,-19.1572607979095,45.61738735564148,-16.901901668492457,45.55499694124799,-13.805653952942567,44.82485489176084,-14.15557489145575,44.76239723489772,-12.012056712412942,44.302386534012776,-8.540700215880186,43.898722364749545,-6.202041363193899,43.66533200407237,-4.187142399600942,43.213102256953015,approx_rxn_crds,0.0,0.07863607946244457,0.16402098633074041,0.2518757730352249,0.3485573822805819,0.4469581325235708,0.5197725235298046,0.6111869116254844,0.6575867033872675,0.7284594950599983,0.8332392617306905,0.9152028933099234,1.0
nimgs,13,RMSF,0.0024738265678700133,AbsF,0.009480080459091985,RMSF_o,0.0008607668526782727,AbsF_o,0.0037404423501899015,RMSF_CI,0.008046915501508092,AbsF_CI,0.029317414982621783,energies,-2062.2789515101354,-2062.280201834351,-2062.2805736209907,-2062.280483061324,-2062.2792015919736,-2062.2731876708644,-2062.26052773551,-2062.2583658468157,-2062.201302858886,-2062.2702177120636,-2062.2773738817696,-2062.2817292888294,-2062.2828096549856,gradnorms,0.0024755463227042595,0.0028077196213427964,0.003806380417768882,0.007041415970780861,0.009125320737732517,0.0075744384108378665,0.015699271553035212,0.11989634063484711,0.03685918570877137,0.010449696891913909,0.004963789193180407,orth_gradnorms,0.0024394715460820883,0.002807220318283247,0.003430310930468627,0.004618548890110849,0.007747494977608954,0.004553933151899306,0.010859628409427328,0.0,0.012825137253716404,0.005065950946100792,0.004134240375567021,projcoords,-33.34677401201248,43.213102256953015,-31.566252525035456,44.045581679000186,-29.120173082613857,44.801434251600995,-26.19199896578755,45.33970092962813,-22.71707787761995,45.62471739989683,-19.13552328960567,45.61751841748965,-16.886149568339178,45.55410073988608,-13.809348733697497,44.818503497849065,-14.191831524296926,44.76974998717941,-12.055943165314314,44.305275141648146,-8.556577565106796,43.89870665178523,-6.210182715895046,43.66715509501395,-4.187142399600942,43.213102256953015,approx_rxn_crds,0.0,0.07852809769776341,0.16385845323430856,0.2517199304468737,0.3485905222450075,0.44708389243859903,0.5198020480813029,0.6107580926377253,0.6565364724023868,0.7274141372330183,0.832908519456584,0.9150279037859023,1.0
nimgs,13,RMSF,0.0024843314618072567,AbsF,0.00953773041454784,RMSF_o,0.0008722383082559528,AbsF_o,0.0038611338524320374,RMSF_CI,0.008141319214665118,AbsF_CI,0.029524599627360835,energies,-2062.2789515101354,-2062.2802141260345,-2062.280590583913,-2062.280507938777,-2062.2792343544306,-2062.2732330576605,-2062.2605666026448,-2062.258192658422,-2062.198637159111,-2062.2700341200643,-2062.277418371506,-2062.281749293227,-2062.2828096549856,gradnorms,0.002453408937110545,0.0027809998462981376,0.003753531693572332,0.006875179943606525,0.008945723206134652,0.007461948155638421,0.01602017541818011,0.12130292428143169,0.03701570510326441,0.010495572375531153,0.00487845637332385,orth_gradnorms,0.002421426640819466,0.0027805400983856757,0.0033841589852513167,0.004572768576044461,0.0076816761267730505,0.004486948109149359,0.011238713014033645,0.0,0.012996058092298752,0.005033649924302191,0.004098864030702881,projcoords,-33.34677401201248,43.213102256953015,-31.565762291480926,44.044167731391944,-29.119229950956353,44.80062172810388,-26.187957215382543,45.339805265395434,-22.70290325558855,45.62537790456483,-19.114432414421607,45.617692768305474,-16.87069876595698,45.55319325393022,-13.814178373234471,44.81213831572597,-14.22778466656711,44.77723920368461,-12.099809990269632,44.308273332250096,-8.572464703721604,43.89867231487582,-6.218106038012818,43.66892614957032,-4.187142399600942,43.213102256953015,approx_rxn_crds,0.0,0.07842268546391346,0.16369857940433258,0.2515667687490674,0.3486200334575349,0.4471992199484641,0.5198310606774936,0.6103160545263561,0.6554840951704815,0.7263659811873836,0.8325753798738744,0.9148590694353821,1.0
nimgs,13,RMSF,0.0024942714577353155,AbsF,0.009593658963744265,RMSF_o,0.0008842639919855653,AbsF_o,0.003972948482474729,RMSF_CI,0.008212227430319801,AbsF_CI,0.029585526175399637,energies,-2062.2789515101354,-2062.280226253505,-2062.2806071979844,-2062.280532224537,-2062.2792665720035,-2062.273279424788,-2062.2606044631275,-2062.2580056197958,-2062.195914683197,-2062.2698392359353,-2062.2774620524865,-2062.2817691415403,-2062.2828096549856,gradnorms,0.0024372394492270274,0.002748426780584188,0.0037076449402979935,0.006713982163860043,0.00877616218027532,0.007356248398341808,0.016339597309366207,0.12235943289971529,0.03716380770698582,0.010536450476943892,0.004788979008770483,orth_gradnorms,0.0024090701935561617,0.0027480149795562183,0.003345056824421531,0.004525990409400036,0.007615518034158171,0.004426946188838597,0.011628688458862965,0.0,0.013175236744360197,0.004982489665822719,0.004053646777638512,projcoords,-33.34677401201248,43.213102256953015,-31.565258221009884,44.0427760756496,-29.118307349766212,44.79981991418475,-26.183987945143883,45.33992088045923,-22.689085327826408,45.62606880673854,-19.093967337419606,45.617904999518274,-16.85553908493213,45.5522693184256,-13.820206746910099,44.805796731734716,-14.263441067421324,44.784844124023174,-12.143651997573778,44.311377487007526,-8.588374955037791,43.89861967539217,-6.225816912193541,43.67064870043651,-4.187142399600942,43.213102256953015,approx_rxn_crds,0.0,0.07831989307959866,0.16354151033123054,0.251416469346609,0.3486460956558208,0.4473050098306329,0.5198603331293795,0.6098593255965186,0.6544292520417803,0.7253150169136757,0.8322394984664012,0.9146960141071602,1.0
nimgs,13,RMSF,0.002503492560149147,AbsF,0.009647564380395997,RMSF_o,0.000896371903849597,AbsF_o,0.004079925496304744,RMSF_CI,0.008257022109525442,AbsF_CI,0.029489904977480202,energies,-2062.2789515101354,-2062.280238227698,-2062.2806234688737,-2062.280555943908,-2062.2792982772817,-2062.2733267829067,-2062.2606413329545,-2062.257805584419,-2062.193142496021,-2062.269633133749,-2062.277504916402,-2062.2817888348036,-2062.2828096549856,gradnorms,0.002420225283237327,0.0027209892466813455,0.0036648450478573313,0.006559184846165707,0.008609931013670774,0.00725235874187725,0.016665805920876336,0.12302685858793852,0.03730119903858739,0.010578120357964849,0.004690865233592198,orth_gradnorms,0.002395506107501312,0.002720632417214694,0.003308720593845811,0.004480144068092688,0.007542191528367915,0.004367403194292785,0.012037694689718674,0.0,0.013355640568030841,0.004923719794626183,0.003993743659744535,projcoords,-33.34677401201248,43.213102256953015,-31.564741107591338,44.04140576171127,-29.11740576874538,44.79902760457987,-26.18008720959882,45.34004767886976,-22.675622157834056,45.62678627386066,-19.074107589177117,45.6181501043233,-16.840659787698478,45.55132460990671,-13.827492043608352,44.7995194077164,-14.298808390831773,44.79254379395466,-12.187464883758167,44.314584134813586,-8.604319541304871,43.89855131186911,-6.233319706039887,43.67232518433869,-4.187142399600942,43.213102256953015,approx_rxn_crds,0.0,0.07821976428794718,0.16338738455236654,0.25126922058792883,0.3486689277166102,0.4474021447483352,0.5198906042450291,0.6093864724768352,0.6533714827697731,0.7242610530775919,0.8319003740904152,0.9145384542266973,1.0
nimgs,13,RMSF,0.0025119241754649833,AbsF,0.009699409784047581,RMSF_o,0.0009083651795606246,AbsF_o,0.004186470503418754,RMSF_CI,0.008273169614173117,AbsF_CI,0.029228676877492313,energies,-2062.2789515101354,-2062.2802500557764,-2062.280639410202,-2062.2805791239325,-2062.279329496628,-2062.2733751076794,-2062.2606772202516,-2062.2575936602693,-2062.190329032279,-2062.269415852129,-2062.2775469224057,-2062.281808356003,-2062.2828096549856,gradnorms,0.0023999028036785787,0.0026981361340964473,0.0036204694409651974,0.006411982327055351,0.008445053352574833,0.007145478916818806,0.017009601371745103,0.12326745098850213,0.03742682727736038,0.010638201349353081,0.004589976283238067,orth_gradnorms,0.002378267336176331,0.0026978378296370047,0.00327000218666337,0.0044368490758275765,0.007460417257693415,0.004302087584481459,0.012477129120870055,0.0,0.013534336351490666,0.004894854172498522,0.003926419273326003,projcoords,-33.34677401201248,43.213102256953015,-31.564210310879893,44.040056887560745,-29.116525306443037,44.79824388380926,-26.17625311082899,45.34018529615601,-22.66250968232599,45.627527278303305,-19.054833770264697,45.61842357224305,-16.8260500107701,45.550356181432164,-13.836086414496997,44.79334909220796,-14.333894871917337,44.80031710271224,-12.231245019488613,44.317889563298344,-8.620307771458492,43.89847146402699,-6.240617953639241,43.673956477147726,-4.187142399600942,43.213102256953015,approx_rxn_crds,0.0,0.07812234988655448,0.16323636026319835,0.25112525258054763,0.3486888422162261,0.4474915318380599,0.5199226265031079,0.6088961808578935,0.652310251942165,0.7232037701033837,0.8315574087061584,0.9143862042887385,1.0
nimgs,13,RMSF,0.0025196231046229253,AbsF,0.009749264249303115,RMSF_o,0.000920434365790448,AbsF_o,0.004294585816705672,RMSF_CI,0.00825829121367296,AbsF_CI,0.028794532730307555,energies,-2062.2789515101354,-2062.280261738083,-2062.280655040994,-2062.2806017813473,-2062.2793602553757,-2062.2734243374844,-2062.260712111155,-2062.2573712794856,-2062.1874842879356,-2062.2691873855947,-2062.2775881071784,-2062.281827680758,-2062.2828096549856,gradnorms,0.0023817296908692676,0.002671208755500845,0.003575178419031541,0.0062717348062283525,0.008286637148569038,0.00704237035768874,0.017379406066905544,0.12304576781385787,0.03754153873825134,0.010706658774004467,0.004494875775292699,orth_gradnorms,0.0023628834679969416,0.0026709685646312833,0.003229654646933875,0.004395048366482626,0.007376834581571648,0.00424399249243673,0.01295477500432152,0.0,0.013714163176206936,0.0048740985055458,0.003861913270171579,projcoords,-33.34677401201248,43.213102256953015,-31.56366395765194,44.03873040325715,-29.115663972069903,44.79746894689297,-26.17248494350867,45.34033309491012,-22.64974290570691,45.62828960630933,-19.036127246200564,45.61872144224054,-16.811699061402507,45.54936255682737,-13.846036050520503,44.787329122089666,-14.368708943133122,44.80814275502504,-12.274989261388107,44.32128971121703,-8.636348021086373,43.89838463748731,-6.247715621442206,43.6755425172422,-4.187142399600942,43.213102256953015,approx_rxn_crds,0.0,0.07802772219304113,0.1630886454254528,0.25098487552857707,0.3487063031340626,0.4475741841313612,0.5199572604174866,0.6083873696153573,0.6512450489792537,0.7221428180843513,0.831210020323251,0.9142390993887125,1.0
nimgs,13,RMSF,0.0025267013573234648,AbsF,0.009797066990901241,RMSF_o,0.0009329420907204669,AbsF_o,0.004405658690140032,RMSF_CI,0.008210259965455961,AbsF_CI,0.028182517461745132,energies,-2062.2789515101354,-2062.2802732779,-2062.2806703697834,-2062.2806239274223,-2062.2793905751587,-2062.2734743988804,-2062.2607460126833,-2062.2571402325398,-2062.184619983362,-2062.2689476997834,-2062.277628508939,-2062.281846788612,-2062.2828096549856,gradnorms,0.0023670959602308983,0.0026420418591832084,0.0035350347574526425,0.0061373459016764295,0.008139230806561988,0.006947486431121283,0.017779892523894805,0.1223301183334746,0.03764700232821005,0.01077202871130077,0.004413206620294747,orth_gradnorms,0.002350764412344392,0.0026418571827173222,0.003194405695382505,0.004353131272124262,0.007297196025790106,0.004202218366825256,0.013473255682537785,0.0,0.013900524080393823,0.004835110732456723,0.003809212705997364,projcoords,-33.34677401201248,43.213102256953015,-31.56309998734287,44.03742734090136,-29.114817641678478,44.79670409890399,-26.1687816480932,45.340490471191174,-22.637316688622455,45.6290717012133,-19.01796929773746,45.61904033887874,-16.797596563621447,45.54834343954655,-13.857381479284966,44.78150221340779,-14.403258847691976,44.81599916728204,-12.318694853147631,44.32478032207296,-8.65244895365422,43.898294254167865,-6.254618038594808,43.67708354159806,-4.187142399600942,43.213102256953015,approx_rxn_crds,0.0,0.07793598256148192,0.16294451454398481,0.2508484999308358,0.3487219525728178,0.4476512917766512,0.5199955543507105,0.6078592768822116,0.6501754572985791,0.721077886341008,0.8308577243083872,0.9140968945439056,1.0
nimgs,13,RMSF,0.002533216633886034,AbsF,0.009842498355709335,RMSF_o,0.0009461171027336312,AbsF_o,0.004523475378689986,RMSF_CI,0.008127302540184355,AbsF_CI,0.02782152923485223,energies,-2062.2789515101354,-2062.2802846829854,-2062.2806854001237,-2062.280645582928,-2062.2794204706943,-2062.273525221978,-2062.2607789754793,-2062.256902665483,-2062.181749678986,-2062.2686967561203,-2062.2776681004184,-2062.2818656724544,-2062.2828096549856,gradnorms,0.002351807121710589,0.002618028585025631,0.003497967695220376,0.006008399037142857,0.008001848014660678,0.006853961155026305,0.018211392665664395,0.12109408053530334,0.0377440777626333,0.0108400579332378,0.004342405173131385,orth_gradnorms,0.0023376985206555985,0.0026178950348871104,0.003161970903565213,0.004310550668288107,0.007220923949538178,0.004166976096314209,0.01402971610116485,0.0,0.014096827338195209,0.004788771798021469,0.0037653617138153376,projcoords,-33.34677401201248,43.213102256953015,-31.56251725329288,44.036148040813174,-29.11398145357935,44.79595099596375,-26.165140797401794,45.34065716562195,-22.625225757978214,45.629872429254796,-19.000340389373548,45.61937752674603,-16.783732629110474,45.5472992723183,-13.87015763509239,44.7759098811988,-14.437552239594877,44.823864297602185,-12.3623593954201,44.32835721310972,-8.668620352485314,43.89820209127764,-6.261331771267816,43.67858107013835,-4.187142399600942,43.213102256953015,approx_rxn_crds,0.0,0.07784725878198877,0.16280430442465965,0.25071662937170486,0.3487365935167989,0.44772423983994347,0.5200387604475648,0.6073114796539932,0.6491011535220063,0.7200086972828714,0.8305001269421666,0.9139592097015405,1.0
nimgs,13,RMSF,0.002539133295539239,AbsF,0.009885046159755278,RMSF_o,0.0009807586139516373,AbsF_o,0.004653871797946722,RMSF_CI,0.00800808229072037,AbsF_CI,0.02775132284004405,energies,-2062.2789515101354,-2062.2802959582723,-2062.2807001441706,-2062.2806667708223,-2062.279449951363,-2062.273576730753,-2062.26081106046,-2062.2566610577064,-2062.178888820262,-2062.268434524959,-2062.277706845261,-2062.281884328989,-2062.2828096549856,gradnorms,0.0023351767559191138,0.002597070685388252,0.003457104132840096,0.005886627020179251,0.007872152817723476,0.006756458978148063,0.018667279602137515,0.11931773882553558,0.03783223403578677,0.010915716314131794,0.0042750579622570384,orth_gradnorms,0.002323017091275032,0.002596981607646223,0.0031247536873885004,0.004269770706109854,0.007145934983631648,0.004131026766625495,0.014612974230544404,0.0,0.01430301611191763,0.004744562580352648,0.003721894857246791,projcoords,-33.34677401201248,43.213102256953015,-31.561915961239627,44.03489187676729,-29.11315149499011,44.79521068690555,-26.161558648903057,45.34083330541834,-22.61346419815806,45.630690880367766,-18.983219984331622,45.61973098128326,-16.770098222829596,45.54623087768624,-13.884393171872677,44.77059241768415,-14.471595768697384,44.83171542563138,-12.405980848437252,44.33201649567846,-8.684873169221557,43.8981088066754,-6.26786372548456,43.68003798958942,-4.187142399600942,43.213102256953015,approx_rxn_crds,0.0,0.07776169530511791,0.1626683940367433,0.2505898334748676,0.3487511427859925,0.4477945671701212,0.5200882789156988,0.606743855014309,0.648021847663451,0.7189349314469994,0.8301368381923291,0.9138255516220661,1.0
nimgs,13,RMSF,0.0025443407297234995,AbsF,0.009924223125641684,RMSF_o,0.0010204711299927095,AbsF_o,0.004800385856700852,RMSF_CI,0.00785174900682892,AbsF_CI,0.027541016162426133,energies,-2062.2789515101354,-2062.2803071054145,-2062.2807146171917,-2062.2806875011474,-2062.2794790298835,-2062.273628837875,-2062.2608423184265,-2062.256418163259,-2062.1760546869746,-2062.268160986877,-2062.277744728031,-2062.2819027489454,-2062.2828096549856,gradnorms,0.0023206279728069934,0.002572890031312725,0.0034174653328631543,0.005772431918043048,0.007749510429872519,0.006657775187671015,0.01913434519231187,0.11698842535697726,0.03790982305765143,0.010999372807071714,0.00421016247215415,orth_gradnorms,0.002310181529702937,0.0025728371209428284,0.0030883206647266672,0.0042313517522441025,0.007072019421758547,0.00410036833603431,0.015204677393058646,0.0,0.01451648466577726,0.004701610417313314,0.003677817909839832,projcoords,-33.34677401201248,43.213102256953015,-31.561297260781696,44.03365759369248,-29.112325665855458,44.79448308320856,-26.15803092734761,45.3410191165159,-22.602024963414436,45.631526259175644,-18.96658691157641,45.6200994251232,-16.756685715779554,45.545139292094916,-13.90010877250736,44.765589076046865,-14.505394662933842,44.839528889178915,-12.449557530445384,44.335754642481476,-8.70121887171819,43.89801522131136,-6.274220351682183,43.681457739000244,-4.187142399600942,43.213102256953015,approx_rxn_crds,0.0,0.0776794430314837,0.16253718231802294,0.2504687191852137,0.34876658411969635,0.4478638976316211,0.5201455659403695,0.6061565286274112,0.6469372144350477,0.7178561366937284,0.8297673640099724,0.9136953899553383,1.0
nimgs,13,RMSF,0.002548685871180467,AbsF,0.009959798056338147,RMSF_o,0.001059485022145739,AbsF_o,0.004959962293137218,RMSF_CI,0.007657950751418886,AbsF_CI,0.02717766431712049,energies,-2062.2789515101354,-2062.280318128579,-2062.2807288266586,-2062.280707784416,-2062.279507722423,-2062.273681454199,-2062.2608728080286,-2062.256176910721,-2062.173266224736,-2062.2678761289226,-2062.277781732068,-2062.281920927241,-2062.2828096549856,gradnorms,0.002308169036324114,0.0025487987291000344,0.003383702299461299,0.005663211789867581,0.007632580407611735,0.006558314922410483,0.019597801391187424,0.1141008963850717,0.03797456420724266,0.011093676092973832,0.004145092270336681,orth_gradnorms,0.002299215754234887,0.002548772902599212,0.0030578309054677495,0.004191803902600664,0.006998164745321646,0.004076731832290885,0.015785971294081238,0.0,0.014733506786882292,0.004664251651337033,0.003630262818958891,projcoords,-33.34677401201248,43.213102256953015,-31.560662383251778,44.032443960819016,-29.111503373910683,44.7937671419963,-26.154553662882464,45.34121448517899,-22.59089976192267,45.63237783216983,-18.95041997629375,45.6204822663224,-16.743489417023856,45.54402579402429,-13.917314772090453,44.76093807197896,-14.538952331914068,44.84727976913459,-12.4930880852273,44.33956838739917,-8.717668619077863,43.897923538062265,-6.280407583479573,43.682843212526485,-4.187142399600942,43.213102256953015,approx_rxn_crds,0.0,0.07760065475791345,0.1624110772591622,0.2503539172390708,0.3487839474058385,0.44793388812989143,0.5202120601402331,0.6055498618683954,0.6458468698926629,0.7167716832215675,0.8293910485926537,0.9135682321641394,1.0
nimgs,13,RMSF,0.0025520243078419485,AbsF,0.009991897236797954,RMSF_o,0.0010968676534271584,AbsF_o,0.0051232369295971065,RMSF_CI,0.0074268068175891745,AbsF_CI,0.027080823361747657,energies,-2062.2789515101354,-2062.280329033952,-2062.2807427792095,-2062.280727641182,-2062.2795360379987,-2062.273734491569,-2062.2609025985817,-2062.2559402928355,-2062.170543745376,-2062.2675799368876,-2062.2778178366816,-2062.2819388601547,-2062.2828096549856,gradnorms,0.0022945647152664756,0.002529268091291446,0.003350559020514676,0.005559355489220129,0.0075193031630380325,0.0064526998592028895,0.020045852005048027,0.11065692933696093,0.038024305793205364,0.01120198569990314,0.004075294827982429,orth_gradnorms,0.002286890171345964,0.0025292597626151605,0.0030274769643388634,0.004151810275101017,0.006922558927293634,0.004052234382520964,0.016342959955525982,0.0,0.014951266931995739,0.004638682535609806,0.0035741531865837585,projcoords,-33.34677401201248,43.213102256953015,-31.56001195129915,44.031250283672236,-29.110684521340886,44.7930615691128,-26.151123652252263,45.34141865684748,-22.580079293894265,45.63324485596931,-18.934698452977464,45.62087941464909,-16.730505828770674,45.54289206984027,-13.936008908858831,44.75667616844324,-14.572270021251802,44.85494149761517,-12.536571438245872,44.3434545260627,-8.734232915378811,43.89783767756076,-6.286431407198869,43.68419614241923,-4.187142399600942,43.213102256953015,approx_rxn_crds,0.0,0.07752548802745184,0.16229050070916598,0.25024608941708315,0.3488043207090798,0.4480062213553051,0.5202891670752865,0.6049245000729028,0.6447504149092996,0.7156807918266923,0.8290070990117139,0.9134436495930939,1.0
nimgs,13,RMSF,0.0025542701675269324,AbsF,0.010020907684423264,RMSF_o,0.001132167764191872,AbsF_o,0.005279846405308198,RMSF_CI,0.007158840946491569,AbsF_CI,0.02725791051108177,energies,-2062.2789515101354,-2062.2803398246424,-2062.280756487691,-2062.280747089084,-2062.2795639813576,-2062.273787856556,-2062.260931747079,-2062.255711269029,-2062.1679084953057,-2062.2672723891346,-2062.277853036438,-2062.281956531016,-2062.2828096549856,gradnorms,0.002280250193640032,0.0025092656979287856,0.0033165010685631993,0.005463636767897396,0.007410246594284852,0.0063382385972109365,0.020471930593656186,0.10666432778005248,0.03805776834885895,0.011324058202846527,0.004007765386499615,orth_gradnorms,0.002273663011017602,0.0025092651833799697,0.002995568622949072,0.004115222689184199,0.006846221154003615,0.00402322457948949,0.016868919760112067,0.0,0.015169664709165441,0.004622456498075229,0.003517556237594726,projcoords,-33.34677401201248,43.213102256953015,-31.55934587472168,44.030076474997344,-29.109868549270566,44.792365555522366,-26.147738512861558,45.34163027019991,-22.569553622055857,45.63412645408031,-18.91940226102293,45.6212910175948,-16.717733521009336,45.54174043245265,-13.956175114767442,44.752837837441945,-14.605346549542666,44.862485348489024,-12.580006785572408,44.3474097257301,-8.750922059384262,43.897762496823646,-6.292298436369383,43.685517331274475,-4.187142399600942,43.213102256953015,approx_rxn_crds,0.0,0.07745411231909854,0.16217590289246106,0.2501459486238465,0.3488288807054344,0.44808263923157227,0.5203783022205775,0.6042814609865204,0.6436475199409675,0.7145826108230293,0.8286146663739137,0.913321244682602,1.0
nimgs,13,RMSF,0.0025553954474752216,AbsF,0.010047220874850629,RMSF_o,0.0011654049675353464,AbsF_o,0.005424653187797122,RMSF_CI,0.0068548787308969125,AbsF_CI,0.027218250153217747,energies,-2062.2789515101354,-2062.280350502025,-2062.2807699619348,-2062.2807661397896,-2062.2795915635593,-2062.2738414531195,-2062.26096029048,-2062.255492689544,-2062.165382102102,-2062.2669534615807,-2062.277887345469,-2062.2819739231586,-2062.2828096549856,gradnorms,0.0022681815571962667,0.0024864684890966425,0.0032841441362135766,0.005375114216755217,0.007308263775200043,0.006216377671391913,0.020875000035982756,0.10213539276958421,0.03807453464247349,0.011454676200343471,0.003951908470305532,orth_gradnorms,0.002262517994852187,0.0024864665213573923,0.0029650132348874162,0.0040809003752353195,0.0067725816088545715,0.0039923848595815525,0.0173641429363803,0.0,0.015391065144308252,0.0046004124369380785,0.003471237334740965,projcoords,-33.34677401201248,43.213102256953015,-31.55866380542567,44.028922707105295,-29.10905406839501,44.79167910466299,-26.144396477016976,45.34184770655217,-22.559312496455714,45.63502149094246,-18.90451183469615,45.62171720370255,-16.705172750451254,45.54057397806569,-13.97778386833886,44.749454206831714,-14.638178161012718,44.8698797545378,-12.623393625123565,44.35143043033895,-8.767747117004955,43.89770245939272,-6.298015986127418,43.6868074833563,-4.187142399600942,43.213102256953015,approx_rxn_crds,0.0,0.0773867154173104,0.16206777577735546,0.25005427700629396,0.34885891842569505,0.4481649890656745,0.520480958070041,0.6036222154397968,0.6425379965881813,0.7134762841934408,0.8282129201055175,0.9132005879747355,1.0
nimgs,13,RMSF,0.0025553807215931627,AbsF,0.010070940361581763,RMSF_o,0.001196796449120331,AbsF_o,0.005559888325357027,RMSF_CI,0.006515934600617584,AbsF_CI,0.02690045629474145,energies,-2062.2789515101354,-2062.2803610703277,-2062.2807832059416,-2062.280784805665,-2062.2796187977606,-2062.2738951931487,-2062.260988256553,-2062.2552872494985,-2062.1629859239674,-2062.2666231432445,-2062.277920767288,-2062.2819910355,-2062.2828096549856,gradnorms,0.002257421361695585,0.002466548038094205,0.003253050299734516,0.005291277100692463,0.007214944973329995,0.00608773726362244,0.021256452641167514,0.09708523896934408,0.03807431523177244,0.011590965280592998,0.00390458164957417,orth_gradnorms,0.0022525317384128195,0.0024665333683354497,0.0029357400128714197,0.004045722561809474,0.006703639888066795,0.003960770589342513,0.01783186547782372,0.0,0.015618255964735366,0.0045622039715747815,0.0034316598805165547,projcoords,-33.34677401201248,43.213102256953015,-31.557965772963467,44.02778892636945,-29.10823914237824,44.79100281334996,-26.141096029900947,45.34206954011173,-22.549345586929014,45.63592852977082,-18.890007830180423,45.62215791713665,-16.692825080071167,45.539396564618194,-14.000793934411012,44.74655211607896,-14.670758521460286,44.87708938390823,-12.66673180706989,44.35551287362275,-8.784720759763832,43.897660734804305,-6.303591693486127,43.688067995232146,-4.187142399600942,43.213102256953015,approx_rxn_crds,0.0,0.07732350548635597,0.16196665767160154,0.24997193180681054,0.3488958454483064,0.448255253694677,0.5205987541629462,0.602948721146184,0.6414218102186051,0.7123609608631157,0.8278010594921515,0.9130811679968789,1.0
nimgs,13,RMSF,0.002554165547695249,AbsF,0.010091702537246125,RMSF_o,0.0012263439642790314,AbsF_o,0.005691521443771043,RMSF_CI,0.006143165114046617,AbsF_CI,0.026225620535088992,energies,-2062.2789515101354,-2062.2803715346195,-2062.2807962279016,-2062.280803099988,-2062.279645690772,-2062.273948999681,-2062.2610156691744,-2062.2550974603864,-2062.160740369393,-2062.2662814524365,-2062.2779532757077,-2062.28200786905,-2062.2828096549856,gradnorms,0.0022454358383710246,0.0024500117711048204,0.003222193765377305,0.005212171076267382,0.007129842551481281,0.005951982825387948,0.0216150024240286,0.09153109871127706,0.03805620954847459,0.011738280561505526,0.0038611092797679325,orth_gradnorms,0.002241182218224515,0.0024499626905205387,0.002907115972159942,0.004010007387744011,0.006639165980572569,0.003927734952542484,0.018272113538303155,0.0,0.015852554942865058,0.004517894066227694,0.003393555227571129,projcoords,-33.34677401201248,43.213102256953015,-31.557252564399025,44.02667455502093,-29.107421910061003,44.79033732119001,-26.13783565056145,45.34229485156536,-22.53964262188139,45.63684591529112,-18.875870831993417,45.622612877469386,-16.680693213233347,45.53821257245066,-14.02515465625229,44.74415354200759,-14.703078850037286,44.88407390028748,-12.710021591143779,44.3596531347695,-8.801857455570719,43.897639369031374,-6.309033136807887,43.68930116014765,-4.187142399600942,43.213102256953015,approx_rxn_crds,0.0,0.07726470946527565,0.16187313074797324,0.2498998372935302,0.3489411848265866,0.44835555809220806,0.5207334530017255,0.6022634099730818,0.6402990279326409,0.7112357348419036,0.8273782514616271,0.9129623820555322,1.0
nimgs,13,RMSF,0.002551627456580668,AbsF,0.010108709038475445,RMSF_o,0.001253613552100234,AbsF_o,0.005822676100426918,RMSF_CI,0.005738069783378157,AbsF_CI,0.025097075128856675,energies,-2062.2789515101354,-2062.2803818970583,-2062.2808090400076,-2062.2808210353587,-2062.279672245292,-2062.274002802647,-2062.2610425477496,-2062.254925611372,-2062.158664375503,-2062.265928446809,-2062.2779848405,-2062.2820244187415,-2062.2828096549856,gradnorms,0.002233560853928785,0.0024317429716795894,0.003192288590189333,0.005138892293409778,0.007052188776442664,0.0058095381324740104,0.02194375451419477,0.08549531422387821,0.03801839284258536,0.011902256149487074,0.003822806426232086,orth_gradnorms,0.002229824862766359,0.0024316427576982188,0.0028789853114037983,0.003975436876400606,0.00657857042652454,0.0038936165109110074,0.018678421245867632,0.0,0.016093152789374177,0.004479156685213643,0.0033584717143916943,projcoords,-33.34677401201248,43.213102256953015,-31.55652563476874,44.02557854217398,-29.106601166751595,44.789682799322456,-26.13461369389219,45.342523241445335,-22.530193391617424,45.63777193441582,-18.862081172163144,45.62308163368646,-16.66878108127468,45.537026544534235,-14.050807715935957,44.74227542194554,-14.735128046030919,44.890786306624356,-12.75326371504081,44.363847138144465,-8.819173039893771,43.89764033361059,-6.314347821728633,43.69050970338626,-4.187142399600942,43.213102256953015,approx_rxn_crds,0.0,0.07721057258815542,0.1617878201444348,0.24983898039963207,0.34899656774644483,0.44846817172639536,0.5208869621223541,0.6015691725880734,0.6391697390267823,0.7100995472894208,0.8269435311993791,0.9128435648199043,1.0
nimgs,13,RMSF,0.0025475886822100575,AbsF,0.0101209547720643,RMSF_o,0.0012778151533027614,AbsF_o,0.0059490513244378545,RMSF_CI,0.0053033014455231885,AbsF_CI,0.023407211077137495,energies,-2062.2789515101354,-2062.2803921594095,-2062.2808216496837,-2062.280838623352,-2062.279698465293,-2062.27405653653,-2062.261068908705,-2062.2547737118907,-2062.1567754892612,-2062.2655642263917,-2062.2780154410493,-2062.2820406842275,-2062.2828096549856,gradnorms,0.0022235688420853264,0.002412260864633108,0.0031637913957848216,0.0050712549843140555,0.006981363009405945,0.005661320242729315,0.02223097750664078,0.07901741188689751,0.037958216459771925,0.012083905806311745,0.0037868102141481743,orth_gradnorms,0.002220249155585435,0.0024120959975635296,0.0028518804467929037,0.003942004088687476,0.006521398316365114,0.003859253313814385,0.01903901698235115,0.0,0.0163376660644267,0.004446171792998447,0.0033231825045051677,projcoords,-33.34677401201248,43.213102256953015,-31.555786657279484,44.024499685903024,-29.105776656089805,44.78903876738129,-26.131427983140995,45.342754498406066,-22.520987581902133,45.63870495568136,-18.848618907934352,45.62356363951424,-16.657094030046714,45.53584289882936,-14.07768764860673,44.74092965278065,-14.766892299774817,44.89717068215549,-12.79645947140597,44.36809053469491,-8.836684161509645,43.8976665997948,-6.319543475035958,43.69169603353444,-4.187142399600942,43.213102256953015,approx_rxn_crds,0.0,0.07716136630031865,0.1617114073720287,0.24979044587270222,0.3490637653172415,0.4485955456786374,0.5210613734017828,0.6008694087744115,0.6380340054306479,0.7089510925087616,0.8264957176868646,0.912724024781858,1.0
nimgs,13,RMSF,0.0025418393004720966,AbsF,0.010127507285996526,RMSF_o,0.0012980940577934322,AbsF_o,0.00605971259900221,RMSF_CI,0.004844686367235556,AbsF_CI,0.02145098633883304,energies,-2062.2789515101354,-2062.280402325615,-2062.2808340613215,-2062.280855875687,-2062.2797243555237,-2062.274110140239,-2062.2610947682406,-2062.254643427236,-2062.155091384548,-2062.265188931251,-2062.2780450504906,-2062.282056667527,-2062.2828096549856,gradnorms,0.002213620272995663,0.002395522841839579,0.0031370680903564144,0.005008045638325591,0.006916458680871042,0.0055088712539065375,0.022463599494019177,0.0721842011198221,0.03787255260122077,0.012284834682615367,0.003748490039299353,orth_gradnorms,0.002210624153079244,0.0023952833135870138,0.0028262307861553647,0.0039083433270096675,0.006466837341063131,0.0038260532315731594,0.019341165854184005,0.0,0.01658360012400166,0.004420439258092663,0.003282382278698004,projcoords,-33.34677401201248,43.213102256953015,-31.555037033658444,44.02343698906225,-29.104948793942626,44.78840434727651,-26.128276245979833,45.342988283230895,-22.512014517608836,45.63964347458068,-18.835463941485898,45.62405828091515,-16.645638863760443,45.53466586853977,-14.105721243396477,44.740122983682184,-14.798352861649853,44.903158903615235,-12.839610780918614,44.37237848186169,-8.854408103095484,43.89772242234374,-6.324628265838896,43.69286174362394,-4.187142399600942,43.213102256953015,approx_rxn_crds,0.0,0.0771174122035572,0.16164467989346562,0.24975549253930526,0.34914479523805564,0.44874044047107364,0.5212591121247084,0.6001682180881558,0.6368918967376898,0.7077887402935918,0.8260333688333736,0.9126030506779612,1.0
nimgs,13,RMSF,0.0025341459631497754,AbsF,0.010127624904570672,RMSF_o,0.0013139096731194884,AbsF_o,0.006142677499747768,RMSF_CI,0.00437523189149874,AbsF_CI,0.021173327297731533,energies,-2062.2789515101354,-2062.2804123988117,-2062.2808462828953,-2062.2808728047653,-2062.2797499175167,-2062.274163554908,-2062.261120146276,-2062.2545360255813,-2062.1536340048096,-2062.2648027391174,-2062.2780736424197,-2062.2820723630607,-2062.2828096549856,gradnorms,0.002202603918279507,0.0023801210667069644,0.00311111052495432,0.004949235630366321,0.006856770126404176,0.005354070495037639,0.022631853794132743,0.06518948696817652,0.03775792445680408,0.012506144707927987,0.0037113292002891166,orth_gradnorms,0.002199845599537438,0.0023798003285430747,0.002800926908910166,0.003874494967164833,0.006414180180761757,0.003795404679375527,0.019576813215229014,0.0,0.016829928630898792,0.004400909347824437,0.0032399198171922813,projcoords,-33.34677401201248,43.213102256953015,-31.55427767142955,44.02238981960142,-29.10411806172609,44.78777872698262,-26.125156640828326,45.34322397046837,-22.50326300444206,45.64058606965223,-18.822596213170442,45.624564831359706,-16.634423579466883,45.53349967189492,-14.134826768343402,44.73985669887724,-14.82947917853674,44.90866556820325,-12.882720254092812,44.37670539845046,-8.872363091113838,43.89781269096689,-6.329610659405315,43.69400766479001,-4.187142399600942,43.213102256953015,approx_rxn_crds,0.0,0.07707913199528073,0.16158863557540942,0.2497357131045884,0.3492421468966243,0.4489062085534962,0.5214832751019524,0.5994708020638909,0.6357436482259329,0.7066104224439296,0.8255547412770391,0.9124798580504303,1.0
nimgs,13,RMSF,0.002524196881370642,AbsF,0.010120537505272165,RMSF_o,0.0013252487441404858,AbsF_o,0.006191249526406375,RMSF_CI,0.003921713685784126,AbsF_CI,0.02187768660119505,energies,-2062.2789515101354,-2062.28042238,-2062.2808583230476,-2062.280889421691,-2062.279775150265,-2062.274216720913,-2062.26114506951,-2062.2544523632473,-2062.152437439869,-2062.2644058717533,-2062.278101202478,-2062.282087764018,-2062.2828096549856,gradnorms,0.0021925538632668563,0.002362866425791897,0.0030860833603891277,0.004896309612476719,0.006802433612837077,0.0051978410653883145,0.022731743626448475,0.0584322178920599,0.03760968647695063,0.012745821235735528,0.0036807873359316354,orth_gradnorms,0.002189952941635364,0.0023624614299561893,0.002776133870094813,0.0038421524591559348,0.006363402249789759,0.003766732850003326,0.019745761568341635,0.0,0.01707759918989623,0.004374296427360766,0.0032018135341065064,projcoords,-33.34677401201248,43.213102256953015,-31.55350913563771,44.021357793979675,-29.10328444094141,44.787161518759774,-26.122067949582068,45.34346073291081,-22.494721405348542,45.641531337024894,-18.809995861029158,45.62508236769642,-16.62345681022432,45.53234875620727,-14.164914117825745,44.74012622663876,-14.860212487156,44.91357990899063,-12.925791250673097,44.38106476032636,-8.890568843935617,43.897941937927044,-6.334499004491299,43.69513437107572,-4.187142399600942,43.213102256953015,approx_rxn_crds,0.0,0.07704713706567369,0.16154467100520747,0.24973332329521963,0.3493591885127029,0.4490973171852798,0.5217382546231918,0.5987841693844832,0.6345899895140332,0.7054133718247161,0.825057666404151,0.9123534615412251,1.0
nimgs,13,RMSF,0.002511455238484203,AbsF,0.010104835972441915,RMSF_o,0.0013324189189933115,AbsF_o,0.0062063704775572595,RMSF_CI,0.0035329311598656173,AbsF_CI,0.024382906995642325,energies,-2062.2789515101354,-2062.2804322712445,-2062.2808701862514,-2062.280905736824,-2062.2798000548582,-2062.2742695764555,-2062.2611695689775,-2062.2543929253998,-2062.1515595433666,-2062.2639986159866,-2062.2781277053336,-2062.2821028696335,-2062.2828096549856,gradnorms,0.002183908778764406,0.002345961698141892,0.0030623783149538123,0.004849874259650992,0.006754277669826884,0.00504093136220209,0.02276193339377189,0.05263948872127816,0.037419840273709926,0.013006410769591678,0.003657368208306643,orth_gradnorms,0.0021813791028339347,0.0023454746427860568,0.0027522275887461893,0.00381140273321561,0.006314840091067232,0.003738645985058092,0.0198525947675227,0.0,0.0173286110017118,0.0043335509863432166,0.0031682196126263476,projcoords,-33.34677401201248,43.213102256953015,-31.552732043307913,44.02034048212317,-29.102447254350025,44.78655278872784,-26.119009250227467,45.34369779076763,-22.48637787367571,45.642477873778304,-18.797643223562588,45.625609712431576,-16.612747165759167,45.53121791786724,-14.195886292544067,44.740920867582425,-14.890432626422276,44.91775333418962,-12.968827967747291,44.38544892705888,-8.90904709511793,43.89811380097939,-6.339301266570164,43.696242754189306,-4.187142399600942,43.213102256953015,approx_rxn_crds,0.0,0.0770223759422224,0.1615148921735773,0.2497516413640057,0.3495008417381293,0.4493202209336527,0.5220307666601552,0.5981182739122904,0.6334327380200404,0.7041935795393217,0.8245392374155304,0.9122224689744084,1.0
nimgs,13,RMSF,0.002494942320568465,AbsF,0.010077560330816285,RMSF_o,0.0013355509612629607,AbsF_o,0.006192883130819608,RMSF_CI,0.0032831464864312397,AbsF_CI,0.026895979521734358,energies,-2062.2789515101354,-2062.2804420759685,-2062.280881877018,-2062.280921760387,-2062.2798246342054,-2062.2743220563816,-2062.2611936759777,-2062.254357897439,-2062.1510945644523,-2062.2635813600928,-2062.2781531010723,-2062.282117680334,-2062.2828096549856,gradnorms,0.0021747281114260246,0.0023319300084017917,0.0030389937742123685,0.004809934875581548,0.006713616623671677,0.004886029249194198,0.02271673597132524,0.04891778090841005,0.03717380333807545,0.01330004045457288,0.003641331726024621,orth_gradnorms,0.0021721618568799356,0.0023313706760476334,0.0027279704790049777,0.0037808677945824582,0.006268768789735901,0.0037118114900155943,0.01989926114630774,0.0,0.017584590385662274,0.004290238499751374,0.0031386653351992864,projcoords,-33.34677401201248,43.213102256953015,-31.55194744042722,44.01933713122968,-29.101605522624933,44.78595276023634,-26.11597930530074,45.34393464865039,-22.47822046317228,45.6434243317689,-18.785518581956726,45.626145454046636,-16.602302702104332,45.53011219172447,-14.227641509843476,44.74222365010421,-14.91989951849271,44.920981975665626,-13.011835606543883,44.38984890437511,-8.92782214716893,43.89833132841748,-6.3440252426259836,43.69733429884116,-4.187142399600942,43.213102256953015,approx_rxn_crds,0.0,0.07700635680233264,0.16150258402707737,0.24979581599471157,0.34967460593951855,0.44958468616930686,0.5223713934325109,0.5974877236758225,0.6322758178397568,0.7029448739731667,0.8239952377902289,0.9120847976276746,1.0
nimgs,13,RMSF,0.00247299165914259,AbsF,0.010033145684414735,RMSF_o,0.0013341987130617524,AbsF_o,0.00615184326443182,RMSF_CI,0.003254197835438698,AbsF_CI,0.029025701895815253,energies,-2062.2789515101354,-2062.2804517959435,-2062.2808934035293,-2062.2809375005527,-2062.2798488891067,-2062.274374089478,-2062.261217423214,-2062.254347218329,-2062.151180169433,-2062.263154646661,-2062.2781773379347,-2062.2821321956535,-2062.2828096549856,gradnorms,0.002165226148485552,0.002317948578018082,0.0030169454469876626,0.004778100560046504,0.0066824095987107895,0.004736694024937142,0.022580409201918672,0.048486455723042984,0.03684674584890663,0.013643057462436619,0.0036338139725839796,orth_gradnorms,0.002162476164181101,0.0023173358417944915,0.0027042902962771103,0.003750321067710888,0.0062253653189292485,0.003687511566532148,0.01987911310188941,0.0,0.01784594408075698,0.004256517085285996,0.0031132197779294526,projcoords,-33.34677401201248,43.213102256953015,-31.551156950735596,44.01834657179568,-29.10075859423946,44.78536140134243,-26.11297612981661,45.34417116461012,-22.4702368369157,45.64436950865438,-18.773601593631906,45.62668804284307,-16.592130637840047,45.52903654841444,-14.2600744924275,44.74401108625703,-14.948157976693679,44.92298156798128,-13.05482066229404,44.39425391370023,-8.946921840000806,43.898597879129646,-6.3486792014303735,43.698410936458906,-4.187142399600942,43.213102256953015,approx_rxn_crds,0.0,0.07700148809971105,0.16151292956174523,0.24987394397494433,0.3498921320056266,0.44990582132692347,0.5227769308292581,0.5969144141752232,0.6311269621395994,0.7016574726706035,0.8234192288940296,0.9119372741297691,1.0
nimgs,13,RMSF,0.0024416193148742347,AbsF,0.009956714025599403,RMSF_o,0.0013255996362484504,AbsF_o,0.006055516472275211,RMSF_CI,0.003476593563242577,AbsF_CI,0.030099788078801402,energies,-2062.2789515101354,-2062.280461431827,-2062.280904772693,-2062.2809529654915,-2062.2798728175685,-2062.2744255939883,-2062.2612408465366,-2062.2543605899823,-2062.151972037278,-2062.262719249787,-2062.2782003728585,-2062.282146416867,-2062.2828096549856,gradnorms,0.0021570934061255157,0.0023022963335210854,0.0029976892738802557,0.004757028630607991,0.006663165070131518,0.0045945577950357456,0.022303508376067153,0.05180007743704152,0.03637930844705899,0.014051813167554763,0.003633371275793146,orth_gradnorms,0.0021539495856915123,0.002301659716599928,0.002682565212211468,0.003720239586705992,0.00618469401008786,0.0036647252762174983,0.019750989742999953,0.0,0.018111832990232748,0.004233621773455843,0.0030885205723941663,projcoords,-33.34677401201248,43.213102256953015,-31.550362664720826,44.01736733600118,-29.099906617978753,44.78477816716438,-26.109997029422253,45.34440741305869,-22.462413519670505,45.645312420175365,-18.761870445346382,45.62723590138173,-16.58223724893125,45.52799553414141,-14.293075630595391,44.74625254816228,-14.973477631294957,44.923263238191524,-13.09779135426143,44.398650669226754,-8.96637934046776,43.89891803069322,-6.353272552241952,43.699474637355614,-4.187142399600942,43.213102256953015,approx_rxn_crds,0.0,0.07701441185897008,0.16156000910249532,0.2500079099538652,0.35018441998502836,0.45032362502683454,0.5232930785993551,0.5964533695776294,0.6300202229419348,0.7003048616941615,0.8227947247060974,0.9117718196931675,1.0
nimgs,13,RMSF,0.0023962318528451135,AbsF,0.009828783972864859,RMSF_o,0.0013051954182757952,AbsF_o,0.00585553534835717,RMSF_CI,0.003877377368442855,AbsF_CI,0.02955387977075053,energies,-2062.2789515101354,-2062.280470985525,-2062.280915987933,-2062.2809681654626,-2062.2798964158646,-2062.274476471907,-2062.2612639810113,-2062.2543972260078,-2062.1534581450255,-2062.2622763540703,-2062.278222155918,-2062.2821603438983,-2062.2828096549856,gradnorms,0.0021496868890380845,0.0022877726926128473,0.002979724910073549,0.004747147509105563,0.006656814356475367,0.004458490130814623,0.021821634280834487,0.05777162164180135,0.03570305049368856,0.01453182541627034,0.003637545139949997,orth_gradnorms,0.0021458883102175373,0.0022871458280880417,0.0026611260985631565,0.0036907973807448094,0.006146809637738966,0.0036420676805396044,0.019446973742337507,0.0,0.018378023548597678,0.0042205593189901525,0.003060974836842242,projcoords,-33.34677401201248,43.213102256953015,-31.549566906726593,44.01639788391163,-29.099050550626792,44.78420205331365,-26.1070390018986,45.34464343698207,-22.454734985226693,45.646252313558605,-18.750300922938486,45.62778747328289,-16.57262782240973,45.52699301432848,-14.32652496869109,44.74890916633569,-14.993101658336945,44.92146237944407,-13.140758217039325,44.403022497319,-8.9862355895195,43.89929803178755,-6.3578161239845405,43.70052703373421,-4.187142399600942,43.213102256953015,approx_rxn_crds,0.0,0.07705358951253158,0.1616617471234001,0.2502255866893285,0.3505909298371194,0.450888993486959,0.5239781532622632,0.5961741158875976,0.6290133138408496,0.6988528433463302,0.8221005163249548,0.9115781960216223,1.0
nimgs,13,RMSF,0.0023360209169136044,AbsF,0.009643868911325465,RMSF_o,0.0012723977996205909,AbsF_o,0.005557969288603654,RMSF_CI,0.004375519272009513,AbsF_CI,0.027334169795476173,energies,-2062.2789515101354,-2062.280480458989,-2062.280927053919,-2062.280983109519,-2062.2799196791443,-2062.274526609412,-2062.2612868580086,-2062.2544553328194,-2062.1555131388836,-2062.2618277636125,-2062.2782426280087,-2062.2821739716137,-2062.2828096549856,gradnorms,0.0021418447300423945,0.002275043535986274,0.0029622738108907396,0.004747458679905959,0.00666324867830901,0.004327960995248707,0.021129817861859284,0.06519376884134954,0.034805927753548654,0.015079824418110031,0.0036465802956933387,orth_gradnorms,0.00213708808670906,0.0022744567097220053,0.0026392589901637394,0.0036620090207446247,0.0061118809732453715,0.003620006154012641,0.0189583002304112,0.0,0.018634144696792646,0.004214559654188316,0.003030846723558617,projcoords,-33.34677401201248,43.213102256953015,-31.548771984879576,44.015436821481686,-29.09819170072379,44.78363192309764,-26.104099212723895,45.34487904498907,-22.44718362056055,45.64718862078016,-18.738866446268688,45.62834121877388,-16.563307034583836,45.52603228181335,-14.360285267552534,44.75193435082911,-15.006216067660048,44.91746924773827,-13.183734035103107,44.40734961341025,-9.006539639500188,43.89974551527971,-6.3623216755791905,43.701569281528066,-4.187142399600942,43.213102256953015,approx_rxn_crds,0.0,0.07712108559819811,0.1618226732542426,0.25053415089924164,0.351122192057695,0.4516156370676594,0.5248471977710797,0.596097305487513,0.6281237013341779,0.697291665559471,0.8213296624894325,0.9113534509405276,1.0
nimgs,13,RMSF,0.002261648512864186,AbsF,0.009402250875246158,RMSF_o,0.001266257750708632,AbsF_o,0.005199125766009722,RMSF_CI,0.004955796457043827,AbsF_CI,0.02419118048897859,energies,-2062.2789515101354,-2062.2804898526106,-2062.280937977271,-2062.2809978045543,-2062.2799426016854,-2062.2745758816004,-2062.261309507688,-2062.254532180431,-2062.158057609671,-2062.261375930814,-2062.278261727741,-2062.2821872913205,-2062.2828096549856,gradnorms,0.0021346016106611686,0.002261728973564382,0.0029466344686649095,0.004757663320246218,0.0066831553803890385,0.004203352710141171,0.020253163555759176,0.07383970417228043,0.033697803890675934,0.015694289968570106,0.0036632278535275423,orth_gradnorms,0.002128512932113222,0.0022612085364514447,0.0026184747695209686,0.0036336373924284356,0.006080046856772029,0.003598652007165983,0.018310696850095,0.0,0.018866815562065313,0.00420595974249045,0.00300086296057771,projcoords,-33.34677401201248,43.213102256953015,-31.54798010558952,44.01448297083504,-29.097331175716295,44.78306688913413,-26.10117517328377,45.34511378551636,-22.439740370195373,45.64812087247587,-18.727538778681982,45.62889555780174,-16.55427928488416,45.52511636765864,-14.39420433180613,44.75527480830855,-15.013092904595254,44.91114905563944,-13.22673359056483,44.41160919066406,-9.027347322550906,43.900268860317176,-6.3668011578358294,43.702602207364535,-4.187142399600942,43.213102256953015,approx_rxn_crds,0.0,0.07721575425017334,0.16204059609360957,0.25093038776744725,0.35177420226835554,0.4524985802737819,0.5258934802842908,0.596219489655915,0.6273463927924188,0.695624083844951,0.8204824285476361,0.9110983148606967,1.0
nimgs,13,RMSF,0.002173161278715689,AbsF,0.00910121809515233,RMSF_o,0.0012795661177378253,AbsF_o,0.004802401618940936,RMSF_CI,0.00564980658927844,AbsF_CI,0.028321148408134267,energies,-2062.2789515101354,-2062.2804991667863,-2062.2809487627637,-2062.2810122582723,-2062.279965176421,-2062.274624154498,-2062.26133195973,-2062.2546245208487,-2062.1610915123624,-2062.2609239208223,-2062.278279379602,-2062.2822002932535,-2062.2828096549856,gradnorms,0.002128789372468243,0.002247925315739714,0.002933109845199844,0.004779205518013623,0.006718746741073539,0.004084980386262015,0.01920977169969951,0.08418022225064747,0.03237937379590044,0.016383085082307083,0.0036916111918248317,orth_gradnorms,0.0021208626828583452,0.002247496063484316,0.0025990061248823922,0.0036056936416842865,0.006051347046670513,0.0035768014890328074,0.01752459676043955,0.0,0.01906510576485503,0.004188863161785222,0.0029744999629860974,projcoords,-33.34677401201248,43.213102256953015,-31.547193540819965,44.013535242476316,-29.096469643798784,44.78250650940102,-26.098264522128005,45.34534712116142,-22.432385224379438,45.64904860945016,-18.716288488015266,45.629448776646896,-16.54554853119936,45.524248267007145,-14.42812052493003,44.75887033286007,-15.013812241126367,44.90217822706831,-13.269773503551708,44.41577441821618,-9.048720617279965,43.90087680577898,-6.3712665184122415,43.70362662154502,-4.187142399600942,43.213102256953015,approx_rxn_crds,0.0,0.07733709432893893,0.1623146889554209,0.2514131997218582,0.3525459396878384,0.4535366884869617,0.5271146799625573,0.5965428477515183,0.6266812844938847,0.693850440439022,0.8195574696499771,0.9108127636987142,1.0
nimgs,13,RMSF,0.0020713402631409687,AbsF,0.008737723479824332,RMSF_o,0.0012900823115903565,AbsF_o,0.004649950013278663,RMSF_CI,0.006470457554559769,AbsF_CI,0.03260858137316241,energies,-2062.2789515101354,-2062.2805084027677,-2062.280959413788,-2062.281026479504,-2062.2799873949907,-2062.2746712821886,-2062.261354240176,-2062.2547289665245,-2062.164524780408,-2062.2604754534777,-2062.2782954823815,-2062.282212968076,-2062.2828096549856,gradnorms,0.0021235012909755152,0.002235374497488025,0.0029206902217971714,0.004812654612215591,0.006771407020067995,0.003973036654585645,0.01801209214301866,0.09640764624400822,0.030862274832347908,0.017149391961315742,0.003734399180173763,orth_gradnorms,0.0021130993972500517,0.002235053071717035,0.0025797477602141385,0.003578611453068297,0.006026146751417616,0.0035541894009264293,0.016599993556867042,0.0,0.01922179352429389,0.004170222767060446,0.002954406542918973,projcoords,-33.34677401201248,43.213102256953015,-31.54641492461924,44.012592406569404,-29.095607532832254,44.78195070033974,-26.095364660987357,45.34557869925346,-22.42509719775237,45.64997133842396,-18.70508482346311,45.629998950823996,-16.537117832456644,45.52343098150802,-14.461864858952879,44.76265204019078,-15.008079855948756,44.890535449322854,-13.312871877937228,44.41981274948974,-9.070728587839199,43.901578541560355,-6.375730245038627,43.704643599617924,-4.187142399600942,43.213102256953015,approx_rxn_crds,0.0,0.07748285932792214,0.16264047778032503,0.25197584465285583,0.3534284913030524,0.4547186753582984,0.5284966206245091,0.5970567461003105,0.6261434303047997,0.691978131905111,0.8185573525374583,0.910498738922256,1.0
nimgs,13,RMSF,0.0019638306648679564,AbsF,0.008331688348827443,RMSF_o,0.0012970430050886785,AbsF_o,0.004725099450335862,RMSF_CI,0.007278687688744562,AbsF_CI,0.03653961936962118,energies,-2062.2789515101354,-2062.280517561082,-2062.280969935063,-2062.2810404760926,-2062.28000924913,-2062.2747171080964,-2062.2613763709624,-2062.2548420691533,-2062.1678210721793,-2062.260034972109,-2062.27830991998,-2062.2822253082536,-2062.2828096549856,gradnorms,0.002118275425197496,0.0022235814093876684,0.0029081022383934747,0.004849220526597861,0.0068326753591101234,0.00386540625769516,0.016720902344836037,0.10845000402214158,0.029260417895532687,0.017939358061274963,0.0037865049978123774,orth_gradnorms,0.0021049821620264123,0.002223356475995951,0.0025602547829619614,0.0035524085816499074,0.006005346980836489,0.00353156535679767,0.01554510137485305,0.0,0.019325505521589396,0.004160035941404028,0.0029402774632200086,projcoords,-33.34677401201248,43.213102256953015,-31.545647378704768,44.011652963583025,-29.094745423203562,44.78139946668851,-26.092472633428606,45.34580855039822,-22.417854544993844,45.65088857094155,-18.69389595068374,45.630543973895605,-16.528989352560394,45.52266754229666,-14.495259247569393,44.76654218343914,-14.997225378884348,44.87804839282579,-13.356046339758553,44.42368565213427,-9.093446891831562,43.90238386517778,-6.380205906996821,43.70565456943049,-4.187142399600942,43.213102256953015,approx_rxn_crds,0.0,0.07763703861079874,0.16298460715827934,0.2525668250147888,0.3543501662882816,0.4559524761352933,0.5299311911422245,0.5976453370117021,0.6257329760796938,0.690069724797412,0.8175168344418806,0.9101740572755971,1.0
nimgs,13,RMSF,0.0018534922925564582,AbsF,0.00789089166072275,RMSF_o,0.0012994219583565216,AbsF_o,0.004748058744689363,RMSF_CI,0.007999142250065778,AbsF_CI,0.04001373706977336,energies,-2062.2789515101354,-2062.280526641549,-2062.2809803316327,-2062.281054254349,-2062.280030732991,-2062.274761492584,-2062.2613983734077,-2062.25496000169,-2062.170922074976,-2062.2596072610872,-2062.278322580802,-2062.2822373100835,-2062.2828096549856,gradnorms,0.002113996853982423,0.0022113123757564173,0.002895948944393883,0.004887319694238588,0.006900741618404336,0.0037641998892194877,0.015379229255004448,0.1191845352198296,0.027616413174807754,0.018740026224669724,0.003844979532527396,orth_gradnorms,0.0020974401010097703,0.002211168004346031,0.00254134475107266,0.003526730621315408,0.005989144078324346,0.0035087961137533585,0.014396704233241001,0.0,0.0193609511269648,0.0041627530924942925,0.0029292692822389596,projcoords,-33.34677401201248,43.213102256953015,-31.5448940478922,44.01071535169603,-29.093884183199094,44.780852682050124,-26.089585586998286,45.34603707700372,-22.410637384053352,45.65179995572995,-18.682692317385936,45.631081853343005,-16.521165796904164,45.52196139599312,-14.528122108088585,44.77046385175178,-14.982248003999041,44.865146523217874,-13.399308366667537,44.427355492304244,-9.116947055369293,43.90330226478025,-6.384707123549363,43.706661132603514,-4.187142399600942,43.213102256953015,approx_rxn_crds,0.0,0.07779243347709613,0.16333219117894332,0.2531632113768162,0.3552792555203221,0.45719744701310605,0.5313701021931805,0.5982611987657525,0.6254435480200372,0.6881536170862712,0.816450465229715,0.9098464435791911,1.0
nimgs,13,RMSF,0.0017427124235088538,AbsF,0.0074228286208647696,RMSF_o,0.0012960557058030117,AbsF_o,0.0046821715485742335,RMSF_CI,0.00856289582955098,AbsF_CI,0.042878524247606534,energies,-2062.2789515101354,-2062.280535644688,-2062.2809906070493,-2062.2810678207165,-2062.2800518423514,-2062.274804315851,-2062.2614202675277,-2062.255078897623,-2062.173833442343,-2062.2591972964524,-2062.278333357738,-2062.282248972309,-2062.2828096549856,gradnorms,0.0021105253180965077,0.0021992134577185248,0.0028847331529883325,0.0049266552831594345,0.00697412558242705,0.003671245511632463,0.0140431959000514,0.12758427437297523,0.025965830300869776,0.019543290407690737,0.003907040685365626,orth_gradnorms,0.0020903434174885226,0.0021991325408110083,0.0025236063879706745,0.0035014624622504487,0.005976857967190169,0.0034852317951804246,0.013210711563677887,0.0,0.01931079509354518,0.004179029280156874,0.0029177137323402108,projcoords,-33.34677401201248,43.213102256953015,-31.544157879590518,44.009778091508316,-29.093024998606936,44.78030996967911,-26.086700992904674,45.34626488682037,-22.403427760841467,45.652705404173446,-18.671446940277608,45.63161082552381,-16.513650187227537,45.52131610076382,-14.560269066421297,44.774342151626904,-14.96433248924808,44.85217327817508,-13.442662317661725,44.430785588047186,-9.141294550509869,43.904342823452964,-6.3892472381555345,43.70766484293668,-4.187142399600942,43.213102256953015,approx_rxn_crds,0.0,0.07794190612185439,0.16366844532034755,0.2537421981535636,0.3561841515426481,0.4584130596905556,0.5327652845917974,0.5988576195165516,0.6252615029753554,0.6862585288520616,0.8153729806737077,0.909523634462741,1.0
nimgs,13,RMSF,0.0016334747330530573,AbsF,0.006934515369003114,RMSF_o,0.0012861335985178799,AbsF_o,0.004514056393925249,RMSF_CI,0.008931196179222358,AbsF_CI,0.045022354402551326,energies,-2062.2789515101354,-2062.280544571437,-2062.281000764562,-2062.281081182594,-2062.280072574161,-2062.274845476458,-2062.2614420702544,-2062.255195197212,-2062.1765792943634,-2062.258810058438,-2062.2783421510658,-2062.2822602939596,-2062.2828096549856,gradnorms,0.0021071375082254685,0.0021881077506605245,0.0028736961343967565,0.004967573679794905,0.007051509233779531,0.0035886076815257752,0.012772037819492635,0.13307182599096568,0.024338225370434303,0.02034211140086559,0.0039710149247065415,orth_gradnorms,0.0020829537142638375,0.0021880726270123133,0.0025061429903441997,0.003476771026539756,0.005967384295856803,0.0034610988201831602,0.01204986245066514,0.0,0.019162959024600412,0.004203907911109948,0.00290278719378043,projcoords,-33.34677401201248,43.213102256953015,-31.543441444022072,44.0088399275046,-29.09216917215253,44.7797707788225,-26.083816771084244,45.34649254932326,-22.39620944140386,45.65360515061986,-18.66013542811308,45.63212940356556,-16.506445363007717,45.520734985073894,-14.591515488638775,44.77810505500953,-14.944530003190119,44.83931359464871,-13.48610520547503,44.43393980155438,-9.166547967332548,43.90551405225528,-6.393838816183904,43.70866703616116,-4.187142399600942,43.213102256953015,approx_rxn_crds,0.0,0.07807976120134,0.16398158779646427,0.2542856043691299,0.35703967103730383,0.45956702664876425,0.5340783472943406,0.5993990014281937,0.6251712581586727,0.6844079492140643,0.8142960811839075,0.9092117928015354,1.0
nimgs,13,RMSF,0.0015280315519495974,AbsF,0.006434608789045024,RMSF_o,0.0012695989468172143,AbsF_o,0.004519894868681902,RMSF_CI,0.009104054106811085,AbsF_CI,0.04642353736155143,energies,-2062.2789515101354,-2062.2805534221266,-2062.2810108083117,-2062.281094346649,-2062.2800929266914,-2062.274884888478,-2062.2614637958277,-2062.255305883811,-2062.17917437419,-2062.2584523519713,-2062.2783488685714,-2062.282271271347,-2062.2828096549856,gradnorms,0.0021041641121774934,0.0021772863709672735,0.0028624880688924307,0.005010303158560891,0.007131524561656848,0.0035177204135388458,0.011620536665583263,0.13564735110536852,0.022767157356009024,0.021124043619405935,0.004038095840619838,orth_gradnorms,0.002075601844474749,0.0021772784760073095,0.002488533674477539,0.003452873508808678,0.00595970519901591,0.003436909818556705,0.010973747686885506,0.0,0.018916598262863814,0.004227387615059355,0.002885532182613129,projcoords,-33.34677401201248,43.213102256953015,-31.542746876309383,44.007899884231435,-29.09131784613043,44.77923458089177,-26.080931288090692,45.34672041469645,-22.388967687015615,45.65449969863291,-18.648735987650866,45.63263634527324,-16.49955333838213,45.520220907851886,-14.621680372058599,44.781683815638935,-14.923602468515753,44.82660769705398,-13.529388718240515,44.43676648107787,-9.19275858223753,43.906823594293094,-6.398493316047492,43.70966881637069,-4.187142399600942,43.213102256953015,approx_rxn_crds,0.0,0.07820232426857514,0.16426405764477736,0.2547817695820114,0.3578297311989221,0.4606387372937112,0.5352845811413992,0.5998650220266492,0.6251600138548393,0.682624782079218,0.8132270625016257,0.9089148233886565,1.0
nimgs,13,RMSF,0.001468132635768604,AbsF,0.005976751644037506,RMSF_o,0.0012470563694272293,AbsF_o,0.004508243429102147,RMSF_CI,0.009107205802504403,AbsF_CI,0.04713539912418798,energies,-2062.2789515101354,-2062.2805621970265,-2062.281020742176,-2062.281107318334,-2062.2801128997717,-2062.2749224793106,-2062.261485456568,-2062.2554085784927,-2062.18161969072,-2062.258130732109,-2062.2783534162963,-2062.2822818982663,-2062.2828096549856,gradnorms,0.0021020502181640648,0.002166270085251956,0.002851871541588638,0.005054487541448173,0.0072127455125830554,0.003458471880047835,0.010639399601748967,0.13569431031357104,0.021286931660269678,0.02187468360544602,0.0041119778921522515,orth_gradnorms,0.0020687594400892453,0.002166269972551428,0.0024716703462340536,0.0034296340829293222,0.005953197113368539,0.0034125386413121836,0.010038004303107804,0.0,0.01858072142446151,0.004244112311819384,0.00287097081599904,projcoords,-33.34677401201248,43.213102256953015,-31.542075950277535,44.00695721344233,-29.0904718138055,44.778701047448,-26.078043274056355,45.34694858756021,-22.381689145053382,45.65538966802584,-18.637229517705382,45.63313057021871,-16.492974656169324,45.51977615284188,-14.65059079834183,44.78501325935096,-14.90202651307809,44.81400843779654,-13.57221251269929,44.439215329170544,-9.219969229889035,43.90827778140294,-6.403221203788436,43.710671200690385,-4.187142399600942,43.213102256953015,approx_rxn_crds,0.0,0.0783075984167782,0.16451179702501095,0.2552244481381773,0.3585458117080598,0.4616172748615032,0.5363706657324177,0.6002477197322128,0.6252183049335124,0.6809268846418888,0.8121696261331953,0.9086347385816888,1.0
nimgs,13,RMSF,0.0015154729938900286,AbsF,0.006211186980857315,RMSF_o,0.0012194098410163235,AbsF_o,0.004479936831039662,RMSF_CI,0.008976668958515403,AbsF_CI,0.047255103169545315,energies,-2062.2789515101354,-2062.280570896967,-2062.2810305691505,-2062.2811201035356,-2062.2801324942684,-2062.2749581886565,-2062.2615070619963,-2062.2555011768686,-2062.183908147651,-2062.2578506920095,-2062.2783556955787,-2062.2822921700995,-2062.2828096549856,gradnorms,0.002100329912374095,0.00215571013254854,0.0028418581165654553,0.005099354270809191,0.007293865969487174,0.003410132569556951,0.009881989465378332,0.1337493551429383,0.01992835088578649,0.022580039055250137,0.004195212651084633,orth_gradnorms,0.0020619999777786455,0.002155698058846311,0.002455612664550856,0.0034067027219010833,0.005947816164878198,0.0033879696242722127,0.009301277279923746,0.0,0.018168797428602012,0.004257906594078639,0.0028632295077957366,projcoords,-33.34677401201248,43.213102256953015,-31.541430224972864,44.006011275942704,-29.089631503775493,44.77817010117151,-26.075151704619085,45.34717704861672,-22.37436184612741,45.65627561872092,-18.62559972445961,45.63361107616214,-16.486707853778984,45.51940239028186,-14.677973379646382,44.78801932223921,-14.880069592690663,44.80143478747803,-13.614306694708496,44.44124380851791,-9.248212917740496,43.9098812199204,-6.408032460143364,43.71167532173531,-4.187142399600942,43.213102256953015,approx_rxn_crds,0.0,0.07839446231105161,0.16472256853573827,0.25561020372182247,0.35918330402339504,0.4624967180680906,0.5373292237482661,0.6005477524430937,0.6253403034189429,0.6793277317102534,0.8111257821798853,0.9083725560552979,1.0
nimgs,13,RMSF,0.0015588495654529867,AbsF,0.006428163595012696,RMSF_o,0.001187572877795151,AbsF_o,0.0044360744134041,RMSF_CI,0.008751694706004414,AbsF_CI,0.04691680846054077,energies,-2062.2789515101354,-2062.2805795226914,-2062.2810402923847,-2062.2811327086156,-2062.2801517113967,-2062.2749919690236,-2062.261528618166,-2062.2555790273022,-2062.1860302348737,-2062.2576166245944,-2062.2783556131526,-2062.2823020860023,-2062.2828096549856,gradnorms,0.002098712703045454,0.00214569914550993,0.0028317747826884427,0.005144249936441335,0.007373678973036611,0.0033723308638861503,0.009417816543123637,0.13039731427609028,0.018715007685057027,0.023226335415477802,0.0042873684274386415,orth_gradnorms,0.0020550948287919564,0.002145656091302121,0.002439638597367399,0.00338414593850196,0.005943933980405325,0.0033638288252570594,0.008841853268134211,0.0,0.017694437360271553,0.004276343204223878,0.002862575249655732,projcoords,-33.34677401201248,43.213102256953015,-31.540811170089007,44.00506143801051,-29.088797120300157,44.77764182197242,-26.072255670553627,45.34740583045498,-22.36697524635477,45.657157942759085,-18.613833161976338,45.63407689916776,-16.480748998683868,45.51910057209851,-14.702540681971636,44.790520891442256,-14.857869509989765,44.78880252348339,-13.655433044477073,44.442817633598736,-9.277511450264267,43.911636557783005,-6.412937117926845,43.712682549536595,-4.187142399600942,43.213102256953015,approx_rxn_crds,0.0,0.07846045156906736,0.16489129315850806,0.25593117595299086,0.3597313477709005,0.46326305715494975,0.538143638452721,0.6007779395760348,0.6255312889377258,0.6778453428867958,0.8101011927805916,0.9081308730260168,1.0
nimgs,13,RMSF,0.0015973451419030152,AbsF,0.006623574630308402,RMSF_o,0.0011523655256769668,AbsF_o,0.004377684905770847,RMSF_CI,0.00847128798160236,AbsF_CI,0.04626306860954409,energies,-2062.2789515101354,-2062.280588074601,-2062.2810499152633,-2062.281145139184,-2062.280170553134,-2062.275023787525,-2062.2615501269393,-2062.2556396769623,-2062.187977278001,-2062.257431817019,-2062.278353093003,-2062.2823116479804,-2062.2828096549856,gradnorms,0.00209752723079037,0.0021356764929794585,0.0028215620718789573,0.00518852091908287,0.0074507023050909334,0.003342685754541859,0.009272550957948362,0.12621934817977554,0.017660575051774093,0.02379990658645908,0.004386075605669597,orth_gradnorms,0.0020484656158027102,0.0021355853308831644,0.002423734737502078,0.0033621602621050845,0.005941718537389906,0.003340407291575024,0.008693431658794206,0.0,0.017169859628391345,0.004305021479271162,0.0028664789297180447,projcoords,-33.34677401201248,43.213102256953015,-31.54022019527483,44.004107045828874,-29.087968852194944,44.77711628088198,-26.06935426940801,45.347635131205855,-22.35952025945699,45.6580368718495,-18.601919180579692,45.63452713461878,-16.47509038045937,45.518870356293974,-14.723230282088197,44.79238328603547,-14.83549727354519,44.77603558354047,-13.695385524447454,44.443910913773294,-9.307874078300657,43.91354446029353,-6.417945435478166,43.71369444700032,-4.187142399600942,43.213102256953015,approx_rxn_crds,0.0,0.07850450189953197,0.1650158121877024,0.2561840204000132,0.3601853887766266,0.46391036626935617,0.5388068839357955,0.6009542133292094,0.6257924404150689,0.6764909891439995,0.8090985854968187,0.9079106671023015,1.0
nimgs,13,RMSF,0.0016300826380016436,AbsF,0.006793409071489083,RMSF_o,0.0011145670581206792,AbsF_o,0.004305537114241586,RMSF_CI,0.008169558638033592,AbsF_CI,0.04542118184593231,energies,-2062.2789515101354,-2062.2805965533953,-2062.2810594406224,-2062.281157400146,-2062.2801890227893,-2062.2750536274275,-2062.261571585009,-2062.255683800929,-2062.1897435201563,-2062.2572984582407,-2062.2783480848466,-2062.282320860005,-2062.2828096549856,gradnorms,0.0020967098744405156,0.002125786572276813,0.002811473954429695,0.0052312525185243906,0.007522944693225669,0.0033177475413489594,0.00941142879882174,0.12172368221319867,0.016768159976423683,0.02428768429246799,0.0044878611287238294,orth_gradnorms,0.0020421477741599963,0.0021256331714075457,0.002408248900211251,0.003340540226623821,0.005940640101487099,0.0033174632793962207,0.008824656839334753,0.0,0.01660667514599501,0.004344428459101404,0.002870541470038578,projcoords,-33.34677401201248,43.213102256953015,-31.53965856927543,44.00314748661341,-29.08714703635816,44.776593411202,-26.066446582222483,45.34786530035922,-22.351989245281022,45.65891257455694,-18.58984984781494,45.634961003787964,-16.469719834069206,45.518709659711156,-14.739583236244487,44.79356169243456,-14.812996219719807,44.76306858429902,-13.733990066691234,44.444505916724964,-9.339296215516047,43.91560367809699,-6.42306758889754,43.71471258339594,-4.187142399600942,43.213102256953015,approx_rxn_crds,0.0,0.0785272031342906,0.1650974224105179,0.2563707451004847,0.3605483612799776,0.4644423335708975,0.5393233194407039,0.6010892452835007,0.6261185373237206,0.6752680003758049,0.8081170775717128,0.9077110041438455,1.0
nimgs,13,RMSF,0.0016562748900252216,AbsF,0.00693393706507612,RMSF_o,0.0010749940847362219,AbsF_o,0.004220097523838116,RMSF_CI,0.007871536564328268,AbsF_CI,0.04448585492238518,energies,-2062.2789515101354,-2062.280604960102,-2062.2810688710388,-2062.2811694963625,-2062.2802071245205,-2062.2750814882756,-2062.2615929829785,-2062.2557148125,-2062.1913270976147,-2062.2572176607346,-2062.2783405695304,-2062.2823297260356,-2062.2828096549856,gradnorms,0.002095801000195602,0.002116406499352831,0.002801555091790029,0.005271613481968484,0.00758814800924543,0.003294897916633169,0.009759321624130296,0.11728325332352281,0.016031165628320583,0.02467794005817401,0.004589645076938192,orth_gradnorms,0.0020357736630013065,0.00211618060219767,0.0023932768805220907,0.00331908519419113,0.005939584670522247,0.00329489620108224,0.009158356351155347,0.0,0.016017051122237405,0.004389072778365074,0.002870635133894182,projcoords,-33.34677401201248,43.213102256953015,-31.539127281862555,44.002182289916604,-29.086332183614406,44.77607299355427,-26.063531777380643,45.34809671730425,-22.34437594993742,45.65978526547513,-18.577619919180087,45.635377930440995,-16.46462093613859,45.51861455327062,-14.75189092693012,44.79410519391207,-14.790403302299207,44.749847175489634,-13.771103728762336,44.44459257818479,-9.37175840577897,43.91781103262966,-6.428313124923411,43.715738325575835,-4.187142399600942,43.213102256953015,approx_rxn_crds,0.0,0.07853052446502325,0.16514030060033533,0.2564978233248129,0.3608294485164987,0.46487067032521323,0.5397068316113535,0.6011884628186244,0.6264987925626282,0.6741728225762764,0.8071527970658786,0.9075293678430543,1.0
nimgs,13,RMSF,0.0016753085948306332,AbsF,0.007042146349202703,RMSF_o,0.0010345127560957533,AbsF_o,0.004121624104897284,RMSF_CI,0.007592294142335644,AbsF_CI,0.04351906773148109,energies,-2062.2789515101354,-2062.280613295574,-2062.2810782093925,-2062.281181432783,-2062.280224862864,-2062.27510738504,-2062.2616143062305,-2062.2557372889773,-2062.192730308302,-2062.2571895040755,-2062.2783305589455,-2062.2823382467272,-2062.2828096549856,gradnorms,0.0020947667325762016,0.0021072729590808025,0.00279165448854657,0.005309126419638855,0.007644222596403804,0.0032728800771856907,0.010235956401570913,0.11312263494239867,0.015434748588887454,0.02496153587255345,0.004691164236077359,orth_gradnorms,0.002029407263922115,0.002106968580725362,0.0023786703214365174,0.0032979495670209997,0.005937268482769391,0.003272796880984397,0.009609625270198338,0.0,0.01541389290998587,0.004431043039796364,0.0028668529065303846,projcoords,-33.34677401201248,43.213102256953015,-31.538626933699717,44.001211202210435,-29.085524845708957,44.77555475493723,-26.06060929434965,45.348329648334875,-22.33667543263903,45.66065525207514,-18.565226885777047,45.635777593087575,-16.45977397626572,45.51857955619939,-14.760958283471538,44.794110508504026,-14.767758212797087,44.736328583135524,-13.806613373530576,44.444167869945616,-9.40522579377467,43.920161232113976,-6.433690569609132,43.71677274095768,-4.187142399600942,43.213102256953015,approx_rxn_crds,0.0,0.07851703924308838,0.1651498756404276,0.25657367009130166,0.3610405405112098,0.46521054974574,0.5399755055910318,0.6012512151062903,0.6269203611174029,0.6731982416520529,0.8062007606661201,0.9073625708684343,1.0
nimgs,13,RMSF,0.0016868362883112839,AbsF,0.0071162384330863615,RMSF_o,0.00099399477046711,AbsF_o,0.00401037846399965,RMSF_CI,0.00733887778778515,AbsF_CI,0.04255899428629429,energies,-2062.2789515101354,-2062.2806215606315,-2062.281087458451,-2062.2811932141612,-2062.280242243054,-2062.275131346944,-2062.2616355369946,-2062.255755450588,-2062.193959593441,-2062.2572131038796,-2062.278318091907,-2062.28234641944,-2062.2828096549856,gradnorms,0.0020937678744076854,0.002098134560741537,0.002781641213077719,0.005343514041643872,0.007689576095038639,0.0032511899446949397,0.010775358165336226,0.10934681629959911,0.01495783911047731,0.025133294637018067,0.0047947459553276455,orth_gradnorms,0.002023302652345996,0.0020977499328858375,0.0023642850374887225,0.0032773447877901714,0.005932572780622554,0.003251106685777896,0.0101080952190645,0.0,0.014810188520911666,0.004465678651602121,0.002863580176342284,projcoords,-33.34677401201248,43.213102256953015,-31.53815771989195,44.00023419060793,-29.0847253995085,44.77503851093146,-26.057678973898373,45.348564173680025,-22.32888402842258,45.66152289584679,-18.55267104696359,45.636159936298434,-16.45515725153468,45.51859816495955,-14.767701036882833,44.79366216490015,-14.745105500783138,44.722482382309636,-13.840434011760149,44.44323503865175,-9.439648275120355,43.92264660990776,-6.439207436141021,43.71781666964832,-4.187142399600942,43.213102256953015,approx_rxn_crds,0.0,0.07848918452128674,0.1651312725434828,0.25660622665497396,0.36119283937456925,0.465476232312539,0.5401465057751418,0.601275182622567,0.6273717843070103,0.6723365478324144,0.8052566989112966,0.9072076171416009,1.0
nimgs,13,RMSF,0.0016906173305779244,AbsF,0.007155006321311158,RMSF_o,0.0009548056919185955,AbsF_o,0.003888846365361129,RMSF_CI,0.007112889354208493,AbsF_CI,0.04162143127293947,energies,-2062.2789515101354,-2062.280629756407,-2062.2810966205616,-2062.2812048448795,-2062.2802592713697,-2062.2751534158783,-2062.2616566560437,-2062.255772488339,-2062.1950252350007,-2062.2572864794683,-2062.2783032321445,-2062.282354241829,-2062.2828096549856,gradnorms,0.0020926137892357194,0.002089226619112775,0.002771631369862323,0.0053745588893085346,0.0077233850646751395,0.0032296783870454306,0.011329212873680725,0.10597966447520571,0.01458226387788753,0.02518963089797059,0.004902555955498469,orth_gradnorms,0.0020173327946850293,0.0020887638073873267,0.0023502483630373477,0.003257264053715268,0.005924860840515679,0.003229667749748792,0.010602427691059062,0.0,0.014226284401384393,0.00449434250067489,0.002865237259919824,projcoords,-33.34677401201248,43.213102256953015,-31.53771951525416,43.99925137849669,-29.083933888545637,44.77452425772641,-26.054741015424,45.348800224387894,-22.320999358393763,45.66238852358474,-18.53995550241072,45.63652514670266,-16.450748215969504,45.51866337727958,-14.772857824222907,44.79279756155175,-14.722493674925914,44.70829092956315,-13.872092802209073,44.44181393104466,-9.474961336897023,43.92525700135146,-6.4448705611888375,43.7188709093752,-4.187142399600942,43.213102256953015,approx_rxn_crds,0.0,0.0784494535926903,0.16508971852134108,0.2566035911804292,0.3612977487985721,0.46568221167924584,0.5402373685758675,0.6012643003359469,0.6278488706404162,0.6715908489467293,0.8043165673743086,0.9070614571304412,1.0
nimgs,13,RMSF,0.0016868283321290788,AbsF,0.007159260862485191,RMSF_o,0.0009180410369350559,AbsF_o,0.003759974593768044,RMSF_CI,0.006912564758871241,AbsF_CI,0.040708725504224524,energies,-2062.2789515101354,-2062.2806378841365,-2062.281105698038,-2062.281216329228,-2062.2802759549236,-2062.275173644598,-2062.2616776436416,-2062.255790563686,-2062.1959406949213,-2062.2574059031335,-2062.2782860724474,-2062.2823617143936,-2062.2828096549856,gradnorms,0.0020911118672103054,0.0020806831189395998,0.002761686143150683,0.005402166538152225,0.007745763677434514,0.0032084491047854754,0.011864974458525912,0.10299489522845623,0.01428578082629687,0.025133176092573106,0.005014953844814311,orth_gradnorms,0.0020113440497308774,0.0020801472422720697,0.002336606611948247,0.0032375683187199234,0.005914221751937225,0.0032083951732719243,0.011058502644962335,0.0,0.013678503379401123,0.00452234102078841,0.0028733355758134038,projcoords,-33.34677401201248,43.213102256953015,-31.53731200865158,43.998262955931956,-29.083150035737603,44.77401215793255,-26.051795768868715,45.3490376968094,-22.31302033555273,45.66325235244453,-18.5270859708012,45.63687361370867,-16.44652426962572,45.51876805876346,-14.776897595831759,44.791505967270865,-14.699970540585948,44.69374942972088,-13.901290047138477,44.439936912426774,-9.511086912617813,43.92797994358042,-6.4506864733450895,43.719936385784244,-4.187142399600942,43.213102256953015,approx_rxn_crds,0.0,0.07839980589239857,0.16502930300586324,0.2565720915464185,0.36136416328945975,0.465839724164339,0.5402619231507826,0.6012255593666621,0.6283498174610518,0.6709612103478534,0.8033779732111535,0.9069216701305974,1.0
nimgs,13,RMSF,0.001675949135534055,AbsF,0.00713127496555616,RMSF_o,0.0008844627820016951,AbsF_o,0.0036268868455191033,RMSF_CI,0.006734324082827867,AbsF_CI,0.03981103239937004,energies,-2062.2789515101354,-2062.280645944952,-2062.2811146933473,-2062.281227671498,-2062.280292301227,-2062.275192095468,-2062.2616984800743,-2062.255811011429,-2062.1967212985815,-2062.2575666582843,-2062.2782667409647,-2062.282368840794,-2062.2828096549856,gradnorms,0.0020893755020368774,0.002072271672445593,0.0027517073125653546,0.0054264856406556474,0.007757573616992986,0.003187782601213743,0.01236354906057439,0.10033916896839089,0.014046218818411602,0.02497107971408547,0.00513050053791734,orth_gradnorms,0.0020054777826595998,0.002071669890693439,0.002323204800113828,0.003218246052439479,0.0059013222209562755,0.0031872889883521743,0.011456857751875152,0.0,0.013178198648891718,0.0045540465793305245,0.0028861625382818066,projcoords,-33.34677401201248,43.213102256953015,-31.5369348080794,43.99726911735365,-29.08237342700466,44.77350243488463,-26.04884350606038,45.34927656673527,-22.304947083687388,45.66411447557366,-18.514070415426826,45.63720589513226,-16.44246320876337,45.51890512419955,-14.780060610790143,44.78974719074977,-14.677579795392518,44.6788646637961,-13.927921822800794,44.43764082911537,-9.547935059661633,43.930801201858124,-6.456661516947411,43.72101419971731,-4.187142399600942,43.213102256953015,approx_rxn_crds,0.0,0.07834172407869525,0.1649530989039455,0.256516472833571,0.3613987320786421,0.4659570935496577,0.5402306735980783,0.6011676194558124,0.6288735822780135,0.6704438370403308,0.8024399809322815,0.9067863966098975,1.0
nimgs,13,RMSF,0.0016586160170623887,AbsF,0.007073979650284957,RMSF_o,0.0008545499891555943,AbsF_o,0.003672603244058232,RMSF_CI,0.006573967385605186,AbsF_CI,0.038910465362392954,energies,-2062.2789515101354,-2062.280653940091,-2062.2811236087646,-2062.281238875762,-2062.280308318146,-2062.275208839778,-2062.261719145938,-2062.2558343926453,-2062.1973826184985,-2062.2577638248554,-2062.278245403554,-2062.2823756270627,-2062.2828096549856,gradnorms,0.0020874643734868164,0.0020639009730600926,0.0027417620613623163,0.005447817886489767,0.007759934021233316,0.0031681446265593933,0.012818842806531838,0.09794990799135113,0.013844923334504187,0.02471282206540585,0.00524661334271643,orth_gradnorms,0.001999803029703277,0.002063241671796833,0.0023100769603031745,0.0031993804650148846,0.0058869057453509906,0.003166440539932887,0.01179201282266994,0.0,0.0127325080734478,0.004589745955930252,0.0028997279377328774,projcoords,-33.34677401201248,43.213102256953015,-31.53658746300151,43.996270055982365,-29.081603741410106,44.77299524777723,-26.045884338728168,45.34951693231413,-22.29678073086173,45.66497491141381,-18.50091854809977,45.63752269610877,-16.43854344713215,45.51906757980897,-14.782419002418742,44.78748237278031,-14.655358877887421,44.663652517291204,-13.952050128048747,44.43495961977221,-9.5854062018694,43.93370540987387,-6.462801674218684,43.72210553404627,-4.187142399600942,43.213102256953015,approx_rxn_crds,0.0,0.07827629870252512,0.16486334228448077,0.2564401765893714,0.36140625284391076,0.4660402449998682,0.5401513817303808,0.6010987789883346,0.6294188870126038,0.670031667617249,0.8015028383914297,0.9066542496410593,1.0
nimgs,13,RMSF,0.00163551422913808,AbsF,0.006990325552933091,RMSF_o,0.0008285745822516084,AbsF_o,0.0037673719960003675,RMSF_CI,0.006427559336163222,AbsF_CI,0.037987771402650444,energies,-2062.2789515101354,-2062.2806618709647,-2062.2811324462955,-2062.281249945926,-2062.280324014043,-2062.275223956818,-2062.2617396223327,-2062.25586045446,-2062.1979390463894,-2062.257992879369,-2062.2782222599367,-2062.2823820794365,-2062.2828096549856,gradnorms,0.0020852498350075153,0.002055778595960855,0.0027319280770115167,0.005466403615802811,0.007753806294669097,0.003150157025312705,0.013237163287466179,0.09576847718543705,0.013668172522764874,0.024368613177698777,0.005361061263487215,orth_gradnorms,0.001994181855623455,0.0020550708721028287,0.0022972705895202565,0.0031809072013510363,0.005871387084395767,0.0031459912803631913,0.012071454434019033,0.0,0.012345483227256067,0.004626378171918616,0.002910425105233515,projcoords,-33.34677401201248,43.213102256953015,-31.536269408986797,43.99526600532387,-29.08084086744382,44.772490627581085,-26.042918330861557,45.34975896596847,-22.28852312691714,45.665833680465546,-18.48764133268353,45.63782485450469,-16.43474409548342,45.51924848910742,-14.78394250401006,44.78471276062472,-14.6333382256879,44.64813471610368,-13.973852476977243,44.431919160021955,-9.623393641517248,43.936676580788095,-6.469112260202437,43.72321149765705,-4.187142399600942,43.213102256953015,approx_rxn_crds,0.0,0.07820432594017562,0.16476163974283922,0.25634566379346785,0.36139012768552886,0.4660932990151343,0.5400297436572564,0.6010246184058259,0.629983744027675,0.6697155078873827,0.8005676805040527,0.9065242147825278,1.0
nimgs,13,RMSF,0.001607319267929408,AbsF,0.00688300737442379,RMSF_o,0.0008257230638112172,AbsF_o,0.0038560778810601604,RMSF_CI,0.006291959291271979,AbsF_CI,0.03702839182985473,energies,-2062.2789515101354,-2062.2806697389615,-2062.281141207997,-2062.2812608857953,-2062.2803393975546,-2062.275237532312,-2062.2617598910247,-2062.2558887620394,-2062.1984029653913,-2062.258250017191,-2062.278197536549,-2062.2823882019443,-2062.2828096549856,gradnorms,0.00208271150694149,0.002047931237676699,0.0027221747149022003,0.005482446231481188,0.007739863169225195,0.0031344268226737412,0.013624918045171271,0.09374808202044072,0.013506795504957021,0.023948517717192485,0.005473404925120863,orth_gradnorms,0.0019885843072935086,0.0020471844633222305,0.002284709214297458,0.0031627386887560544,0.005854783461896639,0.0031259646577679193,0.012302996559390397,0.0,0.012018837215240554,0.0046601153436757504,0.002917847711726274,projcoords,-33.34677401201248,43.213102256953015,-31.53597989161512,43.994257289172936,-29.08008483007123,44.77198850853987,-26.03994569407414,45.35000281482213,-22.280176593531635,45.6666908612471,-18.47425059255699,45.63811331795916,-16.43104498113686,45.5194409302774,-14.784613404834044,44.78144141502857,-14.611542110775948,44.63233533852126,-13.993568070436343,44.42853499017572,-9.66178607587677,43.939698381214356,-6.475597734298104,43.72433301724854,-4.187142399600942,43.213102256953015,approx_rxn_crds,0.0,0.07812644607692035,0.16464926167766902,0.25623487171609116,0.36135300870405507,0.4661194082484625,0.5398703465223003,0.6009492041624778,0.6305652067277984,0.6694850791885989,0.7996361430511723,0.906395494867481,1.0
nimgs,13,RMSF,0.0015746745191086771,AbsF,0.006754490869807284,RMSF_o,0.0008385055050192143,AbsF_o,0.003943767840984103,RMSF_CI,0.006164955999316332,AbsF_CI,0.03602630772364537,energies,-2062.2789515101354,-2062.2806775454083,-2062.281149895998,-2062.281271698971,-2062.2803544773033,-2062.275249656575,-2062.2617799343534,-2062.25591876944,-2062.1987844674045,-2062.2585322148952,-2062.278171478877,-2062.2823939962295,-2062.2828096549856,gradnorms,0.0020799494444217943,0.0020401519598103024,0.002712571321139817,0.005496192510453023,0.007718544946071973,0.0031215966021895356,0.01398741814186824,0.09185577558933586,0.013354666477549048,0.02346212191450065,0.005584841894505846,orth_gradnorms,0.0019831062944791365,0.0020393754793396066,0.002272441750814552,0.003144953404978516,0.005836852852738874,0.0031063252171124015,0.012493450643931448,0.0,0.01175190819528843,0.004688709094553307,0.002924825980779205,projcoords,-33.34677401201248,43.213102256953015,-31.535717937084733,43.99324433972947,-29.079335593664815,44.77148882494691,-26.036966893659994,45.35024851830704,-22.271743792770806,45.66754659494221,-18.460758758997976,45.63838910191302,-16.427426630513114,45.51963796594703,-14.784424994301917,44.77767240667217,-14.589989400681912,44.61627783034188,-14.011453076382054,44.4248125520077,-9.700469907936812,43.94275424354698,-6.4822617505439295,43.72547084182314,-4.187142399600942,43.213102256953015,approx_rxn_crds,0.0,0.07804316793766004,0.16452719529449808,0.25610929682623335,0.36129691714106205,0.46612091338025163,0.5396768362624167,0.6008753322205488,0.6311598695223426,0.6693302580363241,0.7987102700733034,0.9062674792905071,1.0
nimgs,13,RMSF,0.0015381934433439028,AbsF,0.006607158418628889,RMSF_o,0.0008488941154291468,AbsF_o,0.004033744846647159,RMSF_CI,0.006045048937901739,AbsF_CI,0.03498401590063651,energies,-2062.2789515101354,-2062.2806852917015,-2062.2811585122104,-2062.281282388952,-2062.2803692619523,-2062.275260422768,-2062.2617997350717,-2062.2559498688424,-2062.199091579133,-2062.2588371135475,-2062.2781443448716,-2062.2823994636283,-2062.2828096549856,gradnorms,0.002076964155240156,0.0020324369241158787,0.002703151659317219,0.0055078259973060885,0.007690196029491326,0.003112528241515788,0.014328599373432184,0.09006920061198045,0.013207204698044777,0.022918566127715107,0.005696829432370211,orth_gradnorms,0.0019777408783324024,0.002031640007755546,0.0022604815660003117,0.0031276200693245732,0.005817293736155773,0.0030871778744658916,0.01264823745288931,0.0,0.011541404600044615,0.004712776215521073,0.0029350319255683475,projcoords,-33.34677401201248,43.213102256953015,-31.535482400449155,43.9922276681416,-29.078592891513882,44.77099160277835,-26.033982576656367,45.350495994350126,-22.263227714468407,45.66840104111712,-18.44717872650632,45.63865323126337,-16.423870229269703,45.51983263616607,-14.78338004269254,44.77341025109666,-14.568694598429845,44.59998299740551,-14.02775026244439,44.42074906282088,-9.739331211443746,43.945827480308154,-6.489107373120995,43.72662564009901,-4.187142399600942,43.213102256953015,approx_rxn_crds,0.0,0.07795490425742237,0.1643962204517505,0.25597011278006565,0.3612234118352252,0.4660995610864101,0.5394521605260224,0.6008048448502918,0.6317642996219769,0.6692418196518214,0.7977923869087951,0.9061396919264219,1.0
nimgs,13,RMSF,0.0014984588630600271,AbsF,0.006443398063487341,RMSF_o,0.0008571828855871283,AbsF_o,0.004127180444978219,RMSF_CI,0.005931061633694474,AbsF_CI,0.03390946931699873,energies,-2062.2789515101354,-2062.2806929792796,-2062.2811670583606,-2062.281292959176,-2062.280383760248,-2062.275269925351,-2062.2618192765062,-2062.255981419085,-2062.1993307926045,-2062.259162815047,-2062.2781164015164,-2062.282404607533,-2062.2828096549856,gradnorms,0.0020737011099125303,0.0020249400985682337,0.002693825555388485,0.005517419567389364,0.0076552353470251055,0.0031081758890274865,0.014651399656019843,0.08837082803049619,0.013060562348642116,0.022326534215387283,0.005809800050996741,orth_gradnorms,0.0019724237223686524,0.0020241319069397973,0.002248698763571007,0.0031106862000621267,0.005795956807156145,0.0030686616721647578,0.012771737346745417,0.0,0.011381556199298707,0.004734996435753572,0.002950443520905567,projcoords,-33.34677401201248,43.213102256953015,-31.53527206701287,43.99120780510261,-29.0778562013095,44.77049698591337,-26.030993380370553,45.3507450967938,-22.25463170300391,45.66925431444656,-18.43352374342129,45.63890668067736,-16.42035758601373,45.520017975221364,-14.781489332779893,44.76865957343167,-14.547669156103819,44.583468113713046,-14.042672351660185,44.41633614305425,-9.778257306160167,43.94890150980624,-6.4961372708311025,43.72779811046303,-4.187142399600942,43.213102256953015,approx_rxn_crds,0.0,0.07786200639797822,0.16425698402070535,0.2558182859636616,0.36113375383720187,0.4660567169657597,0.5391988100204931,0.6007389396199173,0.6323753349796712,0.6692117531570411,0.7968849613491374,0.9060117390647247,1.0
nimgs,13,RMSF,0.001456007295477227,AbsF,0.006265568808667163,RMSF_o,0.0008636390709216282,AbsF_o,0.004223390210089101,RMSF_CI,0.005821815338678965,AbsF_CI,0.032811886107104865,energies,-2062.2789515101354,-2062.2807006095322,-2062.2811755362227,-2062.28130341285,-2062.2803979808778,-2062.2752782588605,-2062.261838542728,-2062.2560127595184,-2062.1995076539483,-2062.2595076634725,-2062.2780879241063,-2062.282409434558,-2062.2828096549856,gradnorms,0.002070187956084087,0.0020176379175474613,0.002684584697611703,0.005525016325048254,0.0076142711707530095,0.0031093758258547155,0.014958345184117929,0.08674309489500846,0.012911421735438161,0.021694020104056456,0.005922692780001335,orth_gradnorms,0.00196717565590499,0.002016827300534403,0.002237063815602069,0.003094080081254221,0.00577296928541512,0.0030507610741996945,0.012867932341699922,0.0,0.01126470117186447,0.004757664164373951,0.002970183781313699,projcoords,-33.34677401201248,43.213102256953015,-31.535085747409795,43.99018524878033,-29.077124871360226,44.77000518646773,-26.027999764382713,45.35099570085824,-22.24595943380427,45.670106440119255,-18.41980727616273,45.63915033126794,-16.416871114796727,45.52018704012175,-14.778770257232244,44.76342495665444,-14.526922840681248,44.56674692824947,-14.05639563471118,44.41156253726577,-9.817137989298724,43.95196017453829,-6.503353744607313,43.72898902496152,-4.187142399600942,43.213102256953015,approx_rxn_crds,0.0,0.07776479334926394,0.16411006213827886,0.2556546724255003,0.36102904423740934,0.4659935448994824,0.5389190243630103,0.600678436510744,0.632990252541037,0.6692332850974315,0.7959904723159971,0.9058832705109668,1.0
nimgs,13,RMSF,0.001411372465498992,AbsF,0.0060761251117899965,RMSF_o,0.0008685336967898066,AbsF_o,0.00432026141391835,RMSF_CI,0.005716000172914305,AbsF_CI,0.03169815006289847,energies,-2062.2789515101354,-2062.280708183834,-2062.2811839475726,-2062.2813137529606,-2062.2804119323637,-2062.2752855171534,-2062.2618575183724,-2062.2560432175783,-2062.1996272350234,-2062.259868989334,-2062.278059194451,-2062.2824139539894,-2062.2828096549856,gradnorms,0.002066468362185765,0.002010417199308389,0.002675507822241984,0.0055306666894671085,0.0075680792377848674,0.003116979983664304,0.01525192000387248,0.08516648443395977,0.012759439387832344,0.021028976115680286,0.006033489611811636,orth_gradnorms,0.001962031933302089,0.0020096124990076187,0.002225653161941418,0.0030777438471224247,0.005748681041742165,0.0030334641951177514,0.012940860624625383,0.0,0.011184153772114026,0.004781147138845845,0.0029913592061088204,projcoords,-33.34677401201248,43.213102256953015,-31.53492231485246,43.98916045100137,-29.07639829807136,44.76951640119638,-26.02500197269569,45.351247760417145,-22.237214810484407,45.67095735126918,-18.406042827412136,45.63938495264721,-16.41339383339133,45.520332933277736,-14.775245508535594,44.75771088695846,-14.506464889234222,44.54983016130475,-14.069016176829027,44.406431734920126,-9.8558665151027,43.95498804555023,-6.51075858173568,43.73019918337276,-4.187142399600942,43.213102256953015,approx_rxn_crds,0.0,0.07766369996500362,0.1639562741360211,0.2554805074144391,0.3609109162572484,0.465911903174657,0.5386158273639725,0.6006249678303804,0.6336078699458036,0.6693014016222583,0.7951109703120129,0.905753804145597,1.0
nimgs,13,RMSF,0.0013651100839458378,AbsF,0.005984380395295834,RMSF_o,0.0008721523528271486,AbsF_o,0.004414450723363234,RMSF_CI,0.005612237779155961,AbsF_CI,0.030571381896874597,energies,-2062.2789515101354,-2062.280715703588,-2062.2811922940423,-2062.281323982414,-2062.280425623029,-2062.275291792999,-2062.261876188517,-2062.256072116909,-2062.1996944026287,-2062.260242875923,-2062.2780304957323,-2062.282418176099,-2062.2828096549856,gradnorms,0.0020625274313231775,0.0020032962787864097,0.002666640213961341,0.0055344389390630895,0.007517481228606787,0.003131957173792051,0.015534659363302903,0.08362045958694776,0.012607707161170122,0.020339682155002224,0.006140291439506438,orth_gradnorms,0.0019569629059739725,0.0020025052240852242,0.002214504321482882,0.0030616345663069654,0.005723492838356882,0.003016893921647075,0.012994777385253996,0.0,0.011135152673466936,0.004804427597988775,0.003011126569211025,projcoords,-33.34677401201248,43.213102256953015,-31.5347806750487,43.9881338456357,-29.075676035176727,44.76903075494725,-26.022000123890123,45.351501306272816,-22.22840182788194,45.67180692537677,-18.39224373179981,45.63961120582425,-16.409909364961223,45.520448809211956,-14.770941896635968,44.751521702262565,-14.486304313359367,44.5327261962279,-14.08056435407719,44.400967202961844,-9.894340547727165,43.9579706492408,-6.51835285176529,43.731429316151456,-4.187142399600942,43.213102256953015,approx_rxn_crds,0.0,0.0775592884664697,0.16379670824580886,0.2552974466724777,0.36078159515271946,0.46581442573368986,0.5382931168379935,0.6005811114478303,0.6342285384437001,0.6694123568579095,0.7942480030718382,0.9056227186842095,1.0
nimgs,13,RMSF,0.0013177320781829172,AbsF,0.006121013432531691,RMSF_o,0.0008747879428426591,AbsF_o,0.004501432282134107,RMSF_CI,0.005509235139653163,AbsF_CI,0.02943152967078958,energies,-2062.2789515101354,-2062.280723170183,-2062.2812005771602,-2062.2813341040874,-2062.2804390609654,-2062.2752971777504,-2062.2618945388776,-2062.2560987891184,-2062.1997139022783,-2062.26062572164,-2062.27800210601,-2062.2824221105448,-2062.2828096549856,gradnorms,0.0020583566342511233,0.0019963451911794374,0.002657958391230288,0.005536435013845792,0.007463223989698793,0.003155176179447711,0.01580902522734521,0.08208575482338942,0.012459490185689816,0.019633765767973398,0.006242123449297062,orth_gradnorms,0.0019519424385681804,0.0019955747825588874,0.002203572814481618,0.003045749913098929,0.005697701198775178,0.003001115191372006,0.013034046792048965,0.0,0.011112696012338035,0.004826147544374045,0.0030283595025794112,projcoords,-33.34677401201248,43.213102256953015,-31.53465970378341,43.987105894548776,-29.074957779774472,44.76854830757126,-26.018994342283904,45.351756397689456,-22.219524473299757,45.67265503437684,-18.378422972324493,45.6398296534586,-16.406401934056873,45.520527868956236,-14.765889314278402,44.74486149746958,-14.466449512009575,44.515441728745806,-14.091073072187836,44.39519167847877,-9.93246314933063,43.9608945998489,-6.526136777989164,43.73268000281192,-4.187142399600942,43.213102256953015,approx_rxn_crds,0.0,0.07745207567468405,0.16363235794427994,0.25510700077064885,0.3606431004098887,0.46570349558748264,0.5379544719554419,0.6005490858612764,0.6348526431769319,0.6695625656043593,0.793403047371434,0.9054894693261089,1.0
nimgs,13,RMSF,0.0012697066161899086,AbsF,0.006255785349512819,RMSF_o,0.0008767282432409211,AbsF_o,0.0045758133869697615,RMSF_CI,0.005405925251188195,AbsF_CI,0.028277015772326382,energies,-2062.2789515101354,-2062.280730584961,-2062.281208798463,-2062.2813441207422,-2062.2804522540305,-2062.2753017608725,-2062.26191255587,-2062.2561225880536,-2062.199690341481,-2062.2610142629956,-2062.277974292482,-2062.2824257657653,-2062.2828096549856,gradnorms,0.002053992816797861,0.00198953309808222,0.002649435515263826,0.005536784366066404,0.007405922694414449,0.0031873008822970034,0.016077245170208473,0.08054647215339962,0.012317943537038134,0.01891820250038589,0.00633909917260541,orth_gradnorms,0.0019469897954153292,0.001988789468206318,0.0021928106607467615,0.0030301228517480685,0.005671436645324537,0.002986048902333005,0.013062956616868222,0.0,0.011111863878314945,0.004845095617727587,0.0030440826613603385,projcoords,-33.34677401201248,43.213102256953015,-31.53455820412084,43.98607711570763,-29.074243269221576,44.76806911318005,-26.01598483840139,45.35201306914417,-22.210586703767312,45.67350157836806,-18.364593050165343,45.64004076494718,-16.40285635588767,45.52056335450366,-14.760119835913356,44.73773401373582,-14.44690800240647,44.4979821927967,-14.100577005643661,44.3891269152004,-9.970143574346721,43.963747642986206,-6.534109740833939,43.733951652491804,-4.187142399600942,43.213102256953015,approx_rxn_crds,0.0,0.0773425395700451,0.16346413638245963,0.25491055794129847,0.36049727880210103,0.4655812894334704,0.537603198816333,0.6005308175869648,0.6354805809999339,0.6697486188402855,0.792577487679096,0.9053535814521468,1.0
nimgs,13,RMSF,0.001221461887031617,AbsF,0.006388584341075612,RMSF_o,0.0008782414128244904,AbsF_o,0.004632212215739763,RMSF_CI,0.00530154942007912,AbsF_CI,0.02710667936512649,energies,-2062.2789515101354,-2062.2807379492415,-2062.281216959448,-2062.2813540349625,-2062.280465209872,-2062.2753056292927,-2062.2619302263647,-2062.256142903621,-2062.199628117637,-2062.2614055852073,-2062.277947306092,-2062.2824291497286,-2062.2828096549856,gradnorms,0.0020494675375558455,0.0019827969789632614,0.002641129393762603,0.0055356246303248135,0.007346077831115284,0.0032289611595214948,0.016341158638040906,0.0789913072957155,0.012185699082927387,0.018199372225616087,0.006431933866428836,orth_gradnorms,0.001942117246722285,0.0019820853314046778,0.0021822732680068027,0.003014796421256986,0.005644702689047864,0.002971672677918757,0.013085502335882657,0.0,0.011127842321335204,0.004860704489138937,0.0030605540275723243,projcoords,-33.34677401201248,43.213102256953015,-31.53447491629433,43.98504807169322,-29.073532172162388,44.76759328480914,-26.012971903659462,45.35227131153972,-22.2015924783433,45.67434648726518,-18.35076591173118,45.64024491257642,-16.39925802149054,45.520548553290325,-14.75366691020961,44.73014258024725,-14.427686187171467,44.480352047029825,-14.109111982790292,44.382793463073114,-10.007297871344589,43.96651868576946,-6.542270370776302,43.73524454704025,-4.187142399600942,43.213102256953015,approx_rxn_crds,0.0,0.07723112345913245,0.16329288571593908,0.25470939867850284,0.36034582604724363,0.46544980655871504,0.5372423586389314,0.6005279859354992,0.6361127465733696,0.6699672969295387,0.7917726009006489,0.9052146412185204,1.0
nimgs,13,RMSF,0.001173388924196714,AbsF,0.0065194490113178625,RMSF_o,0.0008795497783708649,AbsF_o,0.00466649459076735,RMSF_CI,0.0051956909783194135,AbsF_CI,0.025921257566340603,energies,-2062.2789515101354,-2062.2807452643387,-2062.2812250614925,-2062.281363849269,-2062.2804779359744,-2062.275308866666,-2062.261947537547,-2062.256159172415,-2062.199531316253,-2062.2617971208856,-2062.277921377313,-2062.282432271586,-2062.2828096549856,gradnorms,0.0020447849462643546,0.0019761668750143775,0.002633071695434498,0.005533070832297395,0.007284130784767444,0.0032808071929281207,0.016601955063349282,0.07741405203686294,0.012064498150860314,0.017483101211424414,0.006521091332697971,orth_gradnorms,0.0019373078031285796,0.0019754915178713905,0.002171986479096351,0.002999778946968365,0.005617464916453615,0.0029581083822330734,0.013104996543469851,0.0,0.011155856642375474,0.0048732616993883,0.003079496847187339,projcoords,-33.34677401201248,43.213102256953015,-31.53440857481646,43.98401932482907,-29.07282404424288,44.767121016934276,-26.009955844489554,45.352531097240345,-22.19254579172501,45.67518969773048,-18.336952910993237,45.640442364465855,-16.39559287964315,45.52047681354263,-14.746564609615888,44.72209015623428,-14.40878913323187,44.46255500302237,-14.11671447933211,44.37621051058087,-10.043849314731807,43.96919785310682,-6.550616643397279,43.73655890836348,-4.187142399600942,43.213102256953015,approx_rxn_crds,0.0,0.0771182372496006,0.16311938030600223,0.2545047005658333,0.360190294579981,0.46531087912402547,0.5368747773038622,0.6005420465669589,0.6367495198519415,0.6702155760580294,0.7909895411528025,0.9050722873323694,1.0
nimgs,13,RMSF,0.0011315687169835516,AbsF,0.006648266777922671,RMSF_o,0.0008808077549450542,AbsF_o,0.004676734326269838,RMSF_CI,0.005088291471131807,AbsF_CI,0.024724118409629785,energies,-2062.2789515101354,-2062.280752531533,-2062.2812331059195,-2062.281373566157,-2062.2804904396576,-2062.275311552729,-2062.2619644770143,-2062.256170882598,-2062.19940359024,-2062.262186638118,-2062.277896714085,-2062.2824351428367,-2062.2828096549856,gradnorms,0.0020399563532486446,0.0019696859171043704,0.0026251911589953722,0.005529206111605662,0.007220498071637566,0.003343344774400114,0.01685999415773291,0.07581383542027655,0.01195503491073775,0.016774500463116526,0.006606258419733889,orth_gradnorms,0.0019325528637220927,0.0019690503034714255,0.0021618534589510135,0.0029850395389851717,0.005589709719340374,0.0029454695527224915,0.013123739972280727,0.0,0.011191203587232737,0.004883245345660032,0.0031009354822932305,projcoords,-33.34677401201248,43.213102256953015,-31.534357976339543,43.98299138779646,-29.072118367375314,44.766652550362394,-26.0069369060405,45.352792425037904,-22.18345066824121,45.67603112811213,-18.32316477788529,45.640633283852864,-16.391847414561465,45.520341564173314,-14.738846934079842,44.7135794643812,-14.390220366323259,44.44459423740044,-14.123421207804013,44.369395781018554,-10.079728693636598,43.97177656139108,-6.559145916513158,43.73789494357252,-4.187142399600942,43.213102256953015,approx_rxn_crds,0.0,0.07700425692681395,0.1629443260893843,0.2542975370734968,0.3600320924823924,0.46516617074708516,0.536503044745579,0.6005742432260686,0.6373912549254653,0.6704906261400799,0.7902293231298797,0.9049262070991152,1.0
nimgs,13,RMSF,0.0011486805072144024,AbsF,0.006774434827727858,RMSF_o,0.0008821065629620018,AbsF_o,0.004663300901713887,RMSF_CI,0.004979671281494692,AbsF_CI,0.023521355071069894,energies,-2062.2789515101354,-2062.2807597520587,-2062.2812410940505,-2062.2813831879776,-2062.2805027280374,-2062.275313762818,-2062.261981032806,-2062.256177572228,-2062.1992480198137,-2062.262572220291,-2062.2778735004827,-2062.282437777172,-2062.2828096549856,gradnorms,0.0020350112288092187,0.001963314212892699,0.0026174759861592963,0.00552409978436444,0.007155562461097019,0.0034168632642657924,0.017114954089896436,0.07419543104482205,0.01185709346857904,0.016077802345133015,0.006686499575721604,orth_gradnorms,0.0019278650608965564,0.0019627209857056484,0.002151851573829034,0.0029705560843759247,0.005561444917380884,0.0029337900941097494,0.013143091775886724,0.0,0.011229473351143625,0.0048907194959029714,0.0031234690686413147,projcoords,-33.34677401201248,43.213102256953015,-31.534322017472178,43.981964700719914,-29.071414639876302,44.76618810436084,-26.003915226571767,45.35305534840104,-22.17431111409016,45.67687067184543,-18.309411576447125,45.64081774088262,-16.388008620900557,45.52013633201656,-14.730547204219256,44.70461316592482,-14.37198169427159,44.42647260230562,-14.129268799675899,44.36236546211385,-10.114874470182684,43.97424757496827,-6.567854910319337,43.739252842859024,-4.187142399600942,43.213102256953015,approx_rxn_crds,0.0,0.07688952424121236,0.16276836031475383,0.25408887702133465,0.3598724829828741,0.4650171757675836,0.5361295171485125,0.6006256199484756,0.6380382751510963,0.6707898016282177,0.7894928069581614,0.904776136627523,1.0
nimgs,13,RMSF,0.0011655477707658293,AbsF,0.0068967533947025365,RMSF_o,0.0008835055994694611,AbsF_o,0.00462800912026706,RMSF_CI,0.004870554223928039,AbsF_CI,0.0223216341862803,energies,-2062.2789515101354,-2062.2807669271274,-2062.281249027156,-2062.281392716929,-2062.2805148080142,-2062.2753155675346,-2062.2619971932922,-2062.2561788230737,-2062.1990669522647,-2062.262952240738,-2062.2778518951104,-2062.282440189554,-2062.2828096549856,gradnorms,0.002029966313158059,0.0019570244890664205,0.0026099898760663454,0.005517798085721829,0.007089651901734349,0.003501508123309987,0.0173662706565934,0.07256962350395353,0.01176997541295943,0.015396394340131651,0.006760723221926193,orth_gradnorms,0.0019232468864746881,0.0019564755919916714,0.0021420530148573563,0.0029563149029198893,0.005532683704759129,0.0029231057948558648,0.013163936950367243,0.0,0.011266961269426124,0.004895444673575337,0.003145261255657005,projcoords,-33.34677401201248,43.213102256953015,-31.534299684037315,43.98093964674222,-29.070712460386495,44.765727821649996,-26.00089084159405,45.35331996516356,-22.16513105666754,45.67770821307987,-18.295702657963965,45.64099573582183,-16.38406398271559,45.51985475210048,-14.721697592993682,44.69519402748801,-14.354073067108855,44.408192848103766,-14.134293561887791,44.35513416719916,-10.149232800814026,43.976605013611064,-6.576739672885751,43.74063273750764,-4.187142399600942,43.213102256953015,approx_rxn_crds,0.0,0.07677434834989177,0.1625920552724936,0.2538795904139894,0.3597125927032051,0.46486522976076255,0.5357563318842808,0.6006970431307755,0.638690880277643,0.6711106283840851,0.7887806887329967,0.9046218622738195,1.0
nimgs,13,RMSF,0.0011821494718325075,AbsF,0.00701360752648369,RMSF_o,0.0008850716921543045,AbsF_o,0.004572894520552822,RMSF_CI,0.004762075837547693,AbsF_CI,0.021135891135588624,energies,-2062.2789515101354,-2062.280774057927,-2062.281256906429,-2062.281402155174,-2062.280526686282,-2062.2753170325464,-2062.2620129471316,-2062.25617425361,-2062.1988618314917,-2062.263325335561,-2062.2778320301018,-2062.2824423951374,-2062.2828096549856,gradnorms,0.0020248158800376488,0.0019508490188035093,0.002602734090733843,0.005510309601199591,0.007023032860567358,0.003597287006234368,0.01761363043138355,0.07095333194943938,0.011693092201181098,0.01473286859008264,0.006828120344811107,orth_gradnorms,0.0019186816020927463,0.0019503458374253429,0.0021324576808418056,0.0029423008100372358,0.005503446083009496,0.0029134607329972936,0.013187271205831033,0.0,0.01130115330657064,0.0048969743745145835,0.0031650122040562953,projcoords,-33.34677401201248,43.213102256953015,-31.53429000519942,43.97991659206548,-29.070011557455054,44.76527176066842,-25.997863734442284,45.35358637602331,-22.15591430469447,45.67854365078347,-18.282046628746066,45.6411672264753,-16.380001465357367,45.51949056921537,-14.712328826550642,44.68532505285544,-14.336492471288018,44.389757889846294,-14.138531270782968,44.34771494560773,-10.182757412243804,43.97884429771761,-6.58579557073618,43.74203464809922,-4.187142399600942,43.213102256953015,approx_rxn_crds,0.0,0.07665900998016414,0.16241592717565909,0.25367046238315377,0.35955343126927836,0.4647115345964288,0.5353854372620959,0.6007892361529755,0.6393493676891261,0.6714507893180822,0.788093498732778,0.9044632197463235,1.0
nimgs,13,RMSF,0.0011984980161659526,AbsF,0.007123293829390737,RMSF_o,0.0008868994131504069,AbsF_o,0.004499418905087103,RMSF_CI,0.00465574548452413,AbsF_CI,0.01997669915349581,energies,-2062.2789515101354,-2062.280781145602,-2062.281264733033,-2062.2814115048386,-2062.280538369311,-2062.2753182185697,-2062.2620282833013,-2062.256163514728,-2062.1986330462955,-2062.263690377886,-2062.2778140109544,-2062.282444408444,-2062.2828096549856,gradnorms,0.0020195598011233484,0.001944787376799982,0.002595673891535748,0.005501612106419687,0.006955917068711525,0.003704032246753785,0.0178572182558014,0.06936904537111663,0.011626375840305993,0.014089042719074296,0.006888469517957686,orth_gradnorms,0.0019141638343926973,0.0019443308534493496,0.0021230251211222153,0.0029285248876003145,0.005473774127981202,0.002904855846217379,0.013214503635336857,0.0,0.011330960791767252,0.0048946122705281,0.0031826598208935554,projcoords,-33.34677401201248,43.213102256953015,-31.53429200619557,43.97889592150937,-29.06931175003262,44.76481993628412,-25.994833908648545,45.3538546408219,-22.146664547201382,45.679376912339784,-18.268451350074717,45.64133215071983,-16.37580952540443,45.51903763064411,-14.702470049927648,44.675009570528196,-14.319235853512335,44.37117116263368,-14.142016969565592,44.34011935313872,-10.215409341550833,43.98096203919156,-6.595017313369951,43.74345845485631,-4.187142399600942,43.213102256953015,approx_rxn_crds,0.0,0.07654376738627577,0.16224044864292175,0.25346221267655306,0.35939591875847604,0.46455719350594415,0.5350186317001095,0.6009028223311301,0.6400140643678102,0.6718081095241267,0.7874316054094003,0.9043000888692957,1.0
nimgs,13,RMSF,0.001214633623244079,AbsF,0.007224292033116761,RMSF_o,0.0008891029679928706,AbsF_o,0.004408569214632066,RMSF_CI,0.004553328731360864,AbsF_CI,0.018856915675626695,energies,-2062.2789515101354,-2062.280788191257,-2062.2812725081085,-2062.2814207679467,-2062.2805498633825,-2062.275319181541,-2062.262043191063,-2062.2561462897215,-2062.1983798548004,-2062.2640464553574,-2062.277797916517,-2062.2824462433664,-2062.2828096549856,gradnorms,0.002014209043378266,0.0019388077972472535,0.0025888056120088355,0.005491640598394149,0.006888478430698121,0.003821441794894817,0.01809763338657126,0.06784307011740895,0.011570280696376563,0.01346613217980683,0.006942087830090468,orth_gradnorms,0.001909705765901936,0.0019383985306952933,0.0021137563151004536,0.002915009372119677,0.005443752778227885,0.0028972883655813755,0.013247335863033305,0.0,0.011356522330534038,0.004887760499187426,0.0031993099888299155,projcoords,-33.34677401201248,43.213102256953015,-31.534304690145387,43.97787804637125,-29.068612864262285,44.76437237866336,-25.991801442176165,45.35412476115848,-22.137385389477423,45.68020794732376,-18.25492397234715,45.641490437615516,-16.371477135709544,45.5184898727681,-14.69214882355573,44.664251273382256,-14.302297089339746,44.352437107646146,-14.144784763201004,44.33235756537504,-10.247156572338048,43.98295590399032,-6.604398994676245,43.74490390574786,-4.187142399600942,43.213102256953015,approx_rxn_crds,0.0,0.07642886263410645,0.1620660617132832,0.25325551577321764,0.35924091400391284,0.4644032473111657,0.5346576035389546,0.6010383679096243,0.6406853612947243,0.6721805399427656,0.786795220651662,0.9041323846079365,1.0
nimgs,13,RMSF,0.0012306060689624987,AbsF,0.0073153816019329325,RMSF_o,0.0008917915127214856,AbsF_o,0.0043188070261686445,RMSF_CI,0.004456617258770329,AbsF_CI,0.017787181216638796,energies,-2062.2789515101354,-2062.2807951959776,-2062.2812802327326,-2062.281429946438,-2062.2805611746435,-2062.2753199729623,-2062.262057659904,-2062.2561222974205,-2062.1981004659697,-2062.2643928507505,-2062.277783799528,-2062.2824479140772,-2062.2828096549856,gradnorms,0.0020087574800241887,0.0019329180325285498,0.002582130402644847,0.0054802755746355064,0.006820873767349614,0.003949128496253433,0.018335617467834242,0.06640210162968972,0.01152554515774049,0.012864994704800535,0.006989413400882399,orth_gradnorms,0.001905306770358948,0.0019325563481523403,0.0021046613146124744,0.002901757051149918,0.0054135232105786135,0.002890807275300745,0.013287394277283293,0.0,0.011378788071111978,0.004876321878834426,0.003216335834859896,projcoords,-33.34677401201248,43.213102256953015,-31.534327056674112,43.97686338247382,-29.067914657659266,44.76392917101402,-25.988766488006547,45.354396697959196,-22.128080410562642,45.68103670776935,-18.241470988986098,45.64164200555184,-16.36699381578647,45.517841308508594,-14.681391202780873,44.65305421434047,-14.28566805245417,44.333561807424296,-14.1468676321023,44.32443849645954,-10.277973608362249,43.98482448231563,-6.613934132115144,43.74637065491488,-4.187142399600942,43.213102256953015,approx_rxn_crds,0.0,0.07631452678611265,0.16189318842393002,0.2530510169577201,0.3590892370541783,0.4642507033579067,0.5343039637445132,0.6011964168178741,0.6413637396153424,0.6725661388761633,0.786184402562093,0.9039600470383438,1.0
nimgs,13,RMSF,0.0012464545115363813,AbsF,0.007395633674293805,RMSF_o,0.0008950432135361898,AbsF_o,0.004397633622773775,RMSF_CI,0.004367052280318904,AbsF_CI,0.016772377488242396,energies,-2062.2789515101354,-2062.28080216083,-2062.2812879079406,-2062.281439042199,-2062.280572309129,-2062.275320640416,-2062.262071679538,-2062.2560912962626,-2062.197792362688,-2062.264729025092,-2062.2777716883297,-2062.28244943601,-2062.2828096549856,gradnorms,0.0020031832561999384,0.0019271377378293794,0.0025756267493871185,0.005467365889351346,0.00675324640537778,0.004086616047792827,0.018571753943855886,0.06506761350646384,0.0114929896780326,0.012286255281782829,0.007030607885415316,orth_gradnorms,0.0019009528240410962,0.0019268236712050055,0.0020957242641642653,0.0028887623410002315,0.005383258608498534,0.0028854968013118745,0.013335843528235327,0.0,0.011399182512460738,0.004860640499856892,0.0032344735569086913,projcoords,-33.34677401201248,43.213102256953015,-31.534358139236467,43.975852317152686,-29.067216796702777,44.763490444516826,-25.98572921672102,45.354670408855995,-22.118753221310875,45.68186313035867,-18.228098290160226,45.64178675088934,-16.362349656271135,45.5170860244017,-14.670221855188517,44.64142277946408,-14.26933888147174,44.314553747377154,-14.148297286983901,44.31636989424786,-10.307841019157731,43.98656719701823,-6.623615698753861,43.747858307366684,-4.187142399600942,43.213102256953015,approx_rxn_crds,0.0,0.07620098314167485,0.16172223721882398,0.2528493417434068,0.3589416819950388,0.4641005522923147,0.5339592671205415,0.601377512061972,0.642049778611448,0.6729630530858112,0.7855990556856312,0.903783033507328,1.0
nimgs,13,RMSF,0.00126219264688752,AbsF,0.007464336486971636,RMSF_o,0.0008988896976125842,AbsF_o,0.004466599432030122,RMSF_CI,0.004285190198545596,AbsF_CI,0.016068235341874362,energies,-2062.2789515101354,-2062.2808090868525,-2062.2812955347536,-2062.281448057064,-2062.2805832727895,-2062.2753212281546,-2062.262085239937,-2062.256053086734,-2062.197452911997,-2062.2650546033265,-2062.277761589282,-2062.2824508262543,-2062.2828096549856,gradnorms,0.0019974799275482816,0.001921449700822313,0.0025692595650513225,0.005452759983950086,0.006685707778278609,0.00423333752498773,0.018806246879274905,0.06384789595884814,0.011473464545712589,0.011730347943567053,0.007065439803013916,orth_gradnorms,0.0018966457008521018,0.001921182876771199,0.002086912329335659,0.0028760113941765203,0.005353096904243651,0.002881442807073043,0.0133931548501926,0.0,0.011419458087741082,0.004841208433026566,0.003253494866304819,projcoords,-33.34677401201248,43.213102256953015,-31.53439703152285,43.9748451901451,-29.066518898594865,44.76305633907241,-25.982689738095488,45.35494587909373,-22.109407503107136,45.68268713258878,-18.214811204271456,45.64192453362183,-16.357535330502042,45.51621819171603,-14.658664185508979,44.62936167350339,-14.25329855091567,44.29542461428419,-14.149104063521595,44.30815841087297,-10.336744978548515,43.98818425739989,-6.633436154386562,43.74936644417175,-4.187142399600942,43.213102256953015,approx_rxn_crds,0.0,0.07608844832431251,0.16155360479640268,0.2526510982118744,0.35879901950196547,0.4639537716450068,0.5336250204752039,0.6015822019303075,0.6427441383395374,0.6733695032969172,0.7850389328905362,0.9036013152742884,1.0
nimgs,13,RMSF,0.0012777996544846991,AbsF,0.0075209099054929845,RMSF_o,0.0009033124371787343,AbsF_o,0.004526104401498986,RMSF_CI,0.004210072430583211,AbsF_CI,0.015423352296121337,energies,-2062.2789515101354,-2062.280815975065,-2062.2813031141613,-2062.2814569927846,-2062.280594071518,-2062.2753217776117,-2062.2620983313545,-2062.256007510334,-2062.197080214958,-2062.2653693629914,-2062.277753489211,-2062.2824521033367,-2062.2828096549856,gradnorms,0.0019916546169197473,0.0019158354298311213,0.0025630164889259475,0.005436342004402918,0.006618330115250609,0.004388660505886051,0.019038786055163025,0.06272866642379715,0.011467876200635971,0.01119755309616092,0.007093407144195226,orth_gradnorms,0.0018923961887806356,0.0019156148614784105,0.0020782178067210244,0.0028634701514480844,0.00532307901795582,0.0028787083569852398,0.013459052185570728,0.0,0.011441661571047064,0.004818431191043167,0.0032723885830445833,projcoords,-33.34677401201248,43.213102256953015,-31.534442883149076,43.97384230165264,-29.06582060454325,44.76262696029432,-25.979648057472637,45.35522312715641,-22.10004701516298,45.68350862335457,-18.20161452836071,45.642055166643786,-16.352542093343605,45.51523208675637,-14.646740457893191,44.61687594369607,-14.237535793753526,44.27618994306841,-14.14931683575314,44.299809669125096,-10.364676807471149,43.98967663550872,-6.6433874805485855,43.75089461567275,-4.187142399600942,43.213102256953015,approx_rxn_crds,0.0,0.07597713140372271,0.16138767384737115,0.2524568731364159,0.3586619904787587,0.46381131757521976,0.5333026775921063,0.6018110309431475,0.6434475145911439,0.6737837800580249,0.7845036448326196,0.9034148790858794,1.0
nimgs,13,RMSF,0.0012932156320538785,AbsF,0.007564837185424557,RMSF_o,0.0009082480688344229,AbsF_o,0.004576917678853432,RMSF_CI,0.004138688478756958,AbsF_CI,0.0147331535377027,energies,-2062.2789515101354,-2062.280822826482,-2062.2813106470994,-2062.281465851035,-2062.2806047111544,-2062.275322327651,-2062.2621109443435,-2062.2559544444766,-2062.196674035913,-2062.265673226113,-2062.27774735776,-2062.28245328651,-2062.2828096549856,gradnorms,0.001985707499009795,0.0019103101259048563,0.0025569101366131964,0.0054180838882564525,0.006551180345452289,0.004551928009974384,0.01926847894773871,0.06166506949620199,0.011477118712990592,0.010688018785714976,0.007114041155451183,orth_gradnorms,0.0018881976015167879,0.0019101339710534608,0.0020696586756590355,0.002851098068091215,0.005293142242906469,0.0028773065872805827,0.013532591440969605,0.0,0.011468031111088572,0.004792471180394179,0.0032899420378959773,projcoords,-33.34677401201248,43.213102256953015,-31.534494868134697,43.97284394071496,-29.06512163141572,44.7622023626324,-25.97660409897446,45.3555021852107,-22.090675571854376,45.684327518273946,-18.188512555507707,45.642178412309555,-16.347361772899557,45.51412210804944,-14.63447192253931,44.60397103829794,-14.222040290757013,44.25686931023227,-14.148962937341418,44.29132834364302,-10.39163253007596,43.991046026640554,-6.6534612176455745,43.75244231052516,-4.187142399600942,43.213102256953015,approx_rxn_crds,0.0,0.07586723142097299,0.1612248075334202,0.25226722328005247,0.3585312930254139,0.4636741073158679,0.5329936219937167,0.6020645164171311,0.6441605708859607,0.6742042531788313,0.7839926805049763,0.9032237322425563,1.0
nimgs,13,RMSF,0.0013083434151445852,AbsF,0.0075956076888533675,RMSF_o,0.0009136027038092787,AbsF_o,0.0046209860634382925,RMSF_CI,0.0040658248489232884,AbsF_CI,0.013976732799614616,energies,-2062.2789515101354,-2062.2808296421103,-2062.2813181344804,-2062.281474633442,-2062.280615197452,-2062.275322914499,-2062.262123069737,-2062.2558937940603,-2062.1962366058674,-2062.265966253701,-2062.2777431495406,-2062.282454394847,-2062.2828096549856,gradnorms,0.0019796475768210707,0.0019048831053412988,0.0025509428536264005,0.005398093211135868,0.0064843874982140875,0.004722529339307301,0.019493877839295792,0.060579425862838134,0.011501821625735459,0.010201788124360829,0.007127276947692986,orth_gradnorms,0.0018840387581855866,0.0019047484408427477,0.0020612333969192704,0.0028388700673449485,0.005263170650068414,0.0028772053275624297,0.013612373705217347,0.0,0.011500721116454955,0.0047632412215867816,0.003305483080373294,projcoords,-33.34677401201248,43.213102256953015,-31.53455214964874,43.97185041305158,-29.06442176705183,44.761782567925145,-25.973557777108333,45.35578307102623,-22.08129700402342,45.685143748484904,-18.17550910240599,45.64229398545685,-16.341986761323923,45.51288277869165,-14.62187895936703,44.59065287255392,-14.206803898138068,44.23748572335112,-14.148068114536375,44.2827182606708,-10.417612452400919,43.99229476900656,-6.663648503647976,43.75400892343789,-4.187142399600942,43.213102256953015,approx_rxn_crds,0.0,0.07575893401364041,0.16106534227435426,0.25208266426191345,0.3584075664670636,0.46354299704952756,0.5326991419770011,0.6023431149773867,0.6448838606679217,0.6746293912925829,0.783505436405424,0.9030279082745435,1.0
nimgs,13,RMSF,0.00132305501111404,AbsF,0.007612630369423429,RMSF_o,0.0009192711174982236,AbsF_o,0.00466116361475764,RMSF_CI,0.003984528610024278,AbsF_CI,0.01377445857114366,energies,-2062.2789515101354,-2062.2808364229304,-2062.2813255772026,-2062.2814833415764,-2062.2806255360533,-2062.2753235713762,-2062.2621346985575,-2062.2558254815567,-2062.195773208439,-2062.266248641423,-2062.2777408059796,-2062.2824554466815,-2062.2828096549856,gradnorms,0.00197351431838082,0.0018995343934041964,0.002545119483083217,0.005376641682920242,0.0064182215328909605,0.0048999970556844775,0.019713075682407908,0.05936813918416717,0.011541990102860033,0.009738881179951463,0.007133646563034043,orth_gradnorms,0.001879924808051166,0.001899437089340793,0.002052935677740986,0.0028267869434678186,0.005233077420222482,0.0028783784779651423,0.013696831167008964,0.0,0.011541412915465553,0.004730604544055822,0.0033192545977355687,projcoords,-33.34677401201248,43.213102256953015,-31.53461386743495,43.97086204881868,-29.06372081816547,44.76136760367933,-25.970509061780703,45.356065771782724,-22.071915119665082,45.685957258105134,-18.16260752798457,45.64240155818105,-16.336410005586707,45.51150873044831,-14.608981243214608,44.576927878402095,-14.191821651890844,44.2180639930405,-14.146656560741762,44.27398251210847,-10.442620772328072,43.99342573093046,-6.67394012563674,43.75559374504502,-4.187142399600942,43.213102256953015,approx_rxn_crds,0.0,0.07565240877099388,0.16090958239840672,0.25190366243953116,0.35829138044804043,0.4634187658149446,0.532420410594572,0.6026471926442156,0.645617758964118,0.6750577791619093,0.7830412445972598,0.9028274692966245,1.0
nimgs,13,RMSF,0.0013371950798589612,AbsF,0.0076150683024417895,RMSF_o,0.0009251521716835329,AbsF_o,0.004700114914466095,RMSF_CI,0.0038871320424779775,AbsF_CI,0.013741682780695251,energies,-2062.2789515101354,-2062.2808431699023,-2062.281332976124,-2062.281491976951,-2062.280635732456,-2062.2753243278758,-2062.2621458219137,-2062.2557494381135,-2062.1952927320367,-2062.2665207147556,-2062.277740257008,-2062.2824564596986,-2062.2828096549856,gradnorms,0.001967362566383292,0.0018942588400181865,0.002539462947418481,0.005354177926502078,0.0063531690740363245,0.005084094471027498,0.019923757961664287,0.05791696301150726,0.011596708630518641,0.009299417730192529,0.007134178534636001,orth_gradnorms,0.0018758601214565497,0.0018941935893469438,0.002044773174146046,0.002814863732204821,0.005202887409732037,0.0028808494335741588,0.013784456900839731,0.0,0.011590971851987038,0.004694638004088678,0.003332158084521925,projcoords,-33.34677401201248,43.213102256953015,-31.534679159280817,43.96987918498648,-29.06301855477027,44.760957533202145,-25.967457989262687,45.35635025026356,-22.062533665934062,45.68676799395215,-18.149810724085377,45.64250076038642,-16.330624989962594,45.50999467528439,-14.595797921561125,44.562803040071564,-14.177092469140874,44.19862826533612,-14.144751071443451,44.26512358819726,-10.46666522946483,43.99444220106243,-6.684326606528547,43.75719598297324,-4.187142399600942,43.213102256953015,approx_rxn_crds,0.0,0.0755478105400094,0.1607578035845903,0.25173064057838274,0.3581832445153355,0.46330212585907865,0.5321584954270994,0.602977026392656,0.6463624208786888,0.6754881122649002,0.7825993841944439,0.9026225001943908,1.0
nimgs,13,RMSF,0.0013505706405321626,AbsF,0.007601580904838883,RMSF_o,0.0009311517295348776,AbsF_o,0.004739252701655877,RMSF_CI,0.0037664881569374436,AbsF_CI,0.013687843050303728,energies,-2062.2789515101354,-2062.2808498839577,-2062.2813403320665,-2062.281500541035,-2062.280645791958,-2062.275325209182,-2062.262156430878,-2062.255665598089,-2062.1948086524376,-2062.2667829223346,-2062.2777414229026,-2062.282457451377,-2062.2828096549856,gradnorms,0.001961253382499769,0.0018890738558024367,0.002533990949739131,0.005331353363733759,0.006289992465124756,0.005274891701689292,0.020123049327201263,0.05611940960193457,0.011664066321668193,0.008883712911642562,0.007130136331714642,orth_gradnorms,0.001871835753732928,0.0018890343748745365,0.002036736961705486,0.0028031082801583834,0.005172776936857031,0.002884686849482924,0.013873848299527649,0.0,0.01164931719721004,0.0046557244952329015,0.0033451179299369693,projcoords,-33.34677401201248,43.213102256953015,-31.53474720689582,43.9689021331429,-29.062314695089295,44.76055245730137,-25.964404615374715,45.35663646834355,-22.053156273472617,45.68757589534562,-18.13712105845103,45.642591171925424,-16.324625693566894,45.50833537210734,-14.582347791755407,44.54828594087343,-14.162619827632136,44.179199421428265,-14.14237331488308,44.25614354774255,-10.489756807121566,43.99534781569861,-6.694798345987199,43.758814803370534,-4.187142399600942,43.213102256953015,approx_rxn_crds,0.0,0.0754452894016797,0.16061027522447638,0.25156401321134325,0.3580836608265705,0.463193789122254,0.5319144333984173,0.6033328770540489,0.6471177717262997,0.6759191448694629,0.7821790591144173,0.9024130891693966,1.0
nimgs,13,RMSF,0.0013629200424401622,AbsF,0.007570018273980672,RMSF_o,0.0009371718780219393,AbsF_o,0.004778447766733894,RMSF_CI,0.003617132222163782,AbsF_CI,0.01393270463078823,energies,-2062.2789515101354,-2062.280856565978,-2062.281347645835,-2062.2815090352506,-2062.2806557195663,-2062.2753262351116,-2062.262166516335,-2062.255573899108,-2062.1943409607566,-2062.267035827489,-2062.277744216305,-2062.2824584392915,-2062.2828096549856,gradnorms,0.001955279549181599,0.0018839756140892447,0.002528726561030103,0.005309100736184517,0.0062297715147722095,0.005472878884884172,0.02030705127148919,0.053894056293812595,0.01174127687219626,0.008492309378044401,0.007122812455876062,orth_gradnorms,0.0018678489888070066,0.0018839550323950529,0.0020288105935880683,0.002791519318457048,0.005143045962367797,0.002889976994286934,0.013963546491778063,0.0,0.0117155010607009,0.004614395805510362,0.003358493087344187,projcoords,-33.34677401201248,43.213102256953015,-31.53481728531635,43.96793115009164,-29.061608942634557,44.760152487477086,-25.96134894907225,45.356924411990725,-22.043786349862707,45.68838089001206,-18.124540256919403,45.642672305452955,-16.31840650251342,45.506525589227344,-14.56864947815999,44.53338484960392,-14.148413045365052,44.15979341850113,-14.139544173552533,44.247044248720925,-10.51190950424561,43.99614652911845,-6.705345816624248,43.76044937034609,-4.187142399600942,43.213102256953015,approx_rxn_crds,0.0,0.07534501418315757,0.16046731220747856,0.2514042683235592,0.3579932437736872,0.46309462071912433,0.5316894060893337,0.6037151729644751,0.6478835145825331,0.6763495722849752,0.7817793287163741,0.9021992895371364,1.0
nimgs,13,RMSF,0.0013738660759231643,AbsF,0.007517127999154965,RMSF_o,0.0009431000773149534,AbsF_o,0.004816574619091323,RMSF_CI,0.0034367276518379006,AbsF_CI,0.013869623811977382,energies,-2062.2789515101354,-2062.280863216766,-2062.281354918217,-2062.2815174609677,-2062.2806655198697,-2062.275327418789,-2062.2621760687484,-2062.255474289387,-2062.1939192782947,-2062.2672800993073,-2062.277748544085,-2062.2824594409026,-2062.2828096549856,gradnorms,0.0019495819335667935,0.0018789466574820877,0.0025237223090961267,0.005288769111055562,0.006173960768106893,0.005679159049268548,0.02047014349717896,0.0512060887350851,0.0118247784897169,0.008126004103251986,0.007113548820850535,orth_gradnorms,0.001863907704167358,0.0018789381379929766,0.0020209933601475958,0.0027800887555405923,0.005114054126412742,0.0028967979200113327,0.014051874671892948,0.0,0.011787797996327053,0.004571103536387925,0.0033718814635410772,projcoords,-33.34677401201248,43.213102256953015,-31.53488880118794,43.96696642194392,-29.060901050532085,44.759757708398396,-25.95829091130037,45.35721410246071,-22.034426890391018,45.68918289683932,-18.112069217983574,45.64274358153255,-16.311962057962244,45.50456005056604,-14.554721633680138,44.51810886440571,-14.134489910257242,44.14042161052422,-14.136284108000687,44.23782765258766,-10.5331401970312,43.996842602234636,-6.715959800011801,43.762098864992865,-4.187142399600942,43.213102256953015,approx_rxn_crds,0.0,0.07524721252463935,0.16032936282913018,0.25125210613209564,0.357912922291144,0.46300589947974846,0.5314850374108671,0.6041248271126057,0.648659123547875,0.6767778393695434,0.7813989859373253,0.9019810594081283,1.0
nimgs,13,RMSF,0.0013828620820195959,AbsF,0.007438267687731969,RMSF_o,0.0009488134829901625,AbsF_o,0.004852315928332182,RMSF_CI,0.003229219843887742,AbsF_CI,0.013541167321358129,energies,-2062.2789515101354,-2062.280869837025,-2062.2813621499567,-2062.2815258195083,-2062.280675196857,-2062.2753287646165,-2062.2621850777787,-2062.2553667446127,-2062.1935869889376,-2062.2675165048067,-2062.2777543087213,-2062.282460472691,-2062.2828096549856,gradnorms,0.0019443485288718099,0.0018739898931435248,0.002519055824091797,0.005272308042177207,0.006124509752800235,0.005895744272462141,0.020604180969187803,0.04811429203090448,0.011910152631560584,0.007785943193528168,0.007104042282461285,orth_gradnorms,0.0018600110153322805,0.0018739874983569366,0.002013285880338054,0.0027687990335306897,0.005086182051889137,0.0029052112488831185,0.014137002499181747,0.0,0.011863632290354432,0.004526118751892488,0.003384440639730692,projcoords,-33.34677401201248,43.213102256953015,-31.534961323648755,43.966008058260165,-29.06019087589162,44.75936815123058,-25.955230334769375,45.3575055885371,-22.025080186683855,45.689981831475805,-18.099707751518004,45.64280429733734,-16.305287024723135,45.50243334259966,-14.54058320956035,44.502468126669285,-14.120881389082633,44.12109379348405,-14.13261352999103,44.22849620658238,-10.553468604954826,43.99744057717538,-6.726631650322906,43.763762482727,-4.187142399600942,43.213102256953015,approx_rxn_crds,0.0,0.0751522278000298,0.16019713387838438,0.2511086369022212,0.35784422844912905,0.46292968958218805,0.5313038166444037,0.6045636881888377,0.6494437770603438,0.6772018785304676,0.7810363847284193,0.9017581778669781,1.0
nimgs,13,RMSF,0.0013891292877279671,AbsF,0.007327008416533991,RMSF_o,0.000954196806014688,AbsF_o,0.004884526027330022,RMSF_CI,0.0030121654441481577,AbsF_CI,0.014020276636738108,energies,-2062.2789515101354,-2062.2808764273095,-2062.28136934177,-2062.281534112151,-2062.280684753643,-2062.27533026516,-2062.2621935316624,-2062.255251298352,-2062.1934059256964,-2062.267745902975,-2062.277761409191,-2062.28246154885,-2062.2828096549856,gradnorms,0.0019398400307960543,0.0018691116882389106,0.002514836322248311,0.005262510072109895,0.006084077219950817,0.006125978758498807,0.020697560231129685,0.04488025431265179,0.011991864837639346,0.007473777055073251,0.007096837467394985,orth_gradnorms,0.00185615122583958,0.0018691113384101193,0.0020056872064075186,0.0027576412748999135,0.0050598532924796494,0.00291530115872476,0.0142172122057426,0.0,0.011939301023245608,0.004479564175945858,0.0033955138263495974,projcoords,-33.34677401201248,43.213102256953015,-31.535034628669646,43.96505608131201,-29.05947840536599,44.75898378809074,-25.952166983859378,45.35779892722577,-22.015747422397528,45.690777609044694,-18.08745422245143,45.642853587461175,-16.298375763729926,45.500139753187234,-14.52625384396805,44.48647412842155,-14.107639365569025,44.10182477469316,-14.128553218130943,44.21905331520691,-10.572917370588913,43.99794522531912,-6.737353600680885,43.765439425362246,-4.187142399600942,43.213102256953015,approx_rxn_crds,0.0,0.07506059225769655,0.16007175210306548,0.2509756367976835,0.3577896720428755,0.46286932225980265,0.5311496445349433,0.6050351194297076,0.65023616421124,0.6776187804804925,0.7806892178084598,0.901530135896536,1.0
nimgs,13,RMSF,0.001391569541714289,AbsF,0.00717448039059647,RMSF_o,0.0009591532165775688,AbsF_o,0.004911866041600325,RMSF_CI,0.0028303869603329463,AbsF_CI,0.013934504637162832,energies,-2062.2789515101354,-2062.280882987953,-2062.281376494352,-2062.2815423401285,-2062.2806941920826,-2062.2753318966106,-2062.262201416259,-2062.2551280919697,-2062.1934608219535,-2062.2679692400316,-2062.277769741425,-2062.282462679899,-2062.2828096549856,gradnorms,0.0019364384050543386,0.0018643014274554327,0.0025112197103799973,0.005263304485170508,0.006056356069096615,0.006375090262516657,0.02073391919663949,0.042171815903983265,0.012062902591494881,0.007191841649692387,0.007095811170036737,orth_gradnorms,0.0018523297328965085,0.0018643013450776885,0.0019982009933261695,0.002746636329632752,0.005035617411150997,0.002927245931934113,0.01429106105988577,0.0,0.012009492460364542,0.004431508350843054,0.0034051480452783104,projcoords,-33.34677401201248,43.213102256953015,-31.535108782737545,43.96411039368395,-29.058763763892227,44.7586045407456,-25.949100559665858,45.35809416716104,-22.006428137494456,45.69157013966606,-18.075305062680656,45.64289037118907,-16.291221880530017,45.49767301165233,-14.51175442175926,44.47014016094046,-14.094849269020772,44.08264647273701,-14.12412483380506,44.20950393524823,-10.591512267779855,43.99836148508897,-6.748119163049701,43.76712891036928,-4.187142399600942,43.213102256953015,approx_rxn_crds,0.0,0.0749731183920219,0.15995496700437575,0.25085586976577345,0.3577532138854747,0.4628300036002011,0.5310285205501961,0.6055447215837517,0.6510340472055962,0.6780243850149401,0.7803542340282308,0.9012959960064368,1.0
nimgs,13,RMSF,0.0013886399513111185,AbsF,0.006968465747909935,RMSF_o,0.0009635834799935293,AbsF_o,0.004931979326241224,RMSF_CI,0.0027700289560821222,AbsF_CI,0.014159414965037075,energies,-2062.2789515101354,-2062.2808895189746,-2062.281383608365,-2062.2815505046333,-2062.280703512263,-2062.275333612438,-2062.2622087136815,-2062.2549974518192,-2062.1938614471082,-2062.2681875432945,-2062.2777791983144,-2062.2824638715147,-2062.2828096549856,gradnorms,0.0019346876966324453,0.0018595514849183952,0.00250841369937228,0.005280062775000428,0.0060465048302924445,0.00665081742148027,0.020690269282727346,0.04127250189523792,0.012114351207734339,0.006943321567647506,0.007106453862747,orth_gradnorms,0.0018485505777649637,0.0018595505716518647,0.0019908290819039254,0.0027358279062455904,0.00501428362073747,0.0029413704668865555,0.014357070498101266,0.0,0.01206652616313603,0.004382094512641308,0.0034141779850368524,projcoords,-33.34677401201248,43.213102256953015,-31.535184283637037,43.96317071479575,-29.058047237350454,44.75823028553656,-25.946030668873288,45.358391346368975,-21.997119520259684,45.692359315644794,-18.063254097460867,45.642913276719945,-16.283817602109963,45.495025898235205,-14.497107871030765,44.45348198634879,-14.082651072407877,44.063630466330935,-14.119351590835908,44.199855353844306,-10.609282569466117,43.998694419085105,-6.758923692040462,43.76883021072642,-4.187142399600942,43.213102256953015,approx_rxn_crds,0.0,0.07489101342730317,0.15984940615605164,0.2507534933087414,0.35774086465921007,0.4628195830313881,0.5309494113313445,0.6061012391264108,0.6518333631894747,0.6784127644349939,0.7800268741945273,0.9010542109420873,1.0
nimgs,13,RMSF,0.0013768999730425153,AbsF,0.006690838835490621,RMSF_o,0.0009669042638435055,AbsF_o,0.004940059303810028,RMSF_CI,0.0029292549930607496,AbsF_CI,0.014247586505723086,energies,-2062.2789515101354,-2062.280896019958,-2062.2813906844285,-2062.2815586068195,-2062.280712711843,-2062.275335334889,-2062.2622154003793,-2062.2548600025375,-2062.1947161263347,-2062.268401907796,-2062.2777896693815,-2062.2824651235105,-2062.2828096549856,gradnorms,0.0019352384313778969,0.001854872628663126,0.0025066376894124715,0.005318775896633578,0.006060698118071032,0.006962629166722526,0.02051534754615954,0.04364491641406174,0.01211167674160916,0.006730971093493262,0.007134827622159194,orth_gradnorms,0.0018448102875925655,0.0018548639133224936,0.0019835684463032593,0.0027252665779307745,0.004997089554454592,0.0029581847075609456,0.014406549063096366,0.0,0.01207515943900839,0.004331627304223956,0.003423848290893824,projcoords,-33.34677401201248,43.213102256953015,-31.535262261537,43.962236487641,-29.057329335160215,44.757860837959555,-25.942956759190892,45.35869050644178,-21.98781547068721,45.6931449924123,-18.051291629382042,45.642920531102114,-16.27615291911455,45.49218969112092,-14.482340290341032,44.43651886091832,-14.071680497360102,44.04554133978644,-14.114259116406028,44.19011822049605,-10.626261610671836,43.99894920830641,-6.7697651662503375,43.77054272198338,-4.187142399600942,43.213102256953015,approx_rxn_crds,0.0,0.07481782715390206,0.15976274935260537,0.2506806150460345,0.3577700693048552,0.4628606862961984,0.5309381524989111,0.6067323269640047,0.6526100048325282,0.6787678222342132,0.7796954896903381,0.9007999992425237,1.0
nimgs,13,RMSF,0.0013515579240169062,AbsF,0.006332136096764053,RMSF_o,0.0009676375541516582,AbsF_o,0.004931457715278263,RMSF_CI,0.003288896106152645,AbsF_CI,0.018591668314563256,energies,-2062.2789515101354,-2062.2809024899193,-2062.2813977231244,-2062.2815666478054,-2062.280721785365,-2062.2753369465822,-2062.262221444922,-2062.2547168628616,-2062.195980310045,-2062.268613318257,-2062.27780104079,-2062.282466429034,-2062.2828096549856,gradnorms,0.001938177770793016,0.001850281331850517,0.0025058359296146115,0.005379087214825484,0.0061001860223490025,0.007312357498781207,0.02013775951981703,0.04900344831283467,0.01197971825793146,0.006549199610701084,0.007180687280005687,orth_gradnorms,0.0018411079552303315,0.0018502423600208606,0.0019764102528914886,0.002715006607925529,0.004985780195601699,0.002978421552381161,0.014417474842614495,0.0,0.011955753429596741,0.004280515338846615,0.003435237571675337,projcoords,-33.34677401201248,43.213102256953015,-31.535344685479252,43.96130678478098,-29.056610879462777,44.75749591837394,-25.93987805195695,45.35899171391254,-21.978505636903876,45.693926971162185,-18.039403471479517,45.64290983089526,-16.268214623686685,45.489153540252765,-14.467483752863547,44.41927727184524,-14.063275018807545,44.03035415858049,-14.108877754347336,44.18030931425915,-10.64248724194426,43.99913116231476,-6.780644997980403,43.772266033517106,-4.187142399600942,43.213102256953015,approx_rxn_crds,0.0,0.0747595934914356,0.1597080553220811,0.2506578207085776,0.35787050574143703,0.46299174186763914,0.5310386076933483,0.6074857153488928,0.6533052441809176,0.6790626157504911,0.7793408091510866,0.9005250680216416,1.0
nimgs,13,RMSF,0.001312025596407966,AbsF,0.005898786917623525,RMSF_o,0.0009646828782039806,AbsF_o,0.004898978898225877,RMSF_CI,0.003726205352824292,AbsF_CI,0.022715491992846094,energies,-2062.2789515101354,-2062.2809089273665,-2062.281404725002,-2062.2815746286715,-2062.2807307247003,-2062.275338297696,-2062.2622268083587,-2062.2545698419426,-2062.1974999098675,-2062.2688221639714,-2062.2778131986006,-2062.2824677761405,-2062.2828096549856,gradnorms,0.001943087484487898,0.0018457881022401858,0.002505749882105103,0.0054554567035970634,0.006161547367231425,0.007693676838927601,0.019548741104474958,0.05551920933852032,0.011697740777547339,0.006387714935838902,0.007238510104825699,orth_gradnorms,0.0018374504428403876,0.0018456782917807767,0.0019693459997978165,0.0027051033432047467,0.004981924653889515,0.0030028646992986937,0.014373451162507262,0.0,0.01168429699763202,0.0042291160393955205,0.0034486399266675386,projcoords,-33.34677401201248,43.213102256953015,-31.53543426721917,43.96038035312632,-29.055892985833125,44.75713514829364,-25.936793573209066,45.35929506861489,-21.96917598770023,45.694705012347036,-18.027571389308914,45.64287835310014,-16.259986492623625,45.48590455257986,-14.452580125773348,44.401797921236664,-14.057881779454252,44.018787867987044,-14.103246075580506,44.170455849724654,-10.658000305946,43.999245647742946,-6.791567599023016,43.77399994151923,-4.187142399600942,43.213102256953015,approx_rxn_crds,0.0,0.07471804726216322,0.15968926849082468,0.2506914286732794,0.3580516079247533,0.4632249730258204,0.5312645117404494,0.608373903938957,0.6538933775818573,0.6792884141992519,0.7789559723469909,0.9002266267442586,1.0
nimgs,13,RMSF,0.001260538906077796,AbsF,0.005398881452849568,RMSF_o,0.0009574898836248046,AbsF_o,0.004832138389591232,RMSF_CI,0.004163040863585877,AbsF_CI,0.026019291797533713,energies,-2062.2789515101354,-2062.280915330524,-2062.28141169058,-2062.2815825504636,-2062.2807395202954,-2062.275339223694,-2062.2622314470086,-2062.254421413235,-2062.1991570551227,-2062.2690281189884,-2062.27782603334,-2062.28246915067,-2062.2828096549856,gradnorms,0.0019496305733811017,0.0018414058355663827,0.0025061920380432773,0.005543524353103917,0.006241284214149951,0.008099636131324073,0.018781606696162845,0.06202791185811962,0.011298079931194499,0.0062395483966798514,0.007303504710122911,orth_gradnorms,0.0018338411990178915,0.0018411691183901362,0.0019623748584202774,0.0026956042825560553,0.004985930829491102,0.003031998154438259,0.01426627795706129,0.0,0.011292119153596134,0.00417765442612893,0.0034633241123025005,projcoords,-33.34677401201248,43.213102256953015,-31.535534140509956,43.95945576199306,-29.055176952426223,44.756778079105544,-25.93370225335826,45.359600694448126,-21.959810476675045,45.69547887307707,-18.0157746199092,45.64282289352651,-16.251450496963077,45.48242854271332,-14.437680459168035,44.38413642870615,-14.05515733037228,44.01027494731988,-14.097410213275776,44.160594684362835,-10.672842088143943,43.99929797532214,-6.802539032200932,43.775744405203454,-4.187142399600942,43.213102256953015,approx_rxn_crds,0.0,0.07469106912887455,0.15970212767905653,0.2507748892392615,0.35830448801892667,0.46354890241854246,0.5316024025320044,0.6093774172431239,0.6543790630410793,0.6794528353315065,0.7785454581643118,0.8999069435430963,1.0
nimgs,13,RMSF,0.0011995135384186215,AbsF,0.0050821479233250704,RMSF_o,0.0009458545386891289,AbsF_o,0.004720613354337463,RMSF_CI,0.004578964293878394,AbsF_CI,0.02851774680556929,energies,-2062.2789515101354,-2062.280921697494,-2062.2814186203486,-2062.281590414196,-2062.2807481620794,-2062.2753395574982,-2062.262235315046,-2062.2542745668748,-2062.200884318316,-2062.26923038599,-2062.2778394426177,-2062.282470537733,-2062.2828096549856,gradnorms,0.0019576389238673583,0.0018371512563263486,0.002507066254757525,0.005640920438457294,0.00633638516584171,0.008524197808613044,0.017872349196583048,0.06822503139628552,0.01082320142521316,0.006101166507852414,0.0073725690858642825,orth_gradnorms,0.0018302782781326194,0.0018367182560256841,0.0019554956243163085,0.0026865401566998526,0.004996792865355982,0.003065795522983584,0.014092915222041858,0.0,0.01082155345136823,0.004126239515201438,0.0034780001684491945,projcoords,-33.34677401201248,43.213102256953015,-31.535647614143265,43.95853151895564,-29.054464168350066,44.75642422166793,-25.930603001540547,45.35990872207223,-21.950392249395566,45.696248338138986,-18.003991144613494,45.642740003442796,-16.242587911342873,45.478710744372854,-14.422841816741077,44.36635938833232,-14.054732265644194,44.004053119167395,-14.091420654839037,44.150768306047404,-10.68705271873436,43.99929332226206,-6.813565968503095,43.777499490203446,-4.187142399600942,43.213102256953015,approx_rxn_crds,0.0,0.07467616991332957,0.15974158468102984,0.2509004136683342,0.3586184952663565,0.46394978251140323,0.5320362311163044,0.6104731149352977,0.6547657786619095,0.6795649887290023,0.7781149222227199,0.8995687913223519,1.0
nimgs,13,RMSF,0.0011315169102143361,AbsF,0.005016377928694145,RMSF_o,0.0009298870699573972,AbsF_o,0.004558539157768101,RMSF_CI,0.004968664934407978,AbsF_CI,0.030139404072868012,energies,-2062.2789515101354,-2062.2809280263345,-2062.2814255147837,-2062.2815982208567,-2062.2807566399197,-2062.275339134664,-2062.2622383663006,-2062.2541326879236,-2062.2025800794872,-2062.269427973826,-2062.2778533320356,-2062.282471921877,-2062.2828096549856,gradnorms,0.0019665755562993984,0.0018330227663019229,0.002508179496071267,0.0057425644638935125,0.00644059518570766,0.0089557121488641,0.016859222254256616,0.07403144016667668,0.01030600153486144,0.005967318890084439,0.007440432036791258,orth_gradnorms,0.0018267628962822277,0.001832323852944222,0.0019487054223589883,0.002677926246018718,0.005012738311790413,0.003103776432577612,0.013855005296210378,0.0,0.010305843423743587,0.004074903576942459,0.0034917025920297574,projcoords,-33.34677401201248,43.213102256953015,-31.535778035002476,43.957606133878016,-29.053756052826266,44.756073073237594,-25.927494745798853,45.36021927188109,-21.940904270025154,45.69701323598364,-17.992198587755105,45.64262610192949,-16.2333801577717,45.47473635444506,-14.408124592777918,44.34854036849624,-14.056523905541583,43.999749653109134,-14.085329786333883,44.14102124686191,-10.70067049418476,43.99923668469678,-6.824655084250122,43.77926531806439,-4.187142399600942,43.213102256953015,approx_rxn_crds,0.0,0.07467131901154857,0.1598035664020872,0.2510617376232386,0.3589851490585883,0.46441667934842623,0.5325531973728715,0.6116410642785072,0.6550382783294105,0.6796319998571849,0.7776687713382723,0.8992143626460097,1.0
nimgs,13,RMSF,0.0010601521088073166,AbsF,0.004929759673897589,RMSF_o,0.0009100199486636961,AbsF_o,0.004344987090271349,RMSF_CI,0.005325692602949888,AbsF_CI,0.030731296814244493,energies,-2062.2789515101354,-2062.280934315225,-2062.2814323743496,-2062.281605971405,-2062.280764944441,-2062.2753378030657,-2062.262240557447,-2062.253999447802,-2062.2040682553247,-2062.2696198194913,-2062.2778676165026,-2062.282473288336,-2062.2828096549856,gradnorms,0.001975050672681477,0.0018289807564073953,0.002509130236822139,0.005837378578391933,0.0065417299137919185,0.009371416787582241,0.015795910661481637,0.0793510326186595,0.009774602718571461,0.00582871391318582,0.007497139649462414,orth_gradnorms,0.0018232973717820242,0.0018279814137500193,0.0019420071677292313,0.002669765275341143,0.005031886487738908,0.0031450820329597565,0.013558991855828532,0.0,0.00977455698362589,0.004023669516643933,0.0035042986186918463,projcoords,-33.34677401201248,43.213102256953015,-31.535928561931122,43.95667821715924,-29.05305394852206,44.75572416253518,-25.924376497350423,45.360532440361695,-21.93133046529192,45.69777345439876,-17.980375609186922,45.64247764638341,-16.223810258184663,45.47049146135747,-14.393590612036611,44.33075698736254,-14.06061665846412,43.997315339566875,-14.079191141627568,44.13139803747612,-10.713730816737815,43.999132820844814,-6.83581211128588,43.781042012062215,-4.187142399600942,43.213102256953015,approx_rxn_crds,0.0,0.07467386229835664,0.1598826439684327,0.25125045387127604,0.35939286972239526,0.4649346552457038,0.5331359421357539,0.6128557639719266,0.6551639116825977,0.679663711185418,0.7772134276925,0.8988467631373984,1.0
nimgs,13,RMSF,0.0009923900889154999,AbsF,0.004830627054515019,RMSF_o,0.000886652813020666,AbsF_o,0.004102908941004164,RMSF_CI,0.0056010245580642125,AbsF_CI,0.030166495697051633,energies,-2062.2789515101354,-2062.280940562772,-2062.28143919951,-2062.281613666778,-2062.2807730686973,-2062.275335444535,-2062.2622418544042,-2062.253878626012,-2062.205022227328,-2062.2698047600525,-2062.2778822228497,-2062.2824746268175,-2062.2828096549856,gradnorms,0.001979935015366874,0.0018249150249399371,0.002509090804814354,0.005902218646636009,0.006615665568199341,0.009727030221568313,0.014786279304282484,0.08345338635554898,0.00925116321136409,0.005668340862560832,0.007522893376063408,orth_gradnorms,0.0018198787232601467,0.0018236914445583135,0.0019354022586386644,0.0026620319763056956,0.005052041150038712,0.0031883038057951086,0.013210829376156372,0.0,0.009249169584343356,0.003972623750029209,0.003516123927525756,projcoords,-33.34677401201248,43.213102256953015,-31.53610172647779,43.95574666728667,-29.052358928127287,44.75537712021774,-25.921247467967554,45.360848290880284,-21.921658029208405,45.698528967641025,-17.9685042647172,45.64229141639336,-16.213865496783942,45.465964773233395,-14.379301108753321,44.313088062952644,-14.066370465439654,43.9968810025214,-14.073059545452786,44.12194210262145,-10.726264218643765,43.998986180941976,-6.847040100773716,43.782829628748495,-4.187142399600942,43.213102256953015,approx_rxn_crds,0.0,0.07467464615415695,0.15995941028101532,0.25143615574883826,0.3597985024981952,0.46544794609059975,0.5337203488725152,0.614037852813253,0.6551361247704837,0.6796979498342572,0.7767750068229552,0.8984780869678944,1.0
nimgs,13,RMSF,0.0009307888640647041,AbsF,0.004723890630607162,RMSF_o,0.0008601005960054645,AbsF_o,0.003841496845812138,RMSF_CI,0.005769118979733099,AbsF_CI,0.028578568199053564,energies,-2062.2789515101354,-2062.2809467686493,-2062.28144599075,-2062.2816213079036,-2062.2807810115655,-2062.275332020597,-2062.2622422451777,-2062.253773402686,-2062.2053816994203,-2062.2699813679806,-2062.277897095189,-2062.2824759393875,-2062.2828096549856,gradnorms,0.0019800118869623914,0.0018207593321778377,0.0025078493047378265,0.005929829503009249,0.006651861020221104,0.010001458938872167,0.013868441725790373,0.08595793683025611,0.008767018761134303,0.00548594666915728,0.0075122238369096424,orth_gradnorms,0.00181650185788092,0.001819454292078661,0.0019288839762209755,0.0026546329229708196,0.005068911107087849,0.0032308158821823182,0.012815210252870145,0.0,0.008749259250419797,0.003921887811912993,0.003526826454472658,projcoords,-33.34677401201248,43.213102256953015,-31.536298550194886,43.95481105082632,-29.051671428818782,44.755031800732205,-25.91810729275447,45.36116684076353,-21.911882054094484,45.69927989937571,-17.9565743915999,45.642065066279685,-16.20354241987944,45.46115093017638,-14.365310294158268,44.29560878429029,-14.073187703565447,43.99815730912239,-14.06698887400734,44.1126945947954,-10.738292591488007,43.99880080961012,-6.858336041517035,43.78462803183444,-4.187142399600942,43.213102256953015,approx_rxn_crds,0.0,0.07466890766295009,0.16002372042807794,0.2516029230526816,0.3601793733467506,0.46592734790529894,0.5342728710714568,0.6151437828658505,0.6549680756674012,0.6797539614423286,0.7763670715499594,0.8981148598993487,1.0
nimgs,13,RMSF,0.0008750158652956286,AbsF,0.00461017885936006,RMSF_o,0.0008306922009033792,AbsF_o,0.003832013752064851,RMSF_CI,0.005821387894628388,AbsF_CI,0.026145817895856082,energies,-2062.2789515101354,-2062.2809529337005,-2062.2814527485903,-2062.281628895693,-2062.2807887782087,-2062.2753275765654,-2062.2622417438643,-2062.2536860295054,-2062.2052219856077,-2062.270147996112,-2062.277912193501,-2062.2824772413614,-2062.2828096549856,gradnorms,0.001975579083097197,0.0018165090329025646,0.0025055735055242987,0.00592346503506882,0.0066496243882139695,0.010191881798985544,0.013037442760113304,0.08673672612209408,0.008364046711134387,0.005290067212746943,0.007468574637281659,orth_gradnorms,0.0018131631849241927,0.001815266613911205,0.0019224438972621806,0.002647408995151129,0.005077202636325906,0.0032692602532693425,0.012377035034549164,0.0,0.008290483132964658,0.0038715460768407877,0.0035353001608499205,projcoords,-33.34677401201248,43.213102256953015,-31.53651839865862,43.95387165834346,-29.050991201930188,44.75468829174114,-25.914956034874226,45.36148806916218,-21.90200621761775,45.70002651407758,-17.944584548237728,45.64179730674284,-16.192848355797636,45.45605159575218,-14.351662544817525,44.27838793245599,-14.08072842138435,44.00076133717545,-14.061030205056309,44.103693466124795,-10.749829761742005,43.998580382067715,-6.869690518481153,43.786436841223825,-4.187142399600942,43.213102256953015,approx_rxn_crds,0.0,0.07465540843996206,0.16007284517939843,0.2517464329527569,0.3605291722131229,0.4663648832269864,0.5347843927028756,0.6161592702866036,0.6546716620436097,0.6798361795176664,0.7759930992780828,0.8977591407553479,1.0
nimgs,13,RMSF,0.0008242174862924608,AbsF,0.00448577999647195,RMSF_o,0.0007988476943942992,AbsF_o,0.003900031178412411,RMSF_CI,0.005754312575340326,AbsF_CI,0.02786594060906919,energies,-2062.2789515101354,-2062.2809590597344,-2062.281459473573,-2062.281636431041,-2062.2807963788155,-2062.2753222202764,-2062.262240387793,-2062.253617847577,-2062.2046511333783,-2062.270302878186,-2062.277927489078,-2062.282478557835,-2062.2828096549856,gradnorms,0.0019675927162405285,0.0018122003597621943,0.0025025512481482303,0.005890192166645662,0.006613584019889582,0.010304630927017644,0.01228056395959397,0.08573732637345183,0.008088925334008465,0.0050907884473599925,0.007398522655263019,orth_gradnorms,0.0018098561885509059,0.0018111267772613702,0.0019160765465490515,0.0026401665644971584,0.0050734276262541745,0.0033008237900667378,0.011902562573760218,0.0,0.007884685794178222,0.00382161870611342,0.003540463972450089,projcoords,-33.34677401201248,43.213102256953015,-31.536759265928225,43.95292937353564,-29.050317446257818,44.7543468613064,-25.911794074711377,45.36181193040822,-21.892041158000502,45.7007691662023,-17.932540904853024,45.64148784140083,-16.181800526446363,45.45067496228453,-14.338392678615737,44.2614875037979,-14.088674365143508,44.004308790143966,-14.055230855169965,44.094973047505874,-10.760884154865721,43.998328276225884,-6.881089078432278,43.78825541548608,-4.187142399600942,43.213102256953015,approx_rxn_crds,0.0,0.07463362015653675,0.16010547312383935,0.25186454918181167,0.3608445402220774,0.46675641647414917,0.5352502378658243,0.6170763249139194,0.654264451456861,0.6799462665466327,0.7756547455919341,0.8974122552359521,1.0
nimgs,13,RMSF,0.0007776492946994928,AbsF,0.0043448207314342345,RMSF_o,0.0007651973651628313,AbsF_o,0.003936510360971695,RMSF_CI,0.005565305280724343,AbsF_CI,0.02875612539385596,energies,-2062.2789515101354,-2062.2809651492234,-2062.2814661662514,-2062.2816439148164,-2062.280803826843,-2062.275316095675,-2062.2622382319432,-2062.253569410164,-2062.2037901365447,-2062.270440526988,-2062.277942959745,-2062.282479919205,-2062.2828096549856,gradnorms,0.0019572899836392673,0.0018078874627669465,0.002499108203729198,0.00583869091222957,0.006552641282036794,0.010351887918769516,0.011586713531944653,0.08292118110965456,0.007990413229437058,0.004899745481564738,0.007310156419776508,orth_gradnorms,0.0018065706198951562,0.0018070354203353518,0.0019097798720064004,0.0026327175406295087,0.00505778692671777,0.0033242774669072646,0.011401183960395295,0.0,0.007551311518619614,0.0037720071092767512,0.00354205539423013,projcoords,-33.34677401201248,43.213102256953015,-31.537018177661487,43.95198549263764,-29.04964898673888,44.754007894265804,-25.908621982298847,45.36213836272423,-21.88200222325116,45.701508239087076,-17.92045536547475,45.64113717126767,-16.170424154034297,45.44503458346191,-14.325526980189558,44.244963342214646,-14.09676193779043,44.00845400253365,-14.049779204847404,44.08678251977307,-10.771461663424523,43.99804762985797,-6.8925140216402205,43.79008285336277,-4.187142399600942,43.213102256953015,approx_rxn_crds,0.0,0.07460350132971344,0.16012126645874164,0.2519566388310136,0.3611241498804785,0.4671004331413968,0.5356687157373823,0.6178914426281473,0.6537649696489628,0.6800803373079118,0.775352382296923,0.8970750187825469,1.0
nimgs,13,RMSF,0.0007351130840093555,AbsF,0.004180962080605846,RMSF_o,0.0007306856046731752,AbsF_o,0.003938674166109463,RMSF_CI,0.005251332180551467,AbsF_CI,0.0288307235255981,energies,-2062.2789515101354,-2062.2809712049816,-2062.2814728271833,-2062.2816513478656,-2062.280811137185,-2062.2753093593537,-2062.2622353428287,-2062.2535406777565,-2062.2027620481313,-2062.2705556651335,-2062.277958584458,-2062.2824813571647,-2062.2828096549856,gradnorms,0.0019459032101222216,0.00180361824403047,0.002495553219946754,0.005777704797449363,0.006478020021144211,0.010348593418477835,0.010952938266718549,0.0782430872783659,0.008090501843594423,0.004725994072331057,0.00721184025542525,orth_gradnorms,0.0018032984299555007,0.001802991370947408,0.0019035536466999567,0.0026249194999166565,0.005033771054492152,0.003340157608750332,0.010886970310357513,0.0,0.007303096264464763,0.0037226197742862123,0.0035408292945790535,projcoords,-33.34677401201248,43.213102256953015,-31.53729162299443,43.951041532207675,-29.048984453121864,44.75367183363586,-25.90544040343516,45.362467293015555,-21.87190711797126,45.70224408478461,-17.908343254120147,45.64074628865501,-16.158750068198103,45.43914787630047,-14.313084700285028,44.22886619337239,-14.1047890756543,44.01290319675746,-14.0448791823984,44.07939707449636,-10.781568906410191,43.99774144327518,-6.903946249183961,43.791918027554175,-4.187142399600942,43.213102256953015,approx_rxn_crds,0.0,0.07456552074184651,0.1601209470125733,0.2520237231523906,0.3613689821838262,0.46739838010976037,0.5360414666760361,0.6186058001535832,0.6531921773092341,0.6802319784934716,0.7750848846727543,0.89674761892361,1.0
nimgs,13,RMSF,0.0006971087795172503,AbsF,0.004076152320355483,RMSF_o,0.0006965741936809201,AbsF_o,0.003904725411791563,RMSF_CI,0.004811479430771109,AbsF_CI,0.0279685097416736,energies,-2062.2789515101354,-2062.2809772298638,-2062.2814794569176,-2062.2816587310103,-2062.280818324526,-2062.275302162954,-2062.2622317932314,-2062.253531247323,-2062.201683469272,-2062.270645502848,-2062.277974339222,-2062.2824829018564,-2062.2828096549856,gradnorms,0.0019344764393005947,0.0017994236495590815,0.0024921452499796727,0.0057150110108065266,0.006400695390058771,0.01030973340122426,0.01038668688305211,0.0716894289098946,0.008374388440492027,0.004574438101816502,0.007111141691834207,orth_gradnorms,0.0018000358671169496,0.001798992220099043,0.00189739792517898,0.002616703140224159,0.005006089077979319,0.0033501592138146783,0.01037872173348403,0.0,0.007139627096356143,0.0036734617055531266,0.0035380700240785,projcoords,-33.34677401201248,43.213102256953015,-31.53757595851527,43.950099049181034,-29.048322434726895,44.75333913218806,-25.902249969975017,45.362798641382525,-21.86177377998805,45.7029769729352,-17.89622091779838,45.64031631931601,-16.146812234374252,45.43303457574937,-14.301079731503597,44.21324263877674,-14.112608109910814,44.01741270285413,-14.04066069125028,44.07298619137497,-10.791215791460083,43.99741265239013,-6.915366930724882,43.79375965027083,-4.187142399600942,43.213102256953015,approx_rxn_crds,0.0,0.07452048525379124,0.16010595937928576,0.252067961423945,0.36158164287118266,0.46765377738268027,0.5363724154136716,0.619223820522995,0.6525643437444497,0.6803951399429862,0.7748500288278145,0.8964297729542974,1.0
nimgs,13,RMSF,0.0006878144620841232,AbsF,0.004052477106562288,RMSF_o,0.0006643436390675432,AbsF_o,0.003833663873529864,RMSF_CI,0.004251102729842713,AbsF_CI,0.025914474722500823,energies,-2062.2789515101354,-2062.2809832265248,-2062.281486055984,-2062.281666065046,-2062.2808254020647,-2062.2752946406727,-2062.262227658244,-2062.2535405739723,-2062.2006557481623,-2062.270710219157,-2062.2779901950785,-2062.282484580034,-2062.2828096549856,gradnorms,0.001923773422821518,0.001795318016799461,0.002489077109861703,0.005656778563470027,0.006329257923693971,0.010248204672232104,0.009904146625501356,0.06334000411405188,0.00880562497612649,0.004446245176204409,0.007013970568948177,orth_gradnorms,0.0017967816104772463,0.001795037149830168,0.0018913140449109897,0.002608080397395936,0.004978610337015294,0.003356283969256469,0.009898497285488861,0.0,0.007053645912037761,0.0036246651565730904,0.003534854912423605,projcoords,-33.34677401201248,43.213102256953015,-31.53786774756437,43.94915948978913,-29.04766160404395,44.7530102131927,-25.899051232253612,45.363132328023745,-21.85161868077981,45.70370705516027,-17.884103620308462,45.63984819947955,-16.13464553693078,45.42671536038047,-14.289522139190687,44.19813559330503,-14.120114967586602,44.02178270051268,-14.037142910103636,44.067559904940495,-10.800416914188503,43.99706415079815,-6.926758836256077,43.79560635436294,-4.187142399600942,43.213102256953015,approx_rxn_crds,0.0,0.07446934672998483,0.16007808234213197,0.2520920500387472,0.3617655456213737,0.46787116621458075,0.536666552405876,0.6197515606758346,0.6518979914539066,0.6805658119982989,0.774644993811812,0.8961209315717212,1.0
nimgs,13,RMSF,0.0006827847813059942,AbsF,0.00402280843982665,RMSF_o,0.0006355786051968576,AbsF_o,0.003725314361067688,RMSF_CI,0.0035891165587286296,AbsF_CI,0.02243098602530084,energies,-2062.2789515101354,-2062.2809891972524,-2062.2814926248893,-2062.281673350743,-2062.280832380691,-2062.2752869008195,-2062.262223012606,-2062.2535681390536,-2062.1997577335246,-2062.2707520881845,-2062.2780061179897,-2062.2824864138706,-2062.2828096549856,gradnorms,0.0019142705376713138,0.0017913021539251437,0.00248647035483694,0.005607321704533186,0.006269022703181334,0.010173264116469329,0.009526415162819723,0.05347663230996404,0.009344455080356057,0.004340216462426271,0.006924176039079919,orth_gradnorms,0.0017935375901278116,0.0017911262893971795,0.001885302046713059,0.002599134167565739,0.004953416998978359,0.0033602263425653546,0.009469907933620274,0.0,0.00703780606788632,0.0035764483388298148,0.00353159049705204,projcoords,-33.34677401201248,43.213102256953015,-31.538164010603143,43.94822407960737,-29.04700080961721,44.75268543876703,-25.895844610224923,45.36346828216233,-21.84145564588966,45.70443434965055,-17.87200403167475,45.63934246567342,-16.12228405138481,45.42021079732161,-14.278439948301866,44.18361129164008,-14.127239689895408,44.025851280153915,-14.03424677915233,44.062985705172345,-10.809191831912948,43.99669877570392,-6.938107233369307,43.79745676839369,-4.187142399600942,43.213102256953015,approx_rxn_crds,0.0,0.07441316782556542,0.16003937349461586,0.2520991424465553,0.3619248287061683,0.46805600648490475,0.5369298165237281,0.6201952519380372,0.6512072234472214,0.6807418672442656,0.7744664265701923,0.8958202826190067,1.0
nimgs,13,RMSF,0.0006770916965368306,AbsF,0.003988529470867925,RMSF_o,0.000612210464125213,AbsF_o,0.0035848100252367054,RMSF_CI,0.0028758786866295684,AbsF_CI,0.017439294867190012,energies,-2062.2789515101354,-2062.2809951438658,-2062.281499164112,-2062.2816805888497,-2062.280839268594,-2062.2752790211225,-2062.262217929271,-2062.253613114309,-2062.19904626868,-2062.270773875474,-2062.2780220699233,-2062.2824884201464,-2062.2828096549856,gradnorms,0.0019062312224112329,0.001787367745368352,0.0024843893653618376,0.005569431728299866,0.006222563909837656,0.010088439063861438,0.009279103192271411,0.04284962735995107,0.009954743721144427,0.004254415791327432,0.006843868494428536,orth_gradnorms,0.0017903095975284648,0.0017872586336566347,0.0018793582516918182,0.0025899939445686313,0.0049309973884806065,0.0033631308574511953,0.009121730473399151,0.0,0.007084698568794596,0.003529037963954783,0.0035280421861167304,projcoords,-33.34677401201248,43.213102256953015,-31.538462377842226,43.94729376005498,-29.04633913963478,44.75236508644555,-25.892630364240233,45.363806450216195,-21.831295197416146,45.70515874707614,-17.859931434174456,45.638799187893966,-16.109759942572246,45.41354070065797,-14.268041979039943,44.16997143847705,-14.133938654128002,44.029488073762806,-14.031843410914824,44.059057110807906,-10.817564548366809,43.99631928379223,-6.949400330665606,43.79930957181803,-4.187142399600942,43.213102256953015,approx_rxn_crds,0.0,0.0743536290685158,0.15999327102175942,0.25209458925001527,0.36206687300003154,0.4682179337610603,0.5371728394514487,0.6205565505110491,0.6505016408290035,0.6809197175852141,0.7743088964153859,0.8955260134648594,1.0
nimgs,13,RMSF,0.0007116512139299253,AbsF,0.004081010805504537,RMSF_o,0.0005955008028045218,AbsF_o,0.003416954843636282,RMSF_CI,0.0022376273169858064,AbsF_CI,0.014155305800307121,energies,-2062.2789515101354,-2062.2810010676794,-2062.2815056741047,-2062.2816877800915,-2062.2808460711967,-2062.2752710469695,-2062.2622124794007,-2062.2536743047713,-2062.198569399861,-2062.2707774885807,-2062.278038010226,-2062.282490609713,-2062.2828096549856,gradnorms,0.0018998499225034386,0.0017835042462992835,0.0024828821785467495,0.005545399844914525,0.00619137746540758,0.009996797739502461,0.00917543483891589,0.033339896132982834,0.010603364275734464,0.004187583473822192,0.006774498796768434,orth_gradnorms,0.001787103941745129,0.0017834328716991286,0.0018734797212377255,0.0025808077589538456,0.0049110997081344854,0.003365704500076708,0.008872762127052897,0.0,0.007185245253595309,0.0034826151700395797,0.003523755577481805,projcoords,-33.34677401201248,43.213102256953015,-31.538761161759965,43.94636916365207,-29.04567595967682,44.75204933498015,-25.889408586462736,45.364146800400306,-21.821144292989977,45.7058800334391,-17.847891510568488,45.63821801134879,-16.097103142787283,45.40672408304783,-14.258502913713073,44.157470256464215,-14.140186278832559,44.03258365620651,-14.029803336128545,44.055563847376746,-10.825562695648733,43.99592833755973,-6.960629368404778,43.801163531466926,-4.187142399600942,43.213102256953015,approx_rxn_crds,0.0,0.07429253813459334,0.15994354491919152,0.252084289401891,0.36219994708954356,0.4683677094275832,0.5374074524987716,0.6208409197636241,0.649789723273025,0.6810952002258132,0.7741663866904754,0.8952359795115482,1.0
nimgs,13,RMSF,0.0007526805458206081,AbsF,0.004208020242954963,RMSF_o,0.0005846360947429961,AbsF_o,0.003211627504558313,RMSF_CI,0.0019410260065834838,AbsF_CI,0.012637308770940877,energies,-2062.2789515101354,-2062.281006969482,-2062.281512155287,-2062.2816949251696,-2062.2808527911807,-2062.2752629904744,-2062.2622067320176,-2062.253750348512,-2062.198398407409,-2062.2707633815594,-2062.278053896561,-2062.282492987078,-2062.2828096549856,gradnorms,0.0018954944897399105,0.0017797049933815205,0.0024820494600970087,0.0055390303750783385,0.006178498103436462,0.009904631149293837,0.00918738277579763,0.028920636139750117,0.011214687552518416,0.004140487822274932,0.006718747395532847,orth_gradnorms,0.0017839248425163485,0.0017796488284459381,0.0018676667004311764,0.0025717217336681387,0.004893715203730514,0.003368500443700979,0.00871088162285241,0.0,0.0073181378537760106,0.00343730310646731,0.003518584295089237,projcoords,-33.34677401201248,43.213102256953015,-31.539059398319655,43.945450605029606,-29.045010935793986,44.751738257041396,-25.88617920589026,45.364489323072085,-21.81100619704332,45.70659791988709,-17.835886358391523,45.63759822054751,-16.084341143799023,45.39977911768198,-14.24992922834821,44.1462672574253,-14.145595295904991,44.034842825547265,-14.028025077674634,44.05233345208702,-10.833216877858067,43.99552850642379,-6.971788581385287,43.80301753279668,-4.187142399600942,43.213102256953015,approx_rxn_crds,0.0,0.07423249551929972,0.15989573368374538,0.2520769563322887,0.3623364703039996,0.46852143330097595,0.53765152605352,0.6210650792155625,0.6491362059743261,0.6812599599801689,0.7740302799772862,0.8949467565551895,1.0
nimgs,13,RMSF,0.0007793414183505643,AbsF,0.004286892499056313,RMSF_o,0.0005739705628579025,AbsF_o,0.0029346953499738903,RMSF_CI,0.002039048727188992,AbsF_CI,0.012566969795777877,energies,-2062.2789515101354,-2062.2810128494702,-2062.281518608051,-2062.281702024765,-2062.280859428242,-2062.2752548263898,-2062.2622007523246,-2062.2538399822292,-2062.1985439270893,-2062.2707307471055,-2062.278069684825,-2062.2824955497663,-2062.2828096549856,gradnorms,0.0018932081674675149,0.001775964123647472,0.0024818912754642447,0.005551020991435399,0.00618510474558603,0.009813912847070866,0.00917881042545416,0.030381141782871376,0.011611925606512495,0.004113527166285891,0.006677037549531183,orth_gradnorms,0.001780775383937639,0.0017759060564352333,0.0018619203715649674,0.002562873637434678,0.004879834928606131,0.0033722006028836155,0.008551968776842363,0.0,0.007436187063562551,0.003393185646030634,0.0035130224963325256,projcoords,-33.34677401201248,43.213102256953015,-31.539356945063062,43.94453804686362,-29.044344072549748,44.75143180864853,-25.882941985255634,45.36483402920421,-21.800880034400656,45.707312064338,-17.823914197173707,45.63693871034289,-16.07149844931507,45.39272277790472,-14.242322165309751,44.13637822791984,-14.149028622592617,44.03571380858167,-14.026439026032786,44.049239603702496,-10.840560606185651,43.995122275502965,-6.982875391375751,43.80487062396316,-4.187142399600942,43.213102256953015,approx_rxn_crds,0.0,0.0741787600398434,0.1598611752361264,0.2520904803813594,0.36250218143640756,0.46871238893374945,0.5379425681649851,0.6212745262305549,0.6487426641926606,0.6813932448997214,0.7738836481928063,0.8946509596373641,1.0
nimgs,13,RMSF,0.0007883318968498652,AbsF,0.00431576654326781,RMSF_o,0.0005600382721277047,AbsF_o,0.0026943024154313286,RMSF_CI,0.002189165541804468,AbsF_CI,0.014032250351913234,energies,-2062.2789515101354,-2062.2810187072873,-2062.2815250327585,-2062.2817090795384,-2062.2808659793627,-2062.2752464956984,-2062.262194601733,-2062.253942120065,-2062.1988603549116,-2062.2706785515793,-2062.2780853293616,-2062.282498289228,-2062.2828096549856,gradnorms,0.0018920942595920065,0.0017722725471759843,0.0024821348066638273,0.005573381821872331,0.006205357485673071,0.00971399672849594,0.009063929980815932,0.03261783194530468,0.011745880719179012,0.004103350525491528,0.00664326651947728,orth_gradnorms,0.001777658157964671,0.0017722029580704306,0.0018562420688605166,0.0025543873705578335,0.004871178254227881,0.003377516517711699,0.008344382320280409,0.0,0.0075095808931731475,0.003350335978843777,0.0035079863656562226,projcoords,-33.34677401201248,43.213102256953015,-31.539654440375894,43.943631123751466,-29.043675687220293,44.75112984110936,-25.87969654770297,45.365180944726,-21.790761070342224,45.70802210171077,-17.81196957110091,45.63623797760466,-16.058596627436568,45.38557082711339,-14.235548422384408,44.127640587746804,-14.1504552382304,44.035331246125565,-14.025008221927218,44.04621513002306,-10.847629988045139,43.99471204518758,-6.993890120288389,43.80672205499451,-4.187142399600942,43.213102256953015,approx_rxn_crds,0.0,0.07413397939716145,0.1598456555867643,0.2521340342681552,0.36271041634454027,0.46895778746598665,0.5382995776336262,0.6215006911938422,0.6486523989688331,0.6814843269353397,0.7737172967535642,0.8943446951925096,1.0
nimgs,13,RMSF,0.0007845693250631735,AbsF,0.004292124061477202,RMSF_o,0.0005432071397866216,AbsF_o,0.0026701298515622025,RMSF_CI,0.0022743782408670473,AbsF_CI,0.014626010355117508,energies,-2062.2789515101354,-2062.281024542322,-2062.281531429752,-2062.281716090136,-2062.2808724404263,-2062.275237927829,-2062.262188342394,-2062.2540559952963,-2062.1992534340634,-2062.270606889268,-2062.278100785018,-2062.2825011947543,-2062.2828096549856,gradnorms,0.001891579811271845,0.0017686257476506463,0.0024826126125829604,0.005600978629319445,0.006235220814321186,0.009600165754188948,0.008861042477029764,0.03388747256614966,0.011689819662179503,0.004107950438519879,0.006613638641429228,orth_gradnorms,0.0017745743401250474,0.001768538371619948,0.0018506325920060484,0.00254635293108094,0.004868659425040637,0.0033846480238298258,0.008093604096492861,0.0,0.007524406145702112,0.0033088387073257424,0.003504082822777419,projcoords,-33.34677401201248,43.213102256953015,-31.53995290679171,43.94272931714186,-29.043006238533362,44.750832161984036,-25.876442472819186,45.36553009861755,-21.78064285535207,45.70872770501104,-17.800045062056668,45.6354943314349,-16.045655899725112,45.378338848255154,-14.22940238235362,44.11979637134621,-14.150697796788041,44.034135053539266,-14.023727474319218,44.04326229399093,-10.854462150755015,43.99430011746616,-7.004834453388759,43.808571280672275,-4.187142399600942,43.213102256953015,approx_rxn_crds,0.0,0.07409608299056593,0.1598448187510758,0.25220080744976264,0.3629515743375176,0.4692451839145326,0.5387074821275074,0.6217392717973591,0.6487476880813134,0.6815415330519679,0.7735363432760141,0.8940307021649702,1.0
nimgs,13,RMSF,0.0007713219381939226,AbsF,0.004213041222588346,RMSF_o,0.0005234887999717692,AbsF_o,0.0027081147221381437,RMSF_CI,0.002308889449114646,AbsF_CI,0.014681480956410508,energies,-2062.2789515101354,-2062.2810303538963,-2062.281537799362,-2062.28172305719,-2062.2808788071793,-2062.275229053505,-2062.262182038924,-2062.2541812183827,-2062.199717851375,-2062.270516370929,-2062.2781160084005,-2062.28250425574,-2062.2828096549856,gradnorms,0.0018916647936554043,0.0017650249617865688,0.002483324305830408,0.005633774650519515,0.006273955500999405,0.009475526078862102,0.00858878322336925,0.034401677987966096,0.011492438043309561,0.004127934703679739,0.006588033468669875,orth_gradnorms,0.0017715241983857653,0.0017649119677644275,0.0018450910886619284,0.0025388145653535885,0.004871692924070575,0.0033931345958034343,0.007799807450218628,0.0,0.007471829068033116,0.0032687930614995323,0.003501223768046418,projcoords,-33.34677401201248,43.213102256953015,-31.540253509551317,43.94183206012799,-29.04233622457533,44.75053857063302,-25.87317934567341,45.3658815172506,-21.77051852646654,45.709428618722185,-17.78813238129358,45.634706022756546,-16.032695881357412,45.37104262113074,-14.223684262068135,44.11259224745787,-14.150205382135798,44.032216751921595,-14.022585979782002,44.04037903027393,-10.86109422453481,43.99388868842882,-7.0157105242878055,43.81041795616441,-4.187142399600942,43.213102256953015,approx_rxn_crds,0.0,0.07406280495345027,0.15985388501973885,0.25228331501602697,0.36321508108552314,0.46956089510441096,0.5391497756414909,0.6219836625253767,0.6489498546546892,0.6815741780096072,0.7733465216798088,0.8937120155137463,1.0
nimgs,13,RMSF,0.0007498898293658463,AbsF,0.004079383979718704,RMSF_o,0.0005012411793807467,AbsF_o,0.0027872902148317093,RMSF_CI,0.0023061757926447313,AbsF_CI,0.01428267946639723,energies,-2062.2789515101354,-2062.281036141273,-2062.2815441419107,-2062.28172998132,-2062.2808850752617,-2062.2752198042117,-2062.262175756739,-2062.254317616759,-2062.200244035419,-2062.2704079126897,-2062.278130957874,-2062.2825074615857,-2062.2828096549856,gradnorms,0.001892322337006874,0.001761471147196149,0.0024842617807429414,0.005671464291832838,0.00631991875044448,0.009341924855305193,0.00825548780329892,0.0343612454171976,0.011173106813835041,0.00416373300280201,0.0065658798122641155,orth_gradnorms,0.0017685083055196391,0.0017613231032787818,0.0018396152088688636,0.002531773808426446,0.004878820893999872,0.003402191415582061,0.007468325369140959,0.0,0.007353945630047732,0.003230304195059166,0.0034988245318596316,projcoords,-33.34677401201248,43.213102256953015,-31.540557542610177,43.94093874271497,-29.041666180681315,44.75024885780836,-25.869906750781425,45.36623522586298,-21.76038086428485,45.71012465470293,-17.776222587222072,45.633871254258786,-16.01973532759235,45.363697755654464,-14.218229016251675,44.1058155365105,-14.149067449452065,44.02949209989851,-14.021569385449634,44.037559678617896,-10.867563222712093,43.99347983691119,-7.026520851789574,43.81226191999232,-4.187142399600942,43.213102256953015,approx_rxn_crds,0.0,0.07403244435914628,0.15986929048708515,0.2523759846927225,0.36349311139790963,0.46989480726740745,0.5396140482389723,0.6222299009996575,0.6492392520256233,0.6815893014151144,0.7731518602098536,0.8933908789439011,1.0
nimgs,13,RMSF,0.0007213099244047074,AbsF,0.00389517827458448,RMSF_o,0.0004817695202742048,AbsF_o,0.0027784596794868735,RMSF_CI,0.002273682538977228,AbsF_CI,0.0134732680444984,energies,-2062.2789515101354,-2062.2810419036728,-2062.28155045771,-2062.2817368631336,-2062.280891240256,-2062.275210111899,-2062.2621695606813,-2062.254464824485,-2062.200788359475,-2062.270282688364,-2062.2781455936683,-2062.282510801399,-2062.2828096549856,gradnorms,0.0018932708083183132,0.0017579615186432416,0.0024853520573113155,0.005711563708116062,0.006369587615741332,0.00919764690856763,0.0078750335239255,0.03387710684145098,0.010747275820594206,0.004214275584982156,0.00654498926317568,orth_gradnorms,0.0017655270866911942,0.0017577707944749538,0.0018342016600817114,0.0025251968464080933,0.004888665527291052,0.0034110991051963272,0.0071214694196253415,0.0,0.007178204182640858,0.0031934672891225386,0.003496241207007005,projcoords,-33.34677401201248,43.213102256953015,-31.540866395830825,43.940048725421654,-29.040996673816828,44.749962805694196,-25.86662427107872,45.366591250352656,-21.75022239503344,45.71081568076215,-17.764306442965996,45.632988221978096,-16.00679207081266,45.356319456955774,-14.212915219876603,44.09930527780842,-14.147304187667416,44.025919245244665,-14.020660149846048,44.03479551727734,-10.87390586542832,43.99307550722548,-7.037268236544145,43.814103149618745,-4.187142399600942,43.213102256953015,approx_rxn_crds,0.0,0.07400322350723054,0.1598873019252132,0.25247297164857463,0.36377744331437123,0.47023629986241855,0.5400873141448442,0.6224710518327223,0.6496146995422213,0.6815944356778124,0.772956647359909,0.8930696639001602,1.0
nimgs,13,RMSF,0.0006868448968675869,AbsF,0.0036648320596811804,RMSF_o,0.0004666325171966249,AbsF_o,0.002677701900294633,RMSF_CI,0.002218108360423346,AbsF_CI,0.012348305537049714,energies,-2062.2789515101354,-2062.281047640358,-2062.281556747064,-2062.2817437032245,-2062.2808972980724,-2062.2751999137895,-2062.262163515001,-2062.2546197383654,-2062.2012895135003,-2062.2701421171596,-2062.278159878543,-2062.2825142643987,-2062.2828096549856,gradnorms,0.001894054366118001,0.0017544895333306619,0.0024864860380888827,0.005750233906001458,0.006418610021407127,0.009040096526429512,0.007468711663824939,0.033049070230261365,0.010233758475866831,0.0042770975088643704,0.0065224249953744285,orth_gradnorms,0.0017625796389061435,0.0017542544923372322,0.0018288474330885834,0.002519020639324477,0.004900375350394067,0.0034193450106205724,0.006790500434586009,0.0,0.006952667916373352,0.0031583534680668986,0.003493101522037121,projcoords,-33.34677401201248,43.213102256953015,-31.541181429296394,43.93916139300163,-29.04032825868567,44.74968020152634,-25.86333150847151,45.366949616374924,-21.7400359430263,45.71150161494236,-17.75237513256115,45.632055211872085,-15.993883397823254,45.348922630370666,-14.20774448545705,44.09304972699251,-14.144971585174027,44.021549004672295,-14.019837722812614,44.03207547039458,-10.88015802120421,43.99267748604933,-7.047955370130424,43.81594170086191,-4.187142399600942,43.213102256953015,approx_rxn_crds,0.0,0.0739736054999915,0.15990469471544086,0.2525692259454249,0.36406098174448687,0.47057621274048006,0.5405582827327162,0.6226969403426483,0.6500726544441249,0.6815962510297643,0.7727644860545603,0.8927504299553574,1.0
nimgs,13,RMSF,0.0006478740136502608,AbsF,0.0035361821528057933,RMSF_o,0.00044879146275058224,AbsF_o,0.002500969264723754,RMSF_CI,0.002147353669035692,AbsF_CI,0.011027094089745655,energies,-2062.2789515101354,-2062.2810533507495,-2062.281563010276,-2062.2817505021735,-2062.2809032454984,-2062.275189160323,-2062.2621576834836,-2062.2547792923506,-2062.201699729011,-2062.269987847646,-2062.278173778769,-2062.2825178408675,-2062.2828096549856,gradnorms,0.0018942680146359539,0.0017510475262485809,0.0024875774655284326,0.005784214552886073,0.00646335168247093,0.00886832807641564,0.0070535471632988825,0.031994849072037715,0.00965310539355353,0.004349339739661296,0.006495973699758047,orth_gradnorms,0.001759663499797779,0.0017507740043021332,0.0018235507756950832,0.002513159018097986,0.00491335879568264,0.0034266854715568817,0.0064946162519221836,0.0,0.006686842192125757,0.0031250034560545556,0.003489353733214021,projcoords,-33.34677401201248,43.213102256953015,-31.54150380277923,43.938276226412675,-29.03966141236987,44.749400859712985,-25.860028113654295,45.36731034605659,-21.72981540924779,45.71218242380592,-17.74042108702626,45.631070709006934,-15.981026486085383,45.3415220945449,-14.202716980822844,44.08703246805571,-14.142133967405623,44.016437153364606,-14.019079172276864,44.02938678204808,-10.886353915232398,43.99228737507137,-7.058584330524443,43.817777649470706,-4.187142399600942,43.213102256953015,approx_rxn_crds,0.0,0.0739421808721914,0.1599184976425158,0.2526600862875106,0.364337154916279,0.47090606899736825,0.5410164852028575,0.6228984676970923,0.650606764814562,0.6816010506710013,0.7725786768735576,0.8924351082452996,1.0
nimgs,13,RMSF,0.0006058451340663865,AbsF,0.0034421855591714244,RMSF_o,0.0004290290699303131,AbsF_o,0.0022748161008387968,RMSF_CI,0.002068667094773771,AbsF_CI,0.009615287319437909,energies,-2062.2789515101354,-2062.281059034512,-2062.281569247651,-2062.281757260551,-2062.280909080583,-2062.275177821283,-2062.2621521291953,-2062.2549404593847,-2062.2019893022252,-2062.269821753164,-2062.2781872649407,-2062.282521523023,-2062.2828096549856,gradnorms,0.0018936184274357382,0.001747628097660238,0.002488572583678956,0.0058112445163804845,0.006500927138537292,0.008683374964417675,0.006646325874705879,0.03082244552072313,0.00902688919156349,0.004428069846528685,0.006464321324311785,orth_gradnorms,0.0017567750334935492,0.0017473287265845408,0.0018183108223775177,0.0025075115244655496,0.0049267654179607125,0.0034330228158422267,0.006241139740427123,0.0,0.00639238917085387,0.0030934307525515557,0.00348509335103601,projcoords,-33.34677401201248,43.213102256953015,-31.541834348106168,43.93739285435676,-29.038996483192943,44.74912463994242,-25.856713805775296,45.367673454455826,-21.719556341003564,45.71285811639088,-17.72843857391762,45.63003347224794,-15.968238592157523,45.33413264229595,-14.197830967798755,44.081234421480126,-14.13885961898266,44.01064400298676,-14.018360108201193,44.02671525164682,-10.892525440678266,43.991906563569366,-7.069156250767063,43.81961104740782,-4.187142399600942,43.213102256953015,approx_rxn_crds,0.0,0.07390782997515395,0.15992633658373906,0.2527418207503065,0.3646006805801542,0.4712190679529002,0.5414534334840522,0.6230689181907564,0.6512083520605894,0.6816140782173826,0.7724017477177897,0.8921252784146747,1.0
nimgs,13,RMSF,0.000569678758012745,AbsF,0.003317940725426043,RMSF_o,0.00040852410561361037,AbsF_o,0.002022618436958631,RMSF_CI,0.0019882230277887395,AbsF_CI,0.008181600832099968,energies,-2062.2789515101354,-2062.2810646915977,-2062.281575459499,-2062.2817639789127,-2062.280914802812,-2062.275165888621,-2062.2621469136607,-2062.2551002555365,-2062.2021459824196,-2062.2696459182853,-2062.2782003125267,-2062.282525305536,-2062.2828096549856,gradnorms,0.0018919486572489916,0.001744225958624419,0.0024894503545644297,0.005830168473424345,0.006529105216105554,0.008488022324868704,0.006269942614440099,0.029623855917603498,0.008379782017021012,0.004510525928982204,0.006426955074854342,orth_gradnorms,0.001753909859070866,0.0017439176580074753,0.0018131272770985126,0.002501973614444965,0.004939180322053055,0.0034382846720767703,0.0060307824432820276,0.0,0.006086872083472994,0.003063633780343545,0.0034803306771709975,projcoords,-33.34677401201248,43.213102256953015,-31.542173499029765,43.9365110783712,-29.038333661259053,44.748851457737175,-25.85338838001347,45.36803894710046,-21.709256229371952,45.713528732997965,-17.716424043884963,45.628942591399216,-15.955536970391488,45.32676893728422,-14.193082798998304,44.07563502376668,-14.135216964639998,44.00423246677563,-14.017655735219027,44.0240453421092,-10.898701636213165,43.99153620678635,-7.079671179981836,43.821441893218875,-4.187142399600942,43.213102256953015,approx_rxn_crds,0.0,0.07386982679993014,0.15992665641803233,0.25281197737842304,0.36484806648382007,0.47151073126461684,0.5418633794964005,0.6232047895921501,0.6518672107424465,0.6816390679503807,0.7722351501897761,0.8918220179359477,1.0
nimgs,13,RMSF,0.0005561352630459201,AbsF,0.003171282929175255,RMSF_o,0.0003932718503835433,AbsF_o,0.00189123380882559,RMSF_CI,0.0019138360228360641,AbsF_CI,0.007712430631308789,energies,-2062.2789515101354,-2062.2810703222517,-2062.2815816461343,-2062.2817706578053,-2062.280920413089,-2062.2751533756173,-2062.262142095529,-2062.255255773692,-2062.2021709798014,-2062.2694626123025,-2062.2782129021516,-2062.2825291855474,-2062.2828096549856,gradnorms,0.0018892267792614908,0.00174083943298182,0.002490215055584877,0.005840777408290567,0.006546304940776514,0.00828622879471116,0.0059536673087907475,0.028515514506171936,0.007742962694265767,0.00459422718868329,0.006383935569595573,orth_gradnorms,0.001751063662662248,0.00174054018101089,0.0018079996221523897,0.0024964471847082463,0.004948795327099482,0.003442393642507143,0.005859618598809084,0.0,0.005797785156690527,0.0030356112635198025,0.003474871033440433,projcoords,-33.34677401201248,43.213102256953015,-31.542521276919857,43.93563087350481,-29.037672971414445,44.74858128627222,-25.85005170506203,45.36840681957415,-21.698914543253114,45.714194329765746,-17.704376265931124,45.62779754180194,-15.942938573592933,45.3194452775017,-14.188467373059611,44.07021249215696,-14.131271027299098,43.997267524494625,-14.016941820072358,44.02136047111762,-10.90490834599017,43.991177215623786,-7.090128108275105,43.823270112107174,-4.187142399600942,43.213102256953015,approx_rxn_crds,0.0,0.07382787778128413,0.1599188066511532,0.25286952128192514,0.3650778105161525,0.4717791567215345,0.5422436206396644,0.6233060848512858,0.6525725517040628,0.6816780573581952,0.7720791437619093,0.8915258363125715,1.0
nimgs,13,RMSF,0.0005424682047116492,AbsF,0.00307903247418642,RMSF_o,0.00038400748825226155,AbsF_o,0.0018413535011822138,RMSF_CI,0.001855820974581844,AbsF_CI,0.007614851579145021,energies,-2062.2789515101354,-2062.281075926987,-2062.2815878078736,-2062.281777297765,-2062.280925913572,-2062.2751403131724,-2062.2621377289615,-2062.2554042310344,-2062.202075416396,-2062.2692742668632,-2062.27822501966,-2062.2825331622143,-2062.2828096549856,gradnorms,0.0018855251329321157,0.001737470199578384,0.0024908885799679627,0.0058436186296675395,0.006551827191363605,0.008082594211843354,0.005730504861629525,0.027651109755540287,0.0071517307779681944,0.004677042767078358,0.006335752883614006,orth_gradnorms,0.0017482332471204988,0.0017371959725751372,0.0018029260084631458,0.0024908506403468213,0.004953969650455,0.0034453210929726876,0.005721582711934346,0.0,0.005556754179501436,0.003009369454320767,0.003468374085708594,projcoords,-33.34677401201248,43.213102256953015,-31.542877319054455,43.934752371856774,-29.03701428405916,44.74831415090973,-25.846703713698293,45.368777059178484,-21.688532562501887,45.71485496192424,-17.69229628576158,45.62659823581226,-15.93045962803241,45.31217528169885,-14.18397877517282,44.06494360436837,-14.127089584919052,43.98983490472185,-14.016195443904326,44.01864355407318,-10.911168038956296,43.990830259359015,-7.100525103644253,43.82509554206498,-4.187142399600942,43.213102256953015,approx_rxn_crds,0.0,0.07378213810841278,0.15990308155466154,0.25291490107706144,0.3652905044848638,0.4720251449393904,0.5425946545817735,0.6233764238634594,0.6533129006749031,0.6817312758766679,0.7719327396538783,0.8912366359442556,1.0
nimgs,13,RMSF,0.0005290284698484752,AbsF,0.0029889675306654533,RMSF_o,0.0003764723049797208,AbsF_o,0.0018996027448269677,RMSF_CI,0.0018236881980806003,AbsF_CI,0.007594024597385209,energies,-2062.2789515101354,-2062.2810815065377,-2062.28159394504,-2062.2817838993155,-2062.280931307413,-2062.2751267446715,-2062.262133862007,-2062.2555430168322,-2062.2018832823887,-2062.26908345171,-2062.2782366560177,-2062.282537235963,-2062.2828096549856,gradnorms,0.001881041430874881,0.0017341225517232312,0.0024915157959862003,0.005840197510847793,0.006546434270927288,0.007882346672410992,0.005628044068609491,0.02717234216860408,0.006637396688529147,0.004757554776452097,0.0062835276775588126,orth_gradnorms,0.0017454170261344687,0.001733884370866548,0.0017979039937735905,0.002485127318482663,0.004953806435418167,0.0034471508539691918,0.005609311009786955,0.0,0.005385131705823355,0.002984915695155997,0.0034605334473859313,projcoords,-33.34677401201248,43.213102256953015,-31.54324093673915,43.93387583544843,-29.03635733895692,44.74805011894508,-25.843344388383564,45.36914964782929,-21.678113071452024,45.71551066901084,-17.680187214630518,45.62534505328609,-15.918115160551215,45.304971547056404,-14.179610794675682,44.05980361405635,-14.12279193880873,43.98213478320012,-14.015395565233078,44.015877704144266,-10.91749976214287,43.99049577863157,-7.1108595228489655,43.82691792608225,-4.187142399600942,43.213102256953015,approx_rxn_crds,0.0,0.07373339674909163,0.15988112837031013,0.25295069848619833,0.3654897844371599,0.4722534199306641,0.5429215860565746,0.6234245911085291,0.6540712001425208,0.681796288746071,0.7717931148893794,0.8909534193338449,1.0
nimgs,13,RMSF,0.0005162044674114666,AbsF,0.0029035402084632823,RMSF_o,0.0003704973350886408,AbsF_o,0.0019403719849634274,RMSF_CI,0.0018159196058045017,AbsF_CI,0.008236850281471371,energies,-2062.2789515101354,-2062.2810870617873,-2062.281600057953,-2062.281790462971,-2062.280936598387,-2062.275112719972,-2062.2621305350344,-2062.2556697618907,-2062.201634671586,-2062.268892816645,-2062.278247806959,-2062.282541407574,-2062.2828096549856,gradnorms,0.0018761129539996318,0.001730802803087101,0.0024921699371523807,0.005833165784092568,0.006532670217255602,0.007691273339504544,0.005659158774473221,0.027056592750629733,0.006220596929912046,0.004835452993604554,0.006229204571793033,orth_gradnorms,0.0017426147686759568,0.0017306046361574344,0.0017929317327697578,0.0024792507498187922,0.0049484132451317435,0.0034480933070557104,0.005520285963455895,0.0,0.005290157560860043,0.002962245910817793,0.0034512602130776474,projcoords,-33.34677401201248,43.213102256953015,-31.5436112084996,43.9330016161609,-29.035701784046093,44.74778928503783,-25.83997374087186,45.36952456522256,-21.667659884161417,45.71616146251594,-17.66805379065631,45.624038818587636,-15.90591848083424,45.29784527793435,-14.175357308049167,44.05476697089003,-14.118497786552297,43.97439460567667,-14.014523680370505,44.0130473068897,-10.923919278502117,43.99017400369298,-7.121128320875046,43.82873691457528,-4.187142399600942,43.213102256953015,approx_rxn_crds,0.0,0.07368291233651804,0.15985560179814298,0.2529810870982876,0.3656815662998585,0.4724716350732733,0.5432329815151663,0.6234631217610772,0.6548303987209578,0.6818686297076886,0.7716560945672889,0.8906745041361697,1.0
nimgs,13,RMSF,0.0005044154541206015,AbsF,0.0028254915554298756,RMSF_o,0.000366329596678547,AbsF_o,0.00197122180673147,RMSF_CI,0.001812417933744038,AbsF_CI,0.009099487624381434,energies,-2062.2789515101354,-2062.281092593671,-2062.2816061469302,-2062.281796989232,-2062.2809417903923,-2062.27509828868,-2062.2621277792427,-2062.2557808998563,-2062.201382581888,-2062.2687080493147,-2062.278258472305,-2062.2825456772166,-2062.2828096549856,gradnorms,0.001871174317335295,0.0017275176494165685,0.002492944973138599,0.005826058958948037,0.0065145004297143495,0.007515620997559934,0.005814208685660417,0.027004419011999795,0.005919037911162548,0.004909721180317547,0.006175389573202577,orth_gradnorms,0.001739827158143033,0.0017273563289317813,0.0017880080586072855,0.002473225432698132,0.004938792474092841,0.0034483992612252016,0.005458188059731184,0.0,0.005273695987045756,0.0029413532654534867,0.0034407661542063778,projcoords,-33.34677401201248,43.213102256953015,-31.5439871130621,43.9321300999962,-29.035047230352546,44.74753175258543,-25.83659178656837,45.36990179152491,-21.65717717821112,45.71680731502558,-17.655901691785168,45.6226807063733,-15.89388062436556,45.29080589284583,-14.171265117780655,44.04987090594732,-14.114312138192592,43.966834577880796,-14.013577486137649,44.01018141727127,-10.930439439927031,43.9898649738104,-7.131328476034082,43.83055208229193,-4.187142399600942,43.213102256953015,approx_rxn_crds,0.0,0.07363207326173866,0.15982943851461598,0.2530106897150593,0.3658724148578059,0.4726882610765534,0.5435384306438713,0.62350337408423,0.6555712955916577,0.6819428926632252,0.7715171722768909,0.8903979987832237,1.0
nimgs,13,RMSF,0.000494021141194065,AbsF,0.0027573159552305693,RMSF_o,0.0003640380151317,AbsF_o,0.0019993303162811997,RMSF_CI,0.001784735651433208,AbsF_CI,0.01025527205712748,energies,-2062.2789515101354,-2062.2810981030575,-2062.281612212282,-2062.281803478587,-2062.2809468868663,-2062.2750834933563,-2062.262125615076,-2062.255872375344,-2062.2011820450507,-2062.268537767731,-2062.2782686556484,-2062.2825500436056,-2062.2828096549856,gradnorms,0.001866661113174155,0.001724271682246981,0.0024939353830248845,0.005822541217866099,0.0064963694578957665,0.00736074922301829,0.006057021216042091,0.02659196229502951,0.00574513315188847,0.004978050046671298,0.006124795863979054,orth_gradnorms,0.001737055561729468,0.0017241389547034635,0.001783132687991347,0.0024670837498458518,0.0049265157114634596,0.003448300522347826,0.005424044263678918,0.0,0.005333681297583726,0.002922219946436114,0.0034295044257288618,projcoords,-33.34677401201248,43.213102256953015,-31.54436768795184,43.93126164094866,-29.03439331595603,44.747277613159284,-25.833198518363123,45.370281309245094,-21.64666871156644,45.717448150866076,-17.643736691599692,45.62127209195623,-15.882009758128417,45.283860626683875,-14.16742828524315,44.045212155875014,-14.110309079132062,43.959622337714926,-14.01257524595248,44.00735720990887,-10.937070344639878,43.98956857039323,-7.141457480233074,43.83236295989337,-4.187142399600942,43.213102256953015,approx_rxn_crds,0.0,0.07358207702443341,0.15980517280375903,0.2530434994484575,0.36606800397292927,0.4729105939361167,0.5438462419461433,0.6235527041223397,0.6562745869786965,0.6820140397992515,0.771372480814071,0.8901222552747116,1.0
nimgs,13,RMSF,0.0004852122790155403,AbsF,0.002700405707473267,RMSF_o,0.00036626207927998537,AbsF_o,0.0020256329371021397,RMSF_CI,0.0017197338542550746,AbsF_CI,0.010619886455031764,energies,-2062.2789515101354,-2062.2811035906407,-2062.2816182543065,-2062.2818099315145,-2062.2809518902586,-2062.2750683639974,-2062.262124051056,-2062.255942662473,-2062.201076884417,-2062.268389111304,-2062.2782783645343,-2062.2825545034334,-2062.2828096549856,gradnorms,0.0018629105158973764,0.001721066437358739,0.0024952140852692144,0.005825544057618128,0.006482151122365024,0.0072295001325855795,0.006337129017445185,0.025623457330004578,0.005693303177831608,0.005038613123074008,0.0060795878453490165,orth_gradnorms,0.001734301837695843,0.001720951796658489,0.0017783062843653382,0.0024608805213086325,0.004913339708964086,0.003448018274575443,0.0054111167156192744,0.0,0.005457182073149715,0.0029047925115516762,0.0034180048677385304,projcoords,-33.34677401201248,43.213102256953015,-31.544752180205876,43.93039649845963,-29.033739764574005,44.74702692804857,-25.829793886218383,45.37066310436059,-21.63613709407383,45.71808384014561,-17.63156384253826,45.61981438943756,-15.870310718841383,45.27701425033899,-14.163886583765166,44.04082880654485,-14.106534901997165,43.95286145455922,-14.01153979149156,44.00464327852766,-10.943819188171904,43.98928456571654,-7.151513781577607,43.83416907467805,-4.187142399600942,43.213102256953015,approx_rxn_crds,0.0,0.07353372130952855,0.15978449192488545,0.25308217837565516,0.36627211816901534,0.47314346483607184,0.5441619446450866,0.6236165528344856,0.6569259389316139,0.6820786443189263,0.771219431477105,0.8898461649618564,1.0
nimgs,13,RMSF,0.00047802363834186694,AbsF,0.0027787505450621777,RMSF_o,0.00037713053853686944,AbsF_o,0.0020449375060562196,RMSF_CI,0.0016360264348955261,AbsF_CI,0.010119335726976304,energies,-2062.2789515101354,-2062.281109056864,-2062.281624273286,-2062.281816348481,-2062.2809568016755,-2062.2750529151017,-2062.2621230838986,-2062.255992413884,-2062.201091746132,-2062.2682659657653,-2062.27828761042,-2062.282559051183,-2062.2828096549856,gradnorms,0.0018601135548786119,0.0017179015649751498,0.0024968208706490566,0.005836785753690135,0.006474490079741128,0.00712239179887054,0.006608918176893276,0.02437624487160166,0.005736936595928274,0.0050905588944161655,0.006040993933408806,orth_gradnorms,0.0017315680255482644,0.0017177942609407932,0.0017735296163109994,0.0024546858385988,0.00490086672607675,0.0034477051111134905,0.0054117375930396346,0.0,0.0056191184689022376,0.0028889875503275526,0.0034066944740407793,projcoords,-33.34677401201248,43.213102256953015,-31.545140153762283,43.92953479369052,-29.033086424974808,44.7467797158468,-25.826377786097517,45.37104716704047,-21.625583290829027,45.718714198777384,-17.61938687088457,45.61830892310464,-15.858784901732008,45.27026903745548,-14.160619413698365,44.036691712283925,-14.103035058182593,43.94662834985284,-14.01048974409002,44.00207728799601,-10.950690248972059,43.989012666919145,-7.161497066887871,43.83596999098745,-4.187142399600942,43.213102256953015,approx_rxn_crds,0.0,0.07348752317887651,0.15976850007113613,0.25312847640026387,0.36648726794336445,0.47339003743679325,0.5444891911070371,0.6237000254101475,0.6575138344985373,0.6821344731071171,0.7710563379717077,0.8895689737936883,1.0
nimgs,13,RMSF,0.00047237933353095235,AbsF,0.002849459697148848,RMSF_o,0.0003882153556864868,AbsF_o,0.002049943449481103,RMSF_CI,0.0015788976745177783,AbsF_CI,0.008932604505213024,energies,-2062.2789515101354,-2062.2811145018886,-2062.281630269488,-2062.2818227299404,-2062.2809616207733,-2062.275037145593,-2062.262122699654,-2062.25602340029,-2062.2012290930156,-2062.268168378644,-2062.2782964082935,-2062.2825636792522,-2062.2828096549856,gradnorms,0.0018583028045740138,0.0017147760507544387,0.0024987591001473866,0.0058565948939283295,0.006474504388040011,0.007038293551271258,0.006835791548405623,0.023525045512914063,0.005831961463377423,0.005134055844581549,0.006009172430206275,orth_gradnorms,0.0017288561358040386,0.0017146659680746749,0.0017688026466249447,0.00244857683266983,0.0048903214580700086,0.003447411994603515,0.005418218685637913,0.0,0.00578427852465235,0.002874712147798841,0.003395791618633472,projcoords,-33.34677401201248,43.213102256953015,-31.545531536507504,43.92867649208271,-29.032433286267796,44.746535947598986,-25.82295005724312,45.371433492312626,-21.61500643575847,45.719338995553194,-17.607207873359506,45.616756855017954,-15.847430466052682,45.26362494028058,-14.157564936991218,44.03272418005792,-14.09988093097888,43.94101609684027,-14.00943123567194,43.99965249625893,-10.95768509352228,43.98875254594117,-7.171408338859656,43.83776534111308,-4.187142399600942,43.213102256953015,approx_rxn_crds,0.0,0.0734439212528687,0.15975815926708933,0.25318392959472263,0.3667157036948843,0.4736531218713572,0.5448312568718366,0.6238092356753512,0.6580266057858112,0.6821797422943853,0.7708817801198081,0.8892899783146291,1.0
nimgs,13,RMSF,0.0004692174748715141,AbsF,0.002871301932801196,RMSF_o,0.0003970126660129224,AbsF_o,0.002035639169476828,RMSF_CI,0.0015870127353843687,AbsF_CI,0.009874310427861828,energies,-2062.2789515101354,-2062.2811199256184,-2062.2816362431645,-2062.2818290763407,-2062.280966345887,-2062.2750210413324,-2062.262122875425,-2062.256037552037,-2062.2014687295186,-2062.268093534718,-2062.278304776,-2062.282568378329,-2062.2828096549856,gradnorms,0.001857346723278066,0.001711688304092145,0.00250099540831881,0.005883836852536613,0.006481661459609408,0.0069749635126280345,0.006991182918283972,0.0236459571966208,0.005928404044416671,0.005169539348090141,0.005983210673298951,orth_gradnorms,0.0017261680777820832,0.0017115664922004296,0.001764124339347162,0.0024426288970856467,0.004882439997372289,0.0034470990585420322,0.005422581371469661,0.0,0.005915355496365438,0.002861884337191825,0.003385309309536131,projcoords,-33.34677401201248,43.213102256953015,-31.545926604288383,43.92782141328392,-29.031780469988334,44.746295549578015,-25.81951048608385,45.37182208058902,-21.6044039601512,45.71995796629581,-17.595027329953695,45.61515917203913,-15.836242757677514,45.2570798942838,-14.154645574108507,44.02882971336595,-14.097159409137557,43.93612046518606,-14.008354879736004,43.997321232115056,-10.964802976399604,43.98850385073127,-7.181249791793504,43.83955484125838,-4.187142399600942,43.213102256953015,approx_rxn_crds,0.0,0.0734032437494867,0.15975421762070705,0.253249745431414,0.36695924606413755,0.4739349611572779,0.5451907885039547,0.6239502428276469,0.6584533695896998,0.6822133363889595,0.7706946963851077,0.8890085796138129,1.0
nimgs,13,RMSF,0.00047406030855127177,AbsF,0.0028444724008108917,RMSF_o,0.0004018229665702443,AbsF_o,0.002001935455784772,RMSF_CI,0.0016586653551840186,AbsF_CI,0.010506543364179109,energies,-2062.2789515101354,-2062.281125327755,-2062.281642194556,-2062.2818353881185,-2062.2809709743883,-2062.27500457985,-2062.262123581307,-2062.2560364663104,-2062.2017756266996,-2062.268037496782,-2062.278312733587,-2062.2825731379835,-2062.2828096549856,gradnorms,0.0018569966334860627,0.0017086360795129606,0.002503472829566764,0.005916346777944403,0.006494134861806625,0.0069296933425634765,0.007063339514982087,0.024713557186861534,0.0059879997047063895,0.005197060309269877,0.005961495090449439,orth_gradnorms,0.0017235054128949042,0.0017084953361325569,0.0017594933640668329,0.002436906471299398,0.004877413897426788,0.003446678646511108,0.005418910318733533,0.0,0.0059870273604565385,0.0028504381195677267,0.0033751414468131294,projcoords,-33.34677401201248,43.213102256953015,-31.546325904665725,43.92696926676176,-29.031128200670878,44.74605841360753,-25.816058817326212,45.3722129374786,-21.59377201689606,45.720570834790045,-17.58284441603614,45.613516728092364,-15.825214862601946,45.25063019111581,-14.151787081324022,44.024913734027834,-14.094908342979346,43.931940042733466,-14.00723911728581,43.995011498168445,-10.972041244862483,43.98826620128472,-7.191024505949484,43.84133829242841,-4.187142399600942,43.213102256953015,approx_rxn_crds,0.0,0.0733654803828925,0.15975670607425133,0.2533260020891563,0.3672181141265592,0.47423572477759424,0.5455680698282783,0.6241263540446041,0.6587909597736271,0.6822357777494238,0.7704950975664618,0.8887246445789114,1.0
nimgs,13,RMSF,0.0004735216982701843,AbsF,0.002773937899698756,RMSF_o,0.00040236846173309393,AbsF_o,0.0020073372869674326,RMSF_CI,0.0017651206185524714,AbsF_CI,0.010728769524505147,energies,-2062.2789515101354,-2062.281130707893,-2062.2816481238924,-2062.2818416656996,-2062.280975503168,-2062.2749877360297,-2062.262124782266,-2062.2560213174165,-2062.2021177238976,-2062.2679966378864,-2062.2783203028857,-2062.28257794737,-2062.2828096549856,gradnorms,0.0018570151720695223,0.0017056172622363752,0.00250614127895024,0.005952072249660837,0.0065098343335867285,0.006900284301168046,0.007055314402537625,0.026299704887406457,0.0059962445637777315,0.005216579094231658,0.005942528548963856,orth_gradnorms,0.0017208689675698521,0.0017054521338969299,0.0017549088863148148,0.0024314549083614464,0.004874917505060427,0.003446069640950912,0.005405416622217952,0.0,0.0059951550553288685,0.0028403114241208685,0.0033651778165655994,projcoords,-33.34677401201248,43.213102256953015,-31.546730144274193,43.92611970219858,-29.030476763323655,44.74582441222954,-25.812594770915517,45.37260607255622,-21.58310607501107,45.72117733671492,-17.570657505700687,45.6118303192186,-15.814338188875906,45.244270855100424,-14.148928347418334,44.020895699943225,-14.093070450432874,43.928308022431295,-14.006057376989954,43.992646669263124,-10.97939560602726,43.988039178588714,-7.200736044374656,43.84311557135564,-4.187142399600942,43.213102256953015,approx_rxn_crds,0.0,0.07333029873075549,0.15976496376828372,0.2534116840100399,0.3674909590788413,0.4745535595938875,0.545961084062123,0.6243377342204995,0.6590473608815516,0.6822490496317072,0.7702840282389566,0.888438506577974,1.0
nimgs,13,RMSF,0.0004682877504819761,AbsF,0.002682023310099232,RMSF_o,0.00039933281785602446,AbsF_o,0.002032214016095321,RMSF_CI,0.0018818303891899488,AbsF_CI,0.010629934741805411,energies,-2062.2789515101354,-2062.2811360655955,-2062.2816540313993,-2062.281847909506,-2062.280979929043,-2062.2749704862663,-2062.262126439604,-2062.255993202847,-2062.2024743113298,-2062.2679682638895,-2062.278327507202,-2062.282582795785,-2062.2828096549856,gradnorms,0.0018572428430886135,0.0017026302410045584,0.002508971435641563,0.0059896520618936315,0.006527075812449075,0.006884604674268236,0.006977330336871419,0.02803864130511128,0.005956479569926996,0.005228206092057773,0.0059253434563155075,orth_gradnorms,0.0017182587054754286,0.0017024365670060303,0.0017503705807006798,0.002426296482487826,0.004874322148266755,0.0034452352334480847,0.005383619352893724,0.0,0.005949924980244447,0.002831429593580316,0.003355397139671839,projcoords,-33.34677401201248,43.213102256953015,-31.54714008991597,43.925272352743896,-29.029826466109775,44.74559341222305,-25.809118058201552,45.3730014975532,-21.572401423505273,45.721777237938866,-17.55846464624001,45.6101007443979,-15.803602938314945,45.23799593348249,-14.146062651924442,44.01676767384212,-14.091541126874965,43.92497422593011,-14.00478524262465,43.99016022614629,-10.986860333862051,43.98782231274811,-7.210388114611733,43.84488661902007,-4.187142399600942,43.213102256953015,approx_rxn_crds,0.0,0.07329746420929367,0.15977854451736936,0.2535061159871183,0.367776929004272,0.47488726052171065,0.5463685904742839,0.624582251772558,0.6592328282119351,0.682254638381757,0.7700622618049215,0.8881503471443605,1.0
nimgs,13,RMSF,0.0004617743254439819,AbsF,0.0025884372011786825,RMSF_o,0.00039361742027164867,AbsF_o,0.0020186809105887577,RMSF_CI,0.0019937821847935393,AbsF_CI,0.010254528584330319,energies,-2062.2789515101354,-2062.2811414004414,-2062.2816599172975,-2062.281854119946,-2062.2809842489933,-2062.2749528103714,-2062.2621285122264,-2062.2559534943175,-2062.202826685326,-2062.267950556897,-2062.2783343710144,-2062.282587673034,-2062.2828096549856,gradnorms,0.0018575227756545659,0.0016996727910529672,0.00251193694329414,0.006027775413371332,0.00654428142575903,0.006880282489543019,0.0068386505303029465,0.029706685491465084,0.0058775894019745525,0.005231639158335463,0.005909098214956103,orth_gradnorms,0.0017156738448785463,0.0016994481860425602,0.0017458784058916503,0.002421431349540345,0.004875030482283738,0.0034441989590849142,0.00535481154020273,0.0,0.005864767474177497,0.0028236993727366487,0.003345889001383338,projcoords,-33.34677401201248,43.213102256953015,-31.54755650559813,43.924426861522264,-29.029177616074264,44.74536528342728,-25.805628393231377,45.3733992245272,-21.561653472933585,45.72237034261736,-17.546263890550396,45.60832882823335,-15.79299851507148,45.23179876374337,-14.143197068231181,44.012541636421105,-14.090240570749929,43.921726317696084,-14.00340490024067,43.98750251572964,-10.994428474696551,43.9876150737723,-7.219984364341027,43.846651431133054,-4.187142399600942,43.213102256953015,approx_rxn_crds,0.0,0.07326680947867403,0.15979714627238603,0.2536088501949304,0.3680754982082152,0.47523605046562045,0.5467898716422449,0.624857366829729,0.6593511155642022,0.6822535624613999,0.7698303959496362,0.8878602497283861,1.0
nimgs,13,RMSF,0.0004620385269824676,AbsF,0.0026016601439789637,RMSF_o,0.000386260333583985,AbsF_o,0.001966682505978071,RMSF_CI,0.0020884039180595368,AbsF_CI,0.00973342963274201,energies,-2062.2789515101354,-2062.2811467120623,-2062.2816657818057,-2062.2818602974257,-2062.2809884603566,-2062.2749346932087,-2062.2621309579235,-2062.2559037981396,-2062.203147542963,-2062.267942376392,-2062.2783409198623,-2062.2825925698135,-2062.2828096549856,gradnorms,0.0018576064010477067,0.0016967407680107982,0.002514993910856108,0.006064399356256894,0.006559459365322896,0.006884219003807223,0.006648682530186896,0.031116517564511392,0.0057713995817830896,0.005225608214446035,0.005892549079793852,orth_gradnorms,0.0017131129238749472,0.0016964865723641898,0.001741432414056137,0.002416840742679589,0.004876666940878753,0.003443004813314973,0.005320394757005937,0.0,0.005755149351380148,0.002817018278326159,0.0033367771986080466,projcoords,-33.34677401201248,43.213102256953015,-31.547980096797385,43.92358290384512,-29.028530496644734,44.74513990650953,-25.80212550213654,45.37379926413321,-21.550858013242344,45.72295649563586,-17.534053577475614,45.60651542930438,-15.78251391984318,45.225672247297986,-14.140338381219323,44.008230305274,-14.089134715566374,43.91843237811253,-14.001917231546365,43.984661816097756,-11.002091935848231,43.987416867744706,-7.229528217303022,43.848410049392,-4.187142399600942,43.213102256953015,approx_rxn_crds,0.0,0.07323798820659863,0.15982007042506524,0.2537188068845961,0.3683852135448915,0.47559796221714795,0.5472228713594569,0.6251588776640448,0.659397903127754,0.6822471133697615,0.7695896294018001,0.8875685837263643,1.0
nimgs,13,RMSF,0.0004625907164884166,AbsF,0.002617645543934834,RMSF_o,0.0003785184040835256,AbsF_o,0.0018736698569263791,RMSF_CI,0.0021521495172783732,AbsF_CI,0.010454841684260207,energies,-2062.2789515101354,-2062.281152000209,-2062.2816716251427,-2062.2818664423417,-2062.2809925611105,-2062.2749161279157,-2062.2621337348255,-2062.2558459310153,-2062.2033997520807,-2062.2679426830887,-2062.2783471805574,-2062.2825974782672,-2062.2828096549856,gradnorms,0.0018571361282250023,0.001693827703277373,0.0025180771242231653,0.006096615010414906,0.006570023980728436,0.006892446442145283,0.006420198124618823,0.03206630560149049,0.005654002530158348,0.0052081811049839105,0.005873907159984437,orth_gradnorms,0.0017105738875657244,0.0016935514409910197,0.0017370322745049942,0.0024124894770079,0.0048789550716338125,0.0034416578459370356,0.005282902151330645,0.0,0.005639797199815476,0.0028112907122564267,0.003328082851434781,projcoords,-33.34677401201248,43.213102256953015,-31.54841143074664,43.92274021882075,-29.027885335438924,44.74491718357546,-25.798609134245844,45.3742016240741,-21.54001159863777,45.72353558585489,-17.521832671261695,45.60466146710075,-15.772138195141718,45.21960917368608,-14.137492852218603,44.00384660599404,-14.088220193843785,43.91502576201706,-14.000341987512924,43.98166259981125,-11.009841355568895,43.987227047415274,-7.239022647124953,43.85016254955624,-4.187142399600942,43.213102256953015,approx_rxn_crds,0.0,0.07321036139149933,0.1598459671136113,0.2538338671237572,0.3687030911697921,0.47596906384686233,0.547663305167068,0.6254799501884057,0.6593643164942363,0.6822373469864337,0.7693421360245706,0.8872761943921647,1.0
nimgs,13,RMSF,0.000463128302694917,AbsF,0.002634055106626088,RMSF_o,0.0003715521288761461,AbsF_o,0.0017358568242878051,RMSF_CI,0.0021709240439795013,AbsF_CI,0.011180556826558786,energies,-2062.2789515101354,-2062.281157264823,-2062.281677447531,-2062.2818725550824,-2062.280996550255,-2062.2748971206247,-2062.2621368030127,-2062.2557818910245,-2062.203542064567,-2062.2679501323482,-2062.2783531816262,-2062.2826023926364,-2062.2828096549856,gradnorms,0.0018556985730020662,0.0016909256877521886,0.002521109893268089,0.006121064995051741,0.006572934124471937,0.006900456296222053,0.006169784111492862,0.03234603974908962,0.00554293910896398,0.005177411103270217,0.005851051522298044,orth_gradnorms,0.0017080543309441834,0.0016906424376688847,0.0017326769981153498,0.0024083273764232294,0.004881375211279343,0.0034400819539827238,0.005244926429163598,0.0,0.005536002036928092,0.002806441427020282,0.003319618986831283,projcoords,-33.34677401201248,43.213102256953015,-31.54885083061528,43.92189865169818,-29.027242262294376,44.74469705175071,-25.795079075426724,45.374606307879645,-21.52911207407455,45.72410755270615,-17.509601178904575,45.60276798299177,-15.761860935256095,45.213602601008795,-14.13466620994474,43.9994031591929,-14.087509648446666,43.91149748021395,-13.998698520613804,43.978528200634614,-11.01766584089512,43.98704493677113,-7.248469875278428,43.85190902315439,-4.187142399600942,43.213102256953015,approx_rxn_crds,0.0,0.0731830206121369,0.15987287695395708,0.253950934968868,0.36902469046956865,0.476343561431521,0.5481047819252601,0.62581129876058,0.6592420572045324,0.6822275238050981,0.7690910166792814,0.8869843883638264,1.0
nimgs,13,RMSF,0.00046337521543552725,AbsF,0.0026487695022381665,RMSF_o,0.0003662819618235896,AbsF_o,0.0018781071818464376,RMSF_CI,0.002133389810130911,AbsF_CI,0.011253703413419611,energies,-2062.2789515101354,-2062.2811625061267,-2062.2816832491985,-2062.281878636034,-2062.2810004282364,-2062.2748776952835,-2062.2621401260967,-2062.255713807451,-2062.2035427367023,-2062.2679630717835,-2062.278358953754,-2062.282607309792,-2062.2828096549856,gradnorms,0.0018529661805154545,0.0016880287126666321,0.0025240303953170985,0.006135040975721891,0.006565426803521427,0.006904135213199589,0.005916200777795632,0.03178679226026794,0.005457741276260422,0.005132413954011076,0.0058222024459485145,orth_gradnorms,0.0017055516790824953,0.0016877591142493281,0.001728365145425422,0.0024042913524047536,0.0048828668020288925,0.003438118393379031,0.005208800778772271,0.0,0.005457478316377349,0.0028024165929729184,0.0033109959643638875,projcoords,-33.34677401201248,43.213102256953015,-31.549298263488133,43.921058198793126,-29.0266012653896,44.74447949722909,-25.79153516203329,45.37501331401029,-21.518159140007267,45.72467239491633,-17.497360595049315,45.60083623475544,-15.751672812827216,45.207646251860965,-14.131863701345942,43.99491190739297,-14.087013287035923,43.90787246154776,-13.997005570777997,43.97528057690389,-11.025552718584791,43.98686985529454,-7.257871046685251,43.85364955279085,-4.187142399600942,43.213102256953015,approx_rxn_crds,0.0,0.07315490505184911,0.1598984774260993,0.2540663247253922,0.3693446597962865,0.4767145109091553,0.5485396254272707,0.6261421753129804,0.6590274467875026,0.6822216217312163,0.7688399551767643,0.8866947747307704,1.0
nimgs,13,RMSF,0.0004631511605345206,AbsF,0.002660395151323921,RMSF_o,0.00036336280251569127,AbsF_o,0.002043583409558687,RMSF_CI,0.0020347540211411545,AbsF_CI,0.010555522804777812,energies,-2062.2789515101354,-2062.2811677246764,-2062.2816890303848,-2062.2818846855735,-2062.2810041972143,-2062.2748578959486,-2062.2621436724203,-2062.255643874162,-2062.203393000309,-2062.26797955832,-2062.2783645298996,-2062.28261222938,-2062.2828096549856,gradnorms,0.0018488457439311998,0.0016851365107576994,0.002526818651928706,0.0061376333107192645,0.006545988378267572,0.0069007968703616454,0.005677406907395617,0.03031715210395135,0.005420773068624839,0.0050743668626699765,0.005786669594358007,orth_gradnorms,0.001703063250564954,0.001684901108570849,0.0017240951773270941,0.002400310781356934,0.004881870952945006,0.0034355729060038796,0.005177015166695894,0.0,0.005413983822284354,0.0027991745666959933,0.003301759022232488,projcoords,-33.34677401201248,43.213102256953015,-31.549753266528803,43.92021903633636,-29.025962162616167,44.74426456414118,-25.78797728993433,45.375422635407105,-21.5071547216646,45.725230174947335,-17.485114223595684,45.598867793785196,-15.741566001183866,45.201734831670194,-14.129090060168167,43.99038400287256,-14.086724416315363,43.90416827571472,-13.995281101739163,43.9719401334379,-11.033487519979113,43.98670113833264,-7.267226014787463,43.85538418573143,-4.187142399600942,43.213102256953015,approx_rxn_crds,0.0,0.0731250671044782,0.15992065777791276,0.2541766720045,0.3696580501406222,0.4770755166021233,0.548960826349124,0.6264626575007234,0.6587223867339352,0.6822231963475612,0.7685923911195326,0.8864088671566007,1.0
nimgs,13,RMSF,0.0004624118697345039,AbsF,0.002668520888451547,RMSF_o,0.0003630778601938712,AbsF_o,0.002197257433859994,RMSF_CI,0.0018803907942571234,AbsF_CI,0.011485382077084962,energies,-2062.2789515101354,-2062.281172921357,-2062.281694791335,-2062.2818907040723,-2062.2810078610214,-2062.27483778451,-2062.2621474155403,-2062.255574290667,-2062.203113827646,-2062.2679974105768,-2062.27836994476,-2062.2826171534093,-2062.2828096549856,gradnorms,0.001843549520816928,0.001682255556254464,0.0025295098697577386,0.00613032746933427,0.006515111098244625,0.0068897816855283504,0.005468517227950884,0.028017191823703165,0.00545322838914274,0.005006846518994041,0.005745279987095524,orth_gradnorms,0.0017005864938312758,0.001682068115310243,0.0017198658266584386,0.002396317209967792,0.004876812470159523,0.003432292575075905,0.005151314680318391,0.0,0.0054097382773085415,0.0027966770071711747,0.0032915936634737835,projcoords,-33.34677401201248,43.213102256953015,-31.550214952760875,43.91938151580028,-29.02532460431488,44.74405235293561,-25.78440541270048,45.37583425969449,-21.496102924654338,45.7257810118963,-17.472867211637123,45.59686459912655,-15.731534371528047,45.19586417978698,-14.126349360252833,43.985829896805505,-14.086620101589942,43.90039385726228,-13.993542062667295,43.96852538798522,-11.041454386748573,43.986538148530435,-7.276533363612305,43.857112913171775,-4.187142399600942,43.213102256953015,approx_rxn_crds,0.0,0.0730927795780968,0.15993775498703347,0.25427930959079637,0.36996086368430897,0.4774214344706681,0.5493628408929365,0.6267646133570265,0.6583355147575483,0.6822349187855784,0.7683511677642155,0.8861279143114262,1.0
nimgs,13,RMSF,0.000461285771420082,AbsF,0.0026739530266484996,RMSF_o,0.00036480261756645377,AbsF_o,0.0023286695934615427,RMSF_CI,0.0016927381941730963,AbsF_CI,0.012565874584876431,energies,-2062.2789515101354,-2062.281178097298,-2062.2817005323036,-2062.281896691896,-2062.2810114247295,-2062.274817433629,-2062.26215133392,-2062.2555072160812,-2062.202763621173,-2062.2680142963245,-2062.278375233531,-2062.282622085367,-2062.2828096549856,gradnorms,0.001837643253364167,0.0016793971708037414,0.0025322072916238707,0.006117552128075685,0.006476114067920335,0.00687300319853306,0.005299757621367902,0.02522123105383144,0.005559252069614158,0.004936018866834035,0.00570073583496053,orth_gradnorms,0.0016981194359895963,0.0016792597560960677,0.0017156763134894384,0.0023922564082856424,0.004866802972498211,0.0034282306882774905,0.005129379512380003,0.0,0.005435436583375862,0.0027948890373405335,0.0032804785242590275,projcoords,-33.34677401201248,43.213102256953015,-31.550682111655725,43.918546119439924,-29.02468811341382,44.74384300628992,-25.780819526417087,45.376248170241624,-21.485009497670415,45.7263250593068,-17.46062620383215,45.59482892908623,-15.721573410992201,45.19003121606113,-14.123644847000138,43.981259555030064,-14.086665148821865,43.896613725573175,-13.991804099063167,43.9650525611575,-11.049436935223358,43.98638027510023,-7.285790717568094,43.85883566176448,-4.187142399600942,43.213102256953015,approx_rxn_crds,0.0,0.07305748616842785,0.15994845421994275,0.254372112880221,0.3702498440078319,0.4777480898561021,0.5497412470577607,0.6270413441164325,0.6578912985200963,0.6822587852826107,0.7681186514386014,0.885852958368021,1.0
nimgs,13,RMSF,0.0004600482017220305,AbsF,0.0026785057559769333,RMSF_o,0.0003670410971208408,AbsF_o,0.00242157597537015,RMSF_CI,0.0015156682644251512,AbsF_CI,0.012940563050432391,energies,-2062.2789515101354,-2062.2811832537036,-2062.281706253542,-2062.281902649402,-2062.2810148937833,-2062.2747969152038,-2062.262155409765,-2062.2554447007074,-2062.202432839912,-2062.2680278644684,-2062.2783804298933,-2062.2826270288765,-2062.2828096549856,gradnorms,0.0018319535152451802,0.0016765723180075201,0.002535069541811671,0.006106144068101106,0.006434982442541997,0.006854563825328614,0.005172238042636309,0.0225829485206957,0.005715482398244879,0.004869814092408494,0.005657254862389137,orth_gradnorms,0.0016956610995672687,0.0016764756375318803,0.0017115262824159345,0.0023881001867951833,0.00485221670757239,0.0034234718571436295,0.005103265864453579,0.0,0.005468789177560134,0.0027937896810603063,0.0032687085949213586,projcoords,-33.34677401201248,43.213102256953015,-31.551153415989404,43.917713371558825,-29.024052167866042,44.74363668072259,-25.7772196388578,45.376664348613744,-21.473880739865418,45.72686246448948,-17.448398527932593,45.592763246105534,-15.711679822244246,45.18423365290481,-14.12097885205234,43.9766829159346,-14.086807338863002,43.89295010761314,-13.990081881150344,43.961536632385,-11.057419590649388,43.986226919516014,-7.294995377132754,43.860552301149184,-4.187142399600942,43.213102256953015,approx_rxn_crds,0.0,0.0730190251345781,0.15995229508925105,0.254454311512847,0.3705236866679075,0.4780538225009645,0.5500944948974141,0.627289602889614,0.6574334673791498,0.6822951145851951,0.7678959589914738,0.8855844508661048,1.0
nimgs,13,RMSF,0.00045898709323724334,AbsF,0.0026840065290251493,RMSF_o,0.00036806583989580877,AbsF_o,0.0024560253791896572,RMSF_CI,0.0014000375670624328,AbsF_CI,0.012563757762845445,energies,-2062.2789515101354,-2062.281188391624,-2062.281711955294,-2062.28190857694,-2062.281018272823,-2062.2747762867657,-2062.262159627272,-2062.2553885827756,-2062.202212527341,-2062.268035823521,-2062.278385563568,-2062.282631986146,-2062.2828096549856,gradnorms,0.0018272654131053013,0.0016737862303463917,0.002538252988156407,0.006102908406711179,0.006398432445317453,0.006838753664985968,0.005074471099805743,0.020860089932675584,0.005875244025779752,0.004815677386835432,0.005619041537841696,orth_gradnorms,0.0016932117649537655,0.001673715451314495,0.0017074156296981778,0.002383854601215285,0.004834799020185091,0.0034182117548972163,0.005059504397437177,0.0,0.00548405750102987,0.002793380073054241,0.0032567848858257695,projcoords,-33.34677401201248,43.213102256953015,-31.551627702916836,43.91688371953276,-29.023416312742455,44.743433508007044,-25.77360572784959,45.37708277836773,-21.46272202066244,45.72739331440798,-17.43619100739815,45.59066992094623,-15.701850886729236,45.17846953288294,-14.118352785726739,43.97211049717405,-14.086979405658276,43.889575774028536,-13.98840766995476,43.958029972139194,-11.065389189560898,43.98607747208943,-7.304145179291154,43.86226266575525,-4.187142399600942,43.213102256953015,approx_rxn_crds,0.0,0.07297769832315955,0.1599498458883322,0.25452677601836216,0.3707834978207225,0.4783400589678375,0.5504245327418977,0.6275103258542221,0.6570215113032715,0.6823417238197034,0.7676826548817598,0.8853220943280087,1.0
nimgs,13,RMSF,0.0004582058769803403,AbsF,0.002690872231623245,RMSF_o,0.0003664765608597987,AbsF_o,0.002416336542769078,RMSF_CI,0.0013620642779871646,AbsF_CI,0.011588781984619276,energies,-2062.2789515101354,-2062.281193511754,-2062.281717637787,-2062.281914474855,-2062.281021564629,-2062.2747555810965,-2062.2621639710787,-2062.255340339453,-2062.20214539058,-2062.2680364997536,-2062.2783906581735,-2062.2826369567674,-2062.2828096549856,gradnorms,0.0018239247991293755,0.0016710373653958032,0.002541827660503386,0.00611104223440455,0.006370774733039287,0.00682711380491417,0.004985498581757357,0.020294300668312042,0.005986410957910803,0.004777120178037897,0.0055881080202793195,orth_gradnorms,0.001690773002008884,0.001670978906818768,0.0017033442857115415,0.0023795601666760547,0.004817135876951294,0.003412694251631429,0.004985492747338407,0.0,0.005460377776714437,0.002793689214900333,0.0032452151687526586,projcoords,-33.34677401201248,43.213102256953015,-31.552104226416727,43.91605742834325,-29.022780260671734,44.74323356050872,-25.769977704806635,45.3775034488542,-21.45153645981015,45.72791758831535,-17.42400880558216,45.588550935196466,-15.692083865128119,45.17273680056647,-14.115767154823224,43.967553997796166,-14.087113473394316,43.88664678183573,-13.98680025666038,43.95456140009714,-11.073336353670971,43.98593130293075,-7.313239260580527,43.86396658346324,-4.187142399600942,43.213102256953015,approx_rxn_crds,0.0,0.07293427346040994,0.15994272971704468,0.25459206838773846,0.3710329060677786,0.4786114437800472,0.5507369312970023,0.6277088055375183,0.6567116998985475,0.6823947518072008,0.7674766673039931,0.8850647911650094,1.0
nimgs,13,RMSF,0.0004575540577320595,AbsF,0.002697706972975201,RMSF_o,0.0003623572407245414,AbsF_o,0.002303161622460077,RMSF_CI,0.0013712649363671354,AbsF_CI,0.010279465672984888,energies,-2062.2789515101354,-2062.2811986143606,-2062.281723301229,-2062.2819203434815,-2062.281024769788,-2062.274734805124,-2062.2621684259084,-2062.255300934831,-2062.2022069333207,-2062.268028920663,-2062.278395730581,-2062.282641937587,-2062.2828096549856,gradnorms,0.0018217148777561415,0.0016683208213864472,0.0025457475843500515,0.006128804233914154,0.006352258094861734,0.006817401916848543,0.004889164778081156,0.02043138739066958,0.006029067666108148,0.004752872796328783,0.005563452221869083,orth_gradnorms,0.0016883472564832274,0.001668265637622841,0.001699312057702871,0.0023752805114417522,0.004801606276039282,0.0034071146197874147,0.004880678258801934,0.0,0.005399001289036863,0.0027947556940592696,0.0032342888262863246,projcoords,-33.34677401201248,43.213102256953015,-31.552582744848586,43.91523454593641,-29.022143925843544,44.74303683950074,-25.76633540420694,45.37792635686393,-21.44032449796705,45.728435146034016,-17.41185487398581,45.586407724607106,-15.682375794225358,45.167033186787904,-14.113221607443498,43.96302648448403,-14.08716677842546,43.88415914024356,-13.985264727261601,43.95113487916582,-11.081255896753486,43.98578776350815,-7.322278300680485,43.865663900611466,-4.187142399600942,43.213102256953015,approx_rxn_crds,0.0,0.0728896215746264,0.15993283773184133,0.2546531939867254,0.3712762590652887,0.4788735154500394,0.5510382017793032,0.6278916787360476,0.6565230634356662,0.6824502243520564,0.7672754125821268,0.8848111932878535,1.0
nimgs,13,RMSF,0.0004568075125401553,AbsF,0.002702790688030627,RMSF_o,0.00035690649371938237,AbsF_o,0.0021329432129129837,RMSF_CI,0.0013946206949133385,AbsF_CI,0.008814696463541489,energies,-2062.2789515101354,-2062.2812036993864,-2062.2817289458108,-2062.2819261831464,-2062.2810278872194,-2062.2747139484463,-2062.262172977595,-2062.2552707838536,-2062.2023491174123,-2062.2680126815967,-2062.278400791952,-2062.2826469236998,-2062.2828096549856,gradnorms,0.0018202322079830773,0.0016656323966514075,0.002549929030993786,0.006152720402966445,0.006340881457295071,0.006806278644010511,0.004782604961705171,0.020779380355416883,0.0060180134846816195,0.004739949785889478,0.005542901291619429,orth_gradnorms,0.0016859370735377427,0.0016655752488823183,0.0016953186572631776,0.002371082936581526,0.004789324006597152,0.003401530707619843,0.00475569328132607,0.0,0.005317786987790325,0.0027966003676381038,0.003223931686871514,projcoords,-33.34677401201248,43.213102256953015,-31.553063408854815,43.914414953415644,-29.021507377830623,44.742843291487375,-25.762678603438665,45.37835150529439,-21.429084542992882,45.72894576114389,-17.39973021864443,45.584241245418056,-15.672723768091409,45.16135646995241,-14.110715124469813,43.95854160593011,-14.0871271280921,43.88192118902151,-13.983797807324745,43.94773902918651,-11.089146148972965,43.98564620466629,-7.33126414069095,43.86735449547034,-4.187142399600942,43.213102256953015,approx_rxn_crds,0.0,0.07284429174154698,0.15992138736025563,0.2547120989500851,0.37151641761446424,0.4791298791623209,0.5513325566580106,0.6280632535990164,0.6564342956107607,0.682505762847751,0.7670771815878046,0.8845603903545789,1.0
nimgs,13,RMSF,0.0004558331065491584,AbsF,0.0027053213348875033,RMSF_o,0.000351155367459372,AbsF_o,0.0019237973707155157,RMSF_CI,0.0014186729414337321,AbsF_CI,0.008156793268762598,energies,-2062.2789515101354,-2062.2812087665925,-2062.281734571715,-2062.2819319941746,-2062.281030914947,-2062.274692993138,-2062.262177614253,-2062.2552498585233,-2062.202541510611,-2062.2679877375185,-2062.278405849275,-2062.282651909515,-2062.2828096549856,gradnorms,0.001819227199830534,0.001662969982806579,0.0025543225540320823,0.00618061618714038,0.006334495185824151,0.006791760321730216,0.0046708630434718675,0.021137750757256192,0.005973428253943772,0.004736356798263628,0.0055249112498218355,orth_gradnorms,0.001683544505849633,0.0016629073769204481,0.0016913638167236108,0.0023670232970779163,0.004779801979470165,0.0033958560499296017,0.0046231893816461025,0.0,0.005232097136446045,0.0027992137822396733,0.003213781336081827,projcoords,-33.34677401201248,43.213102256953015,-31.553546593807347,43.913598438640804,-29.020870773656352,44.742652832472864,-25.759007049782603,45.37877890072775,-21.41781390884477,45.72944916923856,-17.387634515073753,45.58205215742674,-15.663125329283377,45.155704810174626,-14.108246398464429,43.9541120048678,-14.086988972563645,43.879684147064665,-13.982393491756838,43.9443576435647,-11.097007960165001,43.98550599836263,-7.34019922018839,43.86903827982125,-4.187142399600942,43.213102256953015,approx_rxn_crds,0.0,0.07279843310747532,0.15990873618697346,0.2547693673680117,0.3717542875764841,0.4793816208591082,0.5516212559030134,0.628224737678102,0.6564162364288282,0.6825607869320355,0.7668814423871715,0.8843120664685824,1.0
nimgs,13,RMSF,0.0004545728988297933,AbsF,0.0027051499861195823,RMSF_o,0.00034553168898590695,AbsF_o,0.0016865583596167998,RMSF_CI,0.0014397553902252343,AbsF_CI,0.008345950084308771,energies,-2062.2789515101354,-2062.281213815648,-2062.281740179117,-2062.28193777688,-2062.281033850574,-2062.2746719185307,-2062.2621823266795,-2062.25523782503,-2062.2027683353776,-2062.2679542544774,-2062.278410906407,-2062.2826568891855,-2062.2828096549856,gradnorms,0.0018185744843680015,0.0016603326078719696,0.002558906389183393,0.006211393861705194,0.006331088991215777,0.006772983649604935,0.004562540015630451,0.02145187216952266,0.005905297536809371,0.004740940411106671,0.00550858654485723,orth_gradnorms,0.0016811709751604475,0.001660261667067327,0.0016874474287819985,0.0023631424358269773,0.0047715985257338394,0.0033899494648241724,0.004496476100885967,0.0,0.0051483062143530935,0.0028025684969722026,0.003203476218216292,projcoords,-33.34677401201248,43.213102256953015,-31.554032798604926,43.91278474143366,-29.02023431717428,44.74246536307381,-25.75532047594247,45.37920855167923,-21.406509382663103,45.7299451024573,-17.375566623117138,45.57984099743589,-15.653578662572393,45.15007690760014,-14.10581420613254,43.94974778698547,-14.086736715820752,43.87725693214641,-13.981045836529761,43.9409751509056,-11.104844008867904,43.985366549800965,-7.349086215882198,43.87071519330471,-4.187142399600942,43.213102256953015,approx_rxn_crds,0.0,0.0727519589340194,0.15989473219518713,0.25482477456413594,0.3719896094195819,0.47962833095271923,0.5519037990497134,0.6283755542586347,0.656453124761219,0.6826157388191634,0.7666883549257381,0.8840662642324638,1.0
nimgs,13,RMSF,0.0004529816692226208,AbsF,0.002702150250660323,RMSF_o,0.00034011806736853543,AbsF_o,0.0016749543110825588,RMSF_CI,0.0014554344182208078,AbsF_CI,0.008327604339010983,energies,-2062.2789515101354,-2062.281218846176,-2062.2817457681876,-2062.281943531575,-2062.2810366915223,-2062.2746507024362,-2062.262187108249,-2062.2552341335163,-2062.203013634135,-2062.2679127191655,-2062.2784159647235,-2062.2826618566896,-2062.2828096549856,gradnorms,0.0018181407352162965,0.0016577192072532408,0.002563658411925279,0.006243893477910967,0.006328753596427937,0.006749274862433744,0.00446712162990893,0.02168548442517867,0.005816628476896605,0.004752381680029225,0.005493188525020845,orth_gradnorms,0.0016788173448960661,0.0016576377895486537,0.001683569608223814,0.0023594693449869386,0.004763436418892855,0.003383724721163455,0.0043894343987430405,0.0,0.005067645068926265,0.0028066409267475923,0.0031929435789615182,projcoords,-33.34677401201248,43.213102256953015,-31.554522594517685,43.91197357685943,-29.019598238769603,44.742280776561046,-25.751618607542476,45.379640467470644,-21.395167505998618,45.73043330999072,-17.363524981851377,45.57760831142792,-15.644082637312742,45.1444720271006,-14.103417568680058,43.945455705802466,-14.086347408110102,43.87453356058321,-13.97975604689709,43.93759444554715,-11.112658360684367,43.98522730128098,-7.35792785308108,43.87238519714184,-4.187142399600942,43.213102256953015,approx_rxn_crds,0.0,0.07270465079647337,0.1598789374506484,0.25487764104708055,0.3722214656264141,0.47986875598542733,0.5521786843020728,0.6285141769737149,0.656540851936741,0.6826714747751675,0.7664984610984793,0.8838232323102351,1.0
nimgs,13,RMSF,0.0004510093227760965,AbsF,0.0026960284654647874,RMSF_o,0.0003347911383491625,AbsF_o,0.0016852713891815294,RMSF_CI,0.001462812874204011,AbsF_CI,0.008101247578580191,energies,-2062.2789515101354,-2062.281223857797,-2062.281751339095,-2062.281949258565,-2062.2810394352514,-2062.2746293223645,-2062.2621919547705,-2062.2552380568004,-2062.203257101456,-2062.2678638415473,-2062.2784210237683,-2062.2826668060898,-2062.2828096549856,gradnorms,0.0018177432644015817,0.001655128116860111,0.0025685471803295794,0.006276545560058018,0.006326005227669397,0.006719887562249209,0.004390538797292937,0.021795420943308573,0.0057074685952685925,0.004768932891343375,0.005477976252057908,orth_gradnorms,0.0016764839721048475,0.0016550354916592838,0.0016797304926821108,0.0023560229073280037,0.004754976895944327,0.003377194343907715,0.004311864851478409,0.0,0.004988275614117812,0.0028114269220226233,0.0031824597029980486,projcoords,-33.34677401201248,43.213102256953015,-31.555016574858065,43.911164657119,-29.01896277519923,44.74209896645562,-25.747901170477288,45.380074657305784,-21.383784838951847,45.73091357320342,-17.351507953058857,45.57535473841068,-15.63463682118731,45.13888999786647,-14.101055675673207,43.94123916101941,-14.085796981641455,43.871470474208536,-13.978525015850245,43.93422028986838,-11.120456036168259,43.98508773996631,-7.366726756756481,43.87404827310632,-4.187142399600942,43.213102256953015,approx_rxn_crds,0.0,0.07265624603893722,0.15986081593850834,0.25492713004030976,0.37244870731639984,0.4801013470944464,0.5524440488648722,0.6286388404668329,0.6566800546171919,0.6827290837517664,0.7663124239374576,0.8835832954688276,1.0
nimgs,13,RMSF,0.0004486105096037415,AbsF,0.002686451998149721,RMSF_o,0.00032931861598922485,AbsF_o,0.0017025053699612832,RMSF_CI,0.001459512310328732,AbsF_CI,0.007669782401217591,energies,-2062.2789515101354,-2062.2812288501786,-2062.281756892005,-2062.28195495815,-2062.2810420795336,-2062.2746077581996,-2062.2621968644644,-2062.2552486939517,-2062.203476578791,-2062.267808481297,-2062.278426082021,-2062.282671732063,-2062.2828096549856,gradnorms,0.0018171696101509987,0.0016525570581504834,0.0025735353218224056,0.006307546634965644,0.006321894971110532,0.006684146050961047,0.004334193515554493,0.021746243649151155,0.005577283450049422,0.004788582942821391,0.005462192105544444,orth_gradnorms,0.0016741706942033402,0.0016524545735811247,0.0016759299182853547,0.002352808747948789,0.0047467787740643015,0.003370428771315899,0.004266861721489752,0.0,0.0049067368673923195,0.002816935250566402,0.003172447057404192,projcoords,-33.34677401201248,43.213102256953015,-31.555515292171954,43.9103577177448,-29.018328144313976,44.74191983531732,-25.74416789967178,45.38051112952671,-21.37235828229796,45.731385718166116,-17.33951409562752,45.57308103423805,-15.625241496760161,45.13333122010171,-14.098727688666806,43.9370986871354,-14.085063790938896,43.86806261497123,-13.977351540484136,43.93085507643442,-11.128242531387436,43.98494740593127,-7.37548530020141,43.875704428557086,-4.187142399600942,43.213102256953015,approx_rxn_crds,0.0,0.07260648022902086,0.15983982221558657,0.2549723870704665,0.37267014965074996,0.4803245154326844,0.5526979732343374,0.6287478737569079,0.6568718798836195,0.6827897550409855,0.766130910240657,0.8833467949127987,1.0
nimgs,13,RMSF,0.0004457588743143099,AbsF,0.002673254786139877,RMSF_o,0.0003234971820941928,AbsF_o,0.0017886856606169387,RMSF_CI,0.0014449309336373344,AbsF_CI,0.007047998081089189,energies,-2062.2789515101354,-2062.2812338230906,-2062.2817624270847,-2062.2819606306284,-2062.2810446227318,-2062.2745859958395,-2062.2622018379443,-2062.2552649596464,-2062.203651699436,-2062.2677476110057,-2062.2784311377013,-2062.282676630524,-2062.2828096549856,gradnorms,0.001816212458857819,0.001650003472264194,0.0025785857428793518,0.006335151668738636,0.0063157295379617775,0.006641657642083885,0.004297800567036383,0.021528986029583863,0.005426861399995903,0.004809295211901682,0.005445052535264887,orth_gradnorms,0.00167187674226667,0.0016498948319389017,0.0016721672642707039,0.0023498135494443464,0.004739624479314871,0.003363479758072883,0.0042520255459542276,0.0,0.0048199994558796476,0.0028231671175214705,0.0031631725831046025,projcoords,-33.34677401201248,43.213102256953015,-31.556019191172176,43.909552544880405,-29.017694518398084,44.74174330352528,-25.740418547489703,45.38094989109049,-21.360885414706203,45.7318496248704,-17.327542355849246,45.570788047442065,-15.615897664520013,45.12779666589287,-14.096432580473437,43.93303251183723,-14.08413089599528,43.864329197802256,-13.976232539951143,43.9274990460148,-11.136023334895496,43.984805897382444,-7.3842054580998235,43.877353702033986,-4.187142399600942,43.213102256953015,approx_rxn_crds,0.0,0.07255512989635012,0.15981549083695834,0.2550126809859454,0.37288476945311827,0.4805368943104553,0.5529387934754161,0.6288400437736548,0.6571161574586802,0.6828545979132805,0.7659544709411265,0.8831140269818684,1.0
nimgs,13,RMSF,0.0004424587188365711,AbsF,0.002656581158464813,RMSF_o,0.0003177107458322921,AbsF_o,0.0018688649786611877,RMSF_CI,0.0014211947897590632,AbsF_CI,0.006263549131628174,energies,-2062.2789515101354,-2062.2812387764498,-2062.2817679445047,-2062.2819662762904,-2062.281047064035,-2062.274564030495,-2062.2622068780674,-2062.2552855804993,-2062.2037668329367,-2062.2676822846906,-2062.2784361895165,-2062.2826814990467,-2062.2828096549856,gradnorms,0.0018147028595602314,0.0016474651331932438,0.0025836673347500575,0.006357938448183417,0.006306722640891044,0.006592486432912773,0.004280875763467044,0.02117532545103627,0.0052603109808855445,0.004829225369365538,0.005425783524562966,orth_gradnorms,0.001669600650828953,0.0016473560485773169,0.0016684415422460234,0.0023470018448321964,0.004733783497356328,0.0033563316715330004,0.00426021480791153,0.0,0.0047280613721549045,0.002830098756459916,0.0031545593112231696,projcoords,-33.34677401201248,43.213102256953015,-31.55652854935024,43.90874899885628,-29.017062001202664,44.741569316561254,-25.736652890176973,45.38139094717249,-21.3493647816317,45.73230523215988,-17.315592201489768,45.56847668354588,-15.606607012664265,45.12228785375776,-14.09416911969599,43.9290369150677,-14.082988110754798,43.86030667812583,-13.975163430832529,43.92415063102375,-11.143803495220833,43.98466287077977,-7.392888678094916,43.87899616171782,-4.187142399600942,43.213102256953015,approx_rxn_crds,0.0,0.0725020663938164,0.1597875513062502,0.25504758622112195,0.3730919648497087,0.48073768114130583,0.5531655043629816,0.6289149988418744,0.6574107753581332,0.6829244074731402,0.7657833827997458,0.8828851620646893,1.0
nimgs,13,RMSF,0.00043875348604219277,AbsF,0.002636925744135961,RMSF_o,0.00031736904931413553,AbsF_o,0.0018994577780743688,RMSF_CI,0.0013934701136424522,AbsF_CI,0.005353052159140647,energies,-2062.2789515101354,-2062.2812437103507,-2062.2817734444398,-2062.2819718954242,-2062.281049403605,-2062.274541868519,-2062.2622119895777,-2062.2553091067994,-2062.2038132125736,-2062.2676136145574,-2062.2784412372503,-2062.282686336958,-2062.2828096549856,gradnorms,0.0018125381225824904,0.0016449408093745462,0.0025887597538920117,0.006375023133188371,0.0062939124475828116,0.006537279707657247,0.004283495672043252,0.02076223708058612,0.005086336067749751,0.004846909856952288,0.005403751530590259,orth_gradnorms,0.0016673403323142235,0.001644837992043582,0.0016647516494664178,0.002344318983900668,0.004728692333900347,0.0033489115952369157,0.004280945404318884,0.0,0.004635664034858307,0.0028376795899072407,0.0031462216084730803,projcoords,-33.34677401201248,43.213102256953015,-31.557043435079017,43.907947030100196,-29.016430612393037,44.7413978497562,-25.732870731791337,45.38183430077239,-21.337796085333714,45.732752537883854,-17.30366373655791,45.56614789246894,-15.597371840466662,45.116806781573615,-14.091936014128514,43.92510637331687,-14.081634097845498,43.856046909849056,-13.974138548542614,43.92080693679036,-11.151587280284712,43.98451803510194,-7.40153578729438,43.88063189271581,-4.187142399600942,43.213102256953015,approx_rxn_crds,0.0,0.07244731386008726,0.15975605384293837,0.2550771831605366,0.3732918444808262,0.48092701352545275,0.5533781998742611,0.6289737471733304,0.6577515465507372,0.6829994046871904,0.7656174724079131,0.8826601540273693,1.0
nimgs,13,RMSF,0.00043473222648093384,AbsF,0.0026151047570299093,RMSF_o,0.0003169995528732885,AbsF_o,0.0018804715741548616,RMSF_CI,0.0013684973166649705,AbsF_CI,0.005673713629945384,energies,-2062.2789515101354,-2062.2812486250755,-2062.2817789270675,-2062.281977488313,-2062.281051642608,-2062.274519527232,-2062.2622171785238,-2062.2553339417523,-2062.2037907884446,-2062.267542757646,-2062.278446282157,-2062.282691145088,-2062.2828096549856,gradnorms,0.0018097062820797499,0.0016424307340926576,0.00259385798888173,0.006386256268619807,0.006276459601606331,0.006477364289625645,0.004307495916148133,0.020390150785849225,0.004917939955625254,0.0048614472174123785,0.005378683870304437,orth_gradnorms,0.00166509338441853,0.0016423404077549975,0.0016610966241554284,0.00234170079698131,0.004723186960925217,0.003341145324218962,0.004303619206231256,0.0,0.004552027317150174,0.0028458470860113624,0.0031376853430518416,projcoords,-33.34677401201248,43.213102256953015,-31.557563690342374,43.90714668451498,-29.015800281678672,44.74122890981733,-25.729071905536202,45.3822799523321,-21.326180242099774,45.73319159391448,-17.2917578001008,45.56380268765797,-15.588194925933001,45.11135580945558,-14.089732139311067,43.92123365869947,-14.08007856805671,43.851618854088635,-13.973151515443258,43.91746434012601,-11.159377957138904,43.98437114156782,-7.410146955491216,43.88226097598628,-4.187142399600942,43.213102256953015,approx_rxn_crds,0.0,0.07239110033205252,0.15972148230017516,0.25510223901109425,0.37348549219493093,0.48110630808856636,0.5535784682486545,0.6290190733895157,0.6581321882512746,0.6830789969659674,0.7654559560970552,0.8824386567281802,1.0
nimgs,13,RMSF,0.0004305329228308585,AbsF,0.0025922122456791276,RMSF_o,0.00031652318691374016,AbsF_o,0.0018123063551626992,RMSF_CI,0.001350439241301372,AbsF_CI,0.0065837840156830136,energies,-2062.2789515101354,-2062.281253521077,-2062.281784392573,-2062.2819830552353,-2062.2810537831137,-2062.2744970328063,-2062.2622224515108,-2062.2553583918443,-2062.203709959346,-2062.267470911127,-2062.278451327107,-2062.282695925328,-2062.2828096549856,gradnorms,0.0018063056298582931,0.0016399366814722565,0.0025989767536645633,0.006392398345810578,0.006254177105081804,0.006414796074417689,0.004356060215156824,0.020121091522756682,0.00477050157222974,0.004872663637498026,0.005350895974957305,orth_gradnorms,0.0016628575245403482,0.0016398630255234845,0.0016574757735096605,0.002339087358040711,0.004716089267984096,0.0033330179201545777,0.004320282823016109,0.0,0.0044886767942618495,0.0028545490180851246,0.0031286467232125316,projcoords,-33.34677401201248,43.213102256953015,-31.55808894379897,43.90634809610419,-29.015170854434256,44.74106253247615,-25.72525627194834,45.3827278995673,-21.314519281610668,45.73362249534522,-17.27987600500463,45.56144217494558,-15.579079329020836,45.10593748903676,-14.087556746319464,43.917410085494744,-14.078343919580792,43.84710973776624,-13.97219552428901,43.914119147378685,-11.167177715234175,43.98422197105995,-7.418721741049637,43.88388346711254,-4.187142399600942,43.213102256953015,approx_rxn_crds,0.0,0.07233388174894417,0.15968480979615993,0.25512429826982475,0.3736751039575991,0.48127842980801744,0.5537695889708094,0.6290557176517566,0.6585443280864481,0.6831616484247498,0.765297359461296,0.8822199793710624,1.0
nimgs,13,RMSF,0.00042921531401276944,AbsF,0.0025695655884138842,RMSF_o,0.00031589755572774544,AbsF_o,0.0017193065743641987,RMSF_CI,0.001335753517932581,AbsF_CI,0.007246348125341532,energies,-2062.2789515101354,-2062.2812583989316,-2062.2817898411413,-2062.2819885964627,-2062.2810558278456,-2062.2744744166484,-2062.26222781482,-2062.255380740303,-2062.2035919651826,-2062.267399312835,-2062.2784563764785,-2062.282700680122,-2062.2828096549856,gradnorms,0.0018025459763814878,0.001637461442117518,0.0026041521434490666,0.006395164145183751,0.006227938563035562,0.006352274168271553,0.004431542583560223,0.01990227917271228,0.004658624853939968,0.004881163384507889,0.005321376531642635,orth_gradnorms,0.0016606310139198111,0.0016374055880961798,0.0016538886719557901,0.002336436180978289,0.00470676757325849,0.0033245979580552912,0.004327171326026404,0.0,0.004456073454015846,0.0028637599327019487,0.0031191097844862625,projcoords,-33.34677401201248,43.213102256953015,-31.558618658338137,43.90555146536702,-29.014542110503903,44.740898775600556,-25.721423712796366,45.38317813780571,-21.302816070773613,45.73404536304416,-17.268020650290914,45.55906755468948,-15.570028125949035,45.1005543408919,-14.08540957174602,43.91362599463061,-14.076464303707327,43.84261898854773,-13.971263571420035,43.910768243651084,-11.174987751580765,43.98407032095154,-7.427259239933587,43.88549938367089,-4.187142399600942,43.213102256953015,approx_rxn_crds,0.0,0.07227630762188013,0.15964742808890728,0.25514557244950503,0.3738638354065988,0.48144748595432346,0.5539562944977504,0.6290900477029993,0.6589777872655987,0.6832449990318048,0.7651396168215666,0.882003131221182,1.0
nimgs,13,RMSF,0.0004293362077931186,AbsF,0.0025485928015652752,RMSF_o,0.00031513146525862255,AbsF_o,0.001752993055273204,RMSF_CI,0.0013123503923663411,AbsF_CI,0.007609495389205936,energies,-2062.2789515101354,-2062.281263259278,-2062.281795272958,-2062.2819941122666,-2062.281057779809,-2062.2744517109813,-2062.262233273479,-2062.2553993398765,-2062.203465893973,-2062.267329494689,-2062.2784614357943,-2062.282705412002,-2062.2828096549856,gradnorms,0.0017987135071367343,0.00163500774291103,0.002609436454438527,0.006396965421942114,0.006199621427165319,0.00629282027212157,0.004532614029682571,0.019553580455261583,0.004593747444421937,0.0048879808134732914,0.005291602878092774,orth_gradnorms,0.001658412965682067,0.0016349678632965035,0.0016503350588696832,0.0023337302879693615,0.004695353082348793,0.0033160136443412236,0.00432462630296086,0.0,0.004461264514949706,0.0028734813240118597,0.00310933241443405,projcoords,-33.34677401201248,43.213102256953015,-31.55915221155228,43.90475702443704,-29.013913796014464,44.74073770780783,-25.71757412013464,45.383630660994434,-21.291073872711923,45.73446031995313,-17.256194468924978,45.55668007259038,-15.56104408737765,45.09520859405032,-14.083290831400817,43.90987143685595,-14.074480563581051,43.83824248120641,-13.970351847468645,43.90742101231673,-11.182808511167902,43.983915992284615,-7.435758334017367,43.887108705507295,-4.187142399600942,43.213102256953015,approx_rxn_crds,0.0,0.07221908836158844,0.15961086160924884,0.2551684861421539,0.3740551494423302,0.48161797601322315,0.5541437878128862,0.6291288773930844,0.6594211375188996,0.6833263611155959,0.7649804826177069,0.8817870228691896,1.0
nimgs,13,RMSF,0.00042956335841243444,AbsF,0.002530648202888919,RMSF_o,0.0003142723211492998,AbsF_o,0.0017622317526758305,RMSF_CI,0.0012668656544278178,AbsF_CI,0.007617379491706677,energies,-2062.2789515101354,-2062.281268102722,-2062.281800688205,-2062.2819996029093,-2062.2810596418412,-2062.2744289444363,-2062.26223883038,-2062.255412711305,-2062.2033621172427,-2062.2672637967235,-2062.2784665112576,-2062.2827101231805,-2062.2828096549856,gradnorms,0.0017951026093465672,0.0016325771968903483,0.0026148858766805714,0.006400349889944023,0.006171554965989036,0.006239273135311816,0.004652491878282229,0.018875873123484346,0.004583011698333456,0.00489383331946821,0.005263125683118902,orth_gradnorms,0.0016562034371650834,0.0016325496263401276,0.0016468147230234006,0.002330978997023827,0.004682552123426523,0.0033074030993472557,0.004315439917999185,0.0,0.004507223963966802,0.0028837250748424206,0.0030996407515577226,projcoords,-33.34677401201248,43.213102256953015,-31.559688996005345,43.90396499470848,-29.013285663384806,44.7405793942934,-25.713707382089368,45.38408546321128,-21.279295811309808,45.73486746453765,-17.244400245811867,45.554280925965415,-15.552129343061011,45.089901921847535,-14.08120113002671,43.906136931311906,-14.072434078427184,43.834057064309555,-13.969466373602568,43.90412389952846,-11.190639993464856,43.98375878370179,-7.444217993618011,43.88871138580971,-4.187142399600942,43.213102256953015,approx_rxn_crds,0.0,0.07216281265467828,0.1595763713259274,0.2551950464949399,0.37425190562737315,0.48179361130888243,0.5543363779174316,0.6291778534854693,0.6598620771919192,0.6834033860284716,0.7648181044152662,0.881570749692583,1.0
nimgs,13,RMSF,0.0004300361325968291,AbsF,0.002516821913504477,RMSF_o,0.00031337917094774383,AbsF_o,0.0017491274337128667,RMSF_CI,0.0011964672728581724,AbsF_CI,0.007237400765211579,energies,-2062.2789515101354,-2062.281272929764,-2062.281806087058,-2062.2820050686496,-2062.2810614161926,-2062.274406138492,-2062.262244485567,-2062.255419628588,-2062.2033050648192,-2062.2672044208557,-2062.2784716094334,-2062.2827148152055,-2062.2828096549856,gradnorms,0.0017919469861130833,0.0016301699819381782,0.002620546902820872,0.006407394066640661,0.006145803087309809,0.006193819127834055,0.004779382677785945,0.017826960861980632,0.004622199457863047,0.004899142850645119,0.005237139578040821,orth_gradnorms,0.0016540032783963023,0.0016301506443935632,0.00164332748806687,0.0023282124464139137,0.004669244485141546,0.0032988723264391943,0.004302852824087458,0.0,0.00458702863669141,0.002894500861616892,0.003090243047591212,projcoords,-33.34677401201248,43.213102256953015,-31.560228515887857,43.903175546823896,-29.012657510204434,44.740423883197046,-25.709823369075977,45.384542540209864,-21.267484365608453,45.73526684764507,-17.232640409246926,45.55187116130888,-15.543285097360455,45.084635222572935,-14.079141349577593,43.90241417038088,-14.07036628625191,43.83012021115932,-13.96861213820457,43.9009204716153,-11.198481960709904,43.98359850499237,-7.452637557145401,43.89030736635157,-4.187142399600942,43.213102256953015,approx_rxn_crds,0.0,0.07210796926019546,0.15954500912074238,0.2552269320081412,0.3744565019372983,0.4819774927967539,0.5545376778908896,0.6292416289140577,0.6602882582645033,0.6834741234977896,0.7646509367213522,0.8813535443341615,1.0
nimgs,13,RMSF,0.0004308343785994344,AbsF,0.002507802489704976,RMSF_o,0.0003143432734565893,AbsF_o,0.0017139989809362727,RMSF_CI,0.0011171045138566927,AbsF_CI,0.006482961286585636,energies,-2062.2789515101354,-2062.2812777407366,-2062.2818114696865,-2062.2820105097426,-2062.2810631042403,-2062.2743833053582,-2062.262250235836,-2062.2554191801228,-2062.203308213872,-2062.2671530667744,-2062.2784767370613,-2062.282719488695,-2062.2828096549856,gradnorms,0.001789376295632099,0.0016277852749019995,0.0026264468643012176,0.006419287664208677,0.006123635762465376,0.0061577215562704886,0.004897473723327517,0.016644482384956808,0.004694588979785594,0.004903888249981398,0.0052142264659068805,orth_gradnorms,0.0016518138313554385,0.0016277706733129054,0.001639873270453495,0.0023254730025640967,0.004656127889300728,0.0032904804155559544,0.004288265752685803,0.0,0.004683609288995369,0.002905806411345092,0.003081148303602235,projcoords,-33.34677401201248,43.213102256953015,-31.560770457242256,43.902388772440304,-29.012029207520925,44.74027119587333,-25.70592192422778,45.385001890492866,-21.255641014278613,45.73565845891205,-17.22091671229912,45.549451605004364,-15.534511451840933,45.07940848545535,-14.077112590870618,43.89869660057053,-14.068326535064635,43.826485991126575,-13.967790450444413,43.897839365708165,-11.206334058268737,43.9834349935479,-7.461016916652076,43.891896590023805,-4.187142399600942,43.213102256953015,approx_rxn_crds,0.0,0.07205497216318897,0.15951767769966652,0.25526558961794465,0.37467102530168445,0.4821723029011392,0.5547508207009457,0.6293240716733444,0.6606864198236913,0.6835369286171207,0.7644776492410088,0.8811347274985045,1.0
nimgs,13,RMSF,0.00043196371789908485,AbsF,0.0025037878084901042,RMSF_o,0.0003202472648739426,AbsF_o,0.0017452291427981696,RMSF_CI,0.0010596404470681964,AbsF_CI,0.006345763002658979,energies,-2062.2789515101354,-2062.281282535788,-2062.281816836247,-2062.2820159264365,-2062.281064706383,-2062.274360447553,-2062.2622560746786,-2062.2554108054683,-2062.203371555161,-2062.2671106956436,-2062.2784819010435,-2062.2827241432033,-2062.2828096549856,gradnorms,0.0017873955576497259,0.00162542187845292,0.002632588569503741,0.006436114440796282,0.006105293940009177,0.006131220728134597,0.004988018093351131,0.01578828707326925,0.004772550155766053,0.004907556992926952,0.005194285192215558,orth_gradnorms,0.0016496366085213808,0.0016254094490495074,0.0016364521229201106,0.002322806873679468,0.004643559353130132,0.003282250938471908,0.00426913364094581,0.0,0.004771576779886449,0.0029176292016550964,0.0030722148428036678,projcoords,-33.34677401201248,43.213102256953015,-31.561314718478734,43.90160467304558,-29.01140071186485,44.74012132307824,-25.702002860067594,45.38546351563264,-21.24376609866267,45.736042226036886,-17.209230080671475,45.547022852362375,-15.5258073612886,45.074220759739745,-14.075116227773385,43.89497987512291,-14.066381210405723,43.82322035126176,-13.966997371261538,43.894886243939176,-11.214195822751549,43.98326812943367,-7.469356573323824,43.89347900724816,-4.187142399600942,43.213102256953015,approx_rxn_crds,0.0,0.07200417521702977,0.1594951644261877,0.2553122891499256,0.3748973344653047,0.4823804127021706,0.5549785802358407,0.6294283796318906,0.6610418067470184,0.6835904126687665,0.7642970773602628,0.8809136819076185,1.0
nimgs,13,RMSF,0.00043335425861424037,AbsF,0.0025044601674673464,RMSF_o,0.0003237533368106129,AbsF_o,0.0017576615997310988,RMSF_CI,0.0010479287581615444,AbsF_CI,0.007057451019855278,energies,-2062.2789515101354,-2062.281287314894,-2062.28182218689,-2062.282021318977,-2062.2810662221373,-2062.2743375591986,-2062.2622619926033,-2062.255394309313,-2062.2034817185263,-2062.2670775223783,-2062.278487108614,-2062.28272877725,-2062.2828096549856,gradnorms,0.001785884941771484,0.0016230785934870345,0.002638949171665635,0.006456833030822443,0.006090036080362801,0.006113573626059337,0.0050333981775382754,0.015613786838701342,0.004824697023162607,0.004909151866238184,0.005176615233749999,orth_gradnorms,0.001647473023816706,0.0016230666869838633,0.00163306423568634,0.0023202577081158863,0.004631587834044607,0.003274195068064718,0.00423947072400306,0.0,0.004823816075195381,0.002929955645842999,0.003063278036600562,projcoords,-33.34677401201248,43.213102256953015,-31.56186139668386,43.90082316734477,-29.01077205911423,44.73997422770363,-25.69806596176577,45.38592741983681,-21.23185892607816,45.7364180273921,-17.197580651698416,45.54458531739942,-15.517170723157541,45.069070226735505,-14.073154074637195,43.89126219406081,-14.064605053274834,43.82038498967065,-13.966224116409649,43.89204384242684,-11.2220665782456,43.98309784613189,-7.477657559220722,43.8950545773975,-4.187142399600942,43.213102256953015,approx_rxn_crds,0.0,0.07195577596106818,0.15947792637859304,0.25536777834740987,0.3751365502919878,0.4826032291565741,0.5552226210552241,0.6295562192265459,0.6613406674425266,0.6836338663442691,0.7641085442548552,0.8806900163589678,1.0
nimgs,13,RMSF,0.00043489208702372106,AbsF,0.002509144268794622,RMSF_o,0.0003237616059231909,AbsF_o,0.0017460497070687067,RMSF_CI,0.0010773420570459474,AbsF_CI,0.007456134441364909,energies,-2062.2789515101354,-2062.2812920779133,-2062.2818275217587,-2062.2820266876033,-2062.2810676504223,-2062.274314628864,-2062.262267977773,-2062.2553698469574,-2062.20361798406,-2062.2670531943477,-2062.278492367686,-2062.282733388594,-2062.2828096549856,gradnorms,0.001784651991878339,0.0016207543539174126,0.0026454905703270143,0.006479746158068092,0.006076580320404072,0.006103402019408892,0.005024582601562587,0.016052035121733275,0.0048297458710564,0.004907500506202686,0.005160245448928556,orth_gradnorms,0.0016453242037789337,0.0016207421051791513,0.0016297098708600369,0.0023178620094055926,0.004620087328526186,0.003266328460473887,0.004193991811303541,0.0,0.004823939282197892,0.002942779330501626,0.0030542689109307433,projcoords,-33.34677401201248,43.213102256953015,-31.562410733195506,43.90004411541986,-29.010143341793402,44.73982985338707,-25.69411099609568,45.38639360897236,-21.219918092439123,45.73678571589754,-17.18596798030507,45.54213932674902,-15.508598580072764,45.063954361312994,-14.071228553214057,43.8875444688767,-14.063039095411636,43.81797498932664,-13.965459195515042,43.88927945508986,-11.229945234043452,43.98292413690964,-7.485921247346998,43.89662326899401,-4.187142399600942,43.213102256953015,approx_rxn_crds,0.0,0.07190966574258187,0.15946575265400237,0.2554317395322324,0.3753882477881005,0.48284016184260925,0.5554823134148361,0.629706392610406,0.6615767540855034,0.6836679038000913,0.763912369354298,0.8804638271112948,1.0
nimgs,13,RMSF,0.00043647924392356085,AbsF,0.0025171316345906744,RMSF_o,0.0003203658383793882,AbsF_o,0.0017102227846926595,RMSF_CI,0.0011256982813097468,AbsF_CI,0.00756720972663067,energies,-2062.2789515101354,-2062.2812968246544,-2062.281832840993,-2062.2820320325527,-2062.2810689899247,-2062.2742916430084,-2062.2622740168213,-2062.2553378719094,-2062.2037629504744,-2062.267037041682,-2062.278497687255,-2062.282737974666,-2062.2828096549856,gradnorms,0.0017835310509345852,0.0016184483422232723,0.002652180439731055,0.006503394263266722,0.006063823180296156,0.00609930488222455,0.004964014570662998,0.016772526636160256,0.004785235524983953,0.004901850767862429,0.005144425004293171,orth_gradnorms,0.0016431908882512756,0.0016184354503025044,0.0016263892318600756,0.0023156456758049665,0.004608909379052346,0.003258672024994887,0.004131797378790908,0.0,0.004773343485327374,0.0029561017826783935,0.003045255580983474,projcoords,-33.34677401201248,43.213102256953015,-31.562963039659238,43.89926735060714,-29.00951467868819,44.73968813571783,-25.690137722728153,45.386862089497974,-21.207941905345898,45.73714514691965,-17.174391319427798,45.539685220937166,-15.50008737882122,45.058870139735205,-14.069342623529526,43.88383011642969,-14.061655507551258,43.815880590521616,-13.964691126798854,43.8865554546692,-11.237830062235552,43.98274705657847,-7.494149120305666,43.898185061890985,-4.187142399600942,43.213102256953015,approx_rxn_crds,0.0,0.0718655006476689,0.15945791413557805,0.2555030257774796,0.3756507896556091,0.48308906010015684,0.5557552411167567,0.6298754597760584,0.661754144543596,0.6836941298922511,0.7637096573688631,0.8802355972117863,1.0
nimgs,13,RMSF,0.0004380577916866514,AbsF,0.0025278334040340572,RMSF_o,0.00031434244818298693,AbsF_o,0.001651072410389615,RMSF_CI,0.001175161138947557,AbsF_CI,0.007431428691753553,energies,-2062.2789515101354,-2062.2813015549245,-2062.281838144728,-2062.2820373540576,-2062.2810702393886,-2062.274268588581,-2062.262280095602,-2062.255299059463,-2062.2039065624913,-2062.2670282873296,-2062.2785030776267,-2062.282742532976,-2062.2828096549856,gradnorms,0.0017824234197408287,0.0016161600032990086,0.0026590006421907883,0.006526914095216791,0.006051161611392376,0.006100122052852596,0.00485971167669125,0.017509506616502343,0.0047004205882683675,0.0048920344870242,0.005128777389236231,orth_gradnorms,0.0016410734022553309,0.0016161465054613765,0.0016231023252093867,0.0023136217191834702,0.004598007222145143,0.003251241229577649,0.004055611320430919,0.0,0.004683596992695635,0.002969926020710196,0.0030364000709569914,projcoords,-33.34677401201248,43.213102256953015,-31.563518639179268,43.89849270465096,-29.008886190998876,44.73954901090535,-25.686145902654772,45.38733286782625,-21.195928713896578,45.73749619905379,-17.162849842757687,45.53722341793334,-15.491633204963804,45.05381422815602,-14.067499351537538,43.88012442435906,-14.06038380000393,43.813940259527875,-13.9639104377414,43.883837879238946,-11.245718588036425,43.98256671641489,-7.50234259955599,43.89973995184383,-4.187142399600942,43.213102256953015,approx_rxn_crds,0.0,0.0718229686641812,0.15945375068270448,0.25558059911125464,0.3759226955605685,0.483347979933059,0.5560392370287756,0.6300601194419364,0.6618805310137662,0.6837139474188427,0.7635014337497534,0.8800057632994849,1.0
nimgs,13,RMSF,0.00043958092903789616,AbsF,0.002540658700037822,RMSF_o,0.0003078909306197571,AbsF_o,0.0015955971116657511,RMSF_CI,0.0012156345858170819,AbsF_CI,0.007071929963833894,energies,-2062.2789515101354,-2062.2813062685645,-2062.281843433103,-2062.282042652348,-2062.281071397766,-2062.27424545439,-2062.262286199767,-2062.2552542431285,-2062.204041021307,-2062.267026146718,-2062.2785085504147,-2062.2827470613984,-2062.2828096549856,gradnorms,0.0017812489574472194,0.001613888856098284,0.00266593634266968,0.006549608330624666,0.006038227907977513,0.006104686417809659,0.0047196267563848855,0.018112547393011737,0.00458581010185486,0.004878064308659203,0.0051130214988393844,orth_gradnorms,0.0016389716475709404,0.0016138750846988602,0.0016198488726987528,0.0023117889806638582,0.004587471545966668,0.0032440342002963596,0.003969420418348883,0.0,0.004566604691389868,0.0029842473603317135,0.0030278666931213304,projcoords,-33.34677401201248,43.213102256953015,-31.56407783379655,43.897720021495076,-29.008257989565003,44.73941242026078,-25.6821353022726,45.38780595016094,-21.183877081273234,45.737838783659356,-17.1513427632581,45.53475442525099,-15.483231963832173,45.04878312752579,-14.065701323135348,43.876433764359724,-14.059161615247216,43.812014647372166,-13.963110484403028,43.88110081923579,-11.253607618591676,43.98238327342316,-7.510502964644553,43.90128795517558,-4.187142399600942,43.213102256953015,approx_rxn_crds,0.0,0.07178187925931465,0.15945286794144067,0.25566384540866627,0.3762031015109914,0.48361577702026665,0.5563330649628442,0.6302580508709907,0.6619599544281978,0.6837281523409523,0.7632883508778605,0.8797745688546823,1.0
nimgs,13,RMSF,0.0004409846869887273,AbsF,0.0025548803004201764,RMSF_o,0.0003072176860301502,AbsF_o,0.0015915141319048705,RMSF_CI,0.0012401081695503705,AbsF_CI,0.006497393317804555,energies,-2062.2789515101354,-2062.2813109654626,-2062.281848706251,-2062.2820479276506,-2062.281072464322,-2062.274222232164,-2062.262292315268,-2062.255204381112,-2062.2041560090393,-2062.2670298533885,-2062.278514118463,-2062.2827515583876,-2062.2828096549856,gradnorms,0.0017798984860848126,0.001611634336961263,0.0026729650928816154,0.00657052385302703,0.00602454772037256,0.006111572084461173,0.004551287988525837,0.018477195577933262,0.004452439193859872,0.0048598234757116,0.005096703966590231,orth_gradnorms,0.001636885080686207,0.0016116210244377879,0.0016166283119513143,0.0023101313478103764,0.004577440427505073,0.003237025212663349,0.0038775583975167493,0.0,0.0044343524864013445,0.002999040448514201,0.0030197301213186673,projcoords,-33.34677401201248,43.213102256953015,-31.56464087956631,43.89694916749195,-29.007630165372806,44.73927831328494,-25.67810569631644,45.388281342361495,-21.17178590441288,45.73817284871944,-17.139869407023163,45.5322788246186,-15.474879542827978,45.04377330423412,-14.0639502185103,43.87276491178689,-14.057956787269227,43.810012583247655,-13.962294447262877,43.878351323695576,-11.261493308898398,43.982196919482426,-7.518631303456335,43.90282911038345,-4.187142399600942,43.213102256953015,approx_rxn_crds,0.0,0.07174202380257286,0.15945482621458845,0.2557520754768257,0.37649102365057086,0.4838911620561951,0.556635331458733,0.6304667271681657,0.6619916152662384,0.6837373651208719,0.7630711464880965,0.8795422986914686,1.0
nimgs,13,RMSF,0.0004421884058616907,AbsF,0.0025696338086011765,RMSF_o,0.0003065798803512193,AbsF_o,0.0015874134481500982,RMSF_CI,0.0012425737720606854,AbsF_CI,0.006224817923132491,energies,-2062.2789515101354,-2062.2813156455845,-2062.28185396431,-2062.282053180188,-2062.2810734387667,-2062.2741989179167,-2062.262298428873,-2062.255150541805,-2062.20423883091,-2062.2670384829808,-2062.2785197958046,-2062.28275602316,-2062.2828096549856,gradnorms,0.0017782349730492157,0.0016093958704631937,0.0026800564565173427,0.006588458860297129,0.00600942934847384,0.006119110512903796,0.00436290991155576,0.01851393222794425,0.0043110929292412455,0.004837153380627644,0.005079179292678775,orth_gradnorms,0.0016348127003453779,0.001609384172092584,0.0016134398818608414,0.0023086180098938975,0.004567937336920164,0.003230166805533123,0.003784190581914446,0.0,0.004297801382706823,0.0030142637880444237,0.003011928715389258,projcoords,-33.34677401201248,43.213102256953015,-31.56520795323958,43.8961800446703,-29.00700277663939,44.73914665185836,-25.674056872285114,45.38875904948903,-21.159654572353848,45.73849838282975,-17.128429302768414,45.52979725663367,-15.466571986438318,45.038781332933596,-14.062246667093188,43.86912451050402,-14.056763072213897,43.80788289417694,-13.961467478002245,43.875602272011925,-11.269371195207786,43.98200788214671,-7.526728441328458,43.90436347459711,-4.187142399600942,43.213102256953015,approx_rxn_crds,0.0,0.07170311357103366,0.15945900030201993,0.25584429926659275,0.3767850214384504,0.4841722713717625,0.5569439907850828,0.6306828823187064,0.6619726898533171,0.6837425002421902,0.76285085170197,0.8793093876790038,1.0
nimgs,13,RMSF,0.0004431152385072936,AbsF,0.0025840159784956173,RMSF_o,0.0003059629472909553,AbsF_o,0.0015831279100375383,RMSF_CI,0.0012184820667021934,AbsF_CI,0.0062120598698767945,energies,-2062.2789515101354,-2062.2813203090036,-2062.28185920742,-2062.28205841018,-2062.281074321421,-2062.2741755134102,-2062.2623045286905,-2062.2550938915465,-2062.2042777565357,-2062.2670509426084,-2062.278525597629,-2062.2827604558333,-2062.2828096549856,gradnorms,0.0017761292075047727,0.0016071731492871208,0.0026871792511108427,0.006602268355695444,0.0059920684346061025,0.0061256015131428585,0.00416358941926869,0.01815497390265864,0.004173882014721868,0.004810085992461143,0.005059779372398139,orth_gradnorms,0.0016327530945931363,0.0016071643709434664,0.0016102827460699133,0.002307206031736412,0.004558745241349079,0.0032234011537269134,0.0036925828859466258,0.0,0.00416767026129989,0.003029867827048852,0.003004288097189581,projcoords,-33.34677401201248,43.213102256953015,-31.565779112306956,43.89541260637375,-29.006375833042473,44.73901741545396,-25.669988636158664,45.389239075075864,-21.147483157770736,45.73881542019605,-17.1170222968673,45.52731041737451,-15.458305679976949,45.03380404848837,-14.060590311246159,43.865518664731795,-14.055590250447043,43.80560204827513,-13.960634275353481,43.872864548582264,-11.27723621337026,43.9818164260797,-7.534794848118713,43.90589111497281,-4.187142399600942,43.213102256953015,approx_rxn_crds,0.0,0.0716647618613206,0.15946453658210719,0.25593915552783725,0.37708308816054825,0.4844565304048429,0.5572561871548831,0.6309023522481867,0.661900916027809,0.6837449152156546,0.7626288565087919,0.8790764578589167,1.0
nimgs,13,RMSF,0.0004437207934144251,AbsF,0.002597232312712562,RMSF_o,0.0003053359711961867,AbsF_o,0.0015783490352438423,RMSF_CI,0.0011662316170749814,AbsF_CI,0.0058918262332488215,energies,-2062.2789515101354,-2062.2813249559235,-2062.281864435723,-2062.2820636178435,-2062.281075113344,-2062.274152027089,-2062.2623106046253,-2062.255035674926,-2062.2042665078975,-2062.267065983735,-2062.278531540188,-2062.2827648574607,-2062.2828096549856,gradnorms,0.0017735094886114785,0.0016049664715439295,0.0026943123310692947,0.006611290920603069,0.005971810094361451,0.006129613331111906,0.0039630820492277535,0.01737645973711856,0.004055004530728084,0.004779136445227321,0.005038071786302228,orth_gradnorms,0.0016307045839719222,0.0016049614523240534,0.0016071561038917695,0.00230584590915094,0.004549403507934059,0.0032166765733333993,0.0036047603555969107,0.0,0.0040544337839190465,0.003045806260620724,0.0029966028114752877,projcoords,-33.34677401201248,43.213102256953015,-31.566354261013416,43.89464687014609,-29.005749282153744,44.73889060561939,-25.66590081752593,45.389721420422376,-21.135272576278865,45.73912404396726,-17.10564866686823,45.52481906481706,-15.450077515199892,45.02883868543117,-14.058979948229743,43.86195269479579,-14.054458396655184,43.80317047916724,-13.959799003930218,43.87014692350522,-11.28508275295641,43.98162285072563,-7.542830555994897,43.90741209731307,-4.187142399600942,43.213102256953015,approx_rxn_crds,0.0,0.07162649584277758,0.15947037661398614,0.25603494826490575,0.3773826993863954,0.4847407188292172,0.5575683283828431,0.631120178305936,0.6617767542347132,0.6837463687206546,0.7624068759434786,0.8788443051822111,1.0
nimgs,13,RMSF,0.0004440208378695783,AbsF,0.0026087509904275403,RMSF_o,0.0003046615344117924,AbsF_o,0.0015727435988849207,RMSF_CI,0.0010891252919220645,AbsF_CI,0.006767248080959527,energies,-2062.2789515101354,-2062.281329586692,-2062.2818696493655,-2062.282068803391,-2062.281075816364,-2062.274128473853,-2062.262316648691,-2062.254977184598,-2062.204208498953,-2062.2670822296386,-2062.278537640521,-2062.2827692299425,-2062.2828096549856,gradnorms,0.0017704085796644827,0.0016027768469656259,0.002701455753593956,0.00661576148229766,0.0059484980722603435,0.006130284690364321,0.0037712056826069923,0.016227601367237228,0.003969464054336475,0.004745539224383077,0.005014111628590714,orth_gradnorms,0.0016286654614684648,0.0016027752412581771,0.001604059245955325,0.002304489516424164,0.0045393546261702005,0.003209961790030691,0.003521736819535877,0.0,0.003967102612910825,0.0030620462904984054,0.0029887312379186914,projcoords,-33.34677401201248,43.213102256953015,-31.566933137979095,43.89388292156424,-29.00512300445121,44.73876624743485,-25.661793271724296,45.39020608427648,-21.123024630562142,45.73942438376158,-17.0943091860755,45.5223240221679,-15.441885003752265,45.02388297752211,-14.057413664060096,43.8584311101163,-14.053389670237863,43.80060393738841,-13.95896532258977,43.86745599305039,-11.292904809423272,43.981427482369114,-7.550835132706267,43.90892647535676,-4.187142399600942,43.213102256953015,approx_rxn_crds,0.0,0.07158782846721554,0.15947541616368424,0.25612990131496116,0.3776811860660524,0.48502144962883587,0.5578766341466616,0.6313312515940199,0.6616047270613252,0.6837487104382732,0.7621867114191032,0.8786137812068704,1.0
nimgs,13,RMSF,0.0004441061289937581,AbsF,0.0026184000487003613,RMSF_o,0.0003039120447381573,AbsF_o,0.001566132021123692,RMSF_CI,0.0009974604057280396,AbsF_CI,0.007351645732248829,energies,-2062.2789515101354,-2062.2813342017703,-2062.2818748484947,-2062.282073967033,-2062.2810764329433,-2062.2741048732787,-2062.2623226551013,-2062.2549197244184,-2062.2041190511163,-2062.2670982236887,-2062.2785439159125,-2062.2827735758024,-2062.2828096549856,gradnorms,0.0017669863728392557,0.0016006055774435888,0.0027086378311555062,0.0066170322914264335,0.005922762061005316,0.0061275051120213975,0.0035963826408979306,0.014861825323321571,0.003926479725289231,0.00471130024464526,0.0049885703883503,orth_gradnorms,0.0016266342830591313,0.0016006055630666345,0.0016009915533023655,0.0023030988253360915,0.004528187481542471,0.0032032512454954576,0.0034426491241074763,0.0,0.003908351230653505,0.003078572599534641,0.0029806528981714594,projcoords,-33.34677401201248,43.213102256953015,-31.567515338720142,43.89312090376092,-29.00449682242357,44.73864438596586,-25.657665876775315,45.390693063139246,-21.11074186790669,45.739716603457914,-17.083005086907168,45.519826159319656,-15.433726308958748,45.01893519297301,-14.055888923058841,43.854957750034536,-14.05241130578347,43.79794726362634,-13.958136448694244,43.864796147845475,-11.300696281404012,43.981230659083764,-7.5588077501142745,43.91043428375555,-4.187142399600942,43.213102256953015,approx_rxn_crds,0.0,0.07154827912846354,0.15947855303989553,0.2562222357091008,0.37797585180381393,0.48529531546646437,0.5581772991632702,0.6315305222411399,0.6613956848282272,0.6837537942877037,0.7619701722902872,0.8783857551208979,1.0
nimgs,13,RMSF,0.0004441334405535799,AbsF,0.0026263523688311034,RMSF_o,0.0003030841928898933,AbsF_o,0.0015586341180347692,RMSF_CI,0.0009089609016772796,AbsF_CI,0.00757701403013965,energies,-2062.2789515101354,-2062.281338801681,-2062.2818800332634,-2062.2820791089744,-2062.2810769658577,-2062.2740812463653,-2062.2623286200974,-2062.2548645600414,-2062.204023893795,-2062.2671124996205,-2062.278550383076,-2062.2827778978235,-2062.2828096549856,gradnorms,0.0017635103706349032,0.0015984533882630139,0.002715913558846469,0.006617439224502721,0.005896061449499722,0.006121864784727906,0.003443928552907619,0.013543212411119821,0.003923276764182339,0.0046789777596681625,0.004962651038134945,orth_gradnorms,0.0016246101311123788,0.0015984522435351987,0.0015979524981496514,0.002301653312330375,0.0045158527668091005,0.003196559908232827,0.003364738620000263,0.0,0.0038717089412591264,0.00309538382548006,0.0029724620527493396,projcoords,-33.34677401201248,43.213102256953015,-31.568100377779537,43.89236099094924,-29.003870525832795,44.73852507702501,-25.653518524053183,45.39118235222125,-21.09842722589265,45.740000877740584,-17.071737891403867,45.51732633774139,-15.425600184978006,45.013994094987424,-14.054402678421717,43.85153606532345,-14.051552951894312,43.79527928398246,-13.957315301988636,43.86216972791385,-11.308451417914132,43.981032708428366,-7.566747362403285,43.91193553613314,-4.187142399600942,43.213102256953015,approx_rxn_crds,0.0,0.07150744222193899,0.1594788447416994,0.25631042472043736,0.3782643579518292,0.48555937535314597,0.558467045163065,0.6317136467230344,0.6611680662445626,0.683763176628107,0.761758828183163,0.8781609878681284,1.0
nimgs,13,RMSF,0.0004442792194691915,AbsF,0.002632930311343843,RMSF_o,0.00030220321716708636,AbsF_o,0.001550695124245102,RMSF_CI,0.0008435915890709128,AbsF_CI,0.007419103986178961,energies,-2062.2789515101354,-2062.281343386922,-2062.2818852038154,-2062.2820842294177,-2062.281077417732,-2062.2740576114593,-2062.2623345415764,-2062.254812854485,-2062.203951661847,-2062.2671235217954,-2062.2785570571314,-2062.2827821986048,-2062.2828096549856,gradnorms,0.0017602746987943195,0.001596319750602337,0.002723348243342681,0.006619611281425685,0.00587028940065929,0.006114243068174847,0.0033144754892803553,0.012569231589542922,0.003945939902194505,0.004651216596292779,0.004937705638500463,orth_gradnorms,0.0016225927773587548,0.0015963151078649063,0.001594941691964018,0.00230015418756802,0.004502726524172044,0.0031899122591891173,0.0032840728944978446,0.0,0.003845628721878215,0.0031124754313540935,0.00296430956419524,projcoords,-33.34677401201248,43.213102256953015,-31.568687781626686,43.89160334979893,-29.003243909626747,44.738408373593245,-25.64935110374998,45.39167394683642,-21.086083515445416,45.74027736022681,-17.060509122900573,45.51482531929226,-15.417505840691133,45.009058840175044,-14.052951550157243,43.84816947102328,-14.05084227205101,43.7927137902124,-13.956514633334617,43.859609098782066,-11.316165359812032,43.980833920308775,-7.574652967469195,43.913430227784346,-4.187142399600942,43.213102256953015,approx_rxn_crds,0.0,0.07146503301573322,0.15947561816482825,0.25639337317177946,0.37854500191371404,0.48581150187109257,0.5587435106005362,0.6318774471782316,0.6609471526525471,0.6837776608861826,0.7615538285625488,0.8779400388807719,1.0
nimgs,13,RMSF,0.0004446631544035323,AbsF,0.0026382685740524306,RMSF_o,0.00030131360818350247,AbsF_o,0.0015429511343064241,RMSF_CI,0.0008111251249233452,AbsF_CI,0.006923593617674103,energies,-2062.2789515101354,-2062.281347957883,-2062.2818903602943,-2062.2820893285616,-2062.2810777905756,-2062.274033980642,-2062.2623404186515,-2062.254765588002,-2062.2039214741503,-2062.2671300694356,-2062.2785639505555,-2062.2827864801343,-2062.2828096549856,gradnorms,0.0017574739197467168,0.001594203186618762,0.0027309879126599743,0.006625331783108686,0.005846986565681758,0.006105112263131186,0.003204191792675387,0.012085492168653478,0.003971830955657959,0.004629748584791756,0.004914638786637876,orth_gradnorms,0.0016205826931099442,0.0015941939775263444,0.0015919589642514422,0.0022986239678297496,0.00448947164884651,0.0031833304530966694,0.003197997566905223,0.0,0.003815668954221894,0.00312984126982847,0.002956326911018458,projcoords,-33.34677401201248,43.213102256953015,-31.569277184050275,43.89084810037588,-29.00261681291932,44.738294312087376,-25.645163489602105,45.39216784376557,-21.073712898701242,45.740546152603905,-17.04931998337554,45.512323665727834,-15.409442784673251,45.00412886115098,-14.05153207750497,43.844861723186604,-14.050292174074215,43.79036899723231,-13.95574573400898,43.85714050903811,-11.323834670585686,43.98063453073881,-7.5825238689450405,43.9149183414315,-4.187142399600942,43.213102256953015,approx_rxn_crds,0.0,0.07142099686164839,0.1594687211565065,0.2564708252948605,0.378817333888421,0.4860511634617529,0.55900614127003,0.6320209338019911,0.6607593776245403,0.6837971284505342,0.7613555092297175,0.8777230629647956,1.0
nimgs,13,RMSF,0.0004452963534966763,AbsF,0.0026421023390694933,RMSF_o,0.00030045942205208045,AbsF_o,0.0015359661012888466,RMSF_CI,0.0008045804185475621,AbsF_CI,0.0061938566105915974,energies,-2062.2789515101354,-2062.281352514799,-2062.2818955028333,-2062.282094406598,-2062.281078085523,-2062.2740103581846,-2062.262346251401,-2062.254723480014,-2062.203934585845,-2062.267131384069,-2062.2785710725575,-2062.2827907435794,-2062.2828096549856,gradnorms,0.001755121760120895,0.0015921023607931978,0.002738837573616958,0.00663476623711122,0.005826690624318269,0.006094082097454594,0.0031086341508820468,0.011987978239889239,0.003983980280345977,0.00461488794286646,0.004893513578598503,orth_gradnorms,0.0016185808840647558,0.00159208866239751,0.0015890044141823544,0.002297100628592968,0.004476744562131191,0.0031768230090765074,0.0031086341303631555,0.0,0.0037741579336064666,0.003147469464710646,0.0029485635133396308,projcoords,-33.34677401201248,43.213102256953015,-31.569868382324657,43.89009529369342,-29.00198914182623,44.73818290455488,-25.64095552996605,45.392664041982634,-21.06131659439515,45.740807289055034,-17.038171134221592,45.50982167770936,-15.401410732661368,44.99920380283828,-14.05014097647061,43.84161717940583,-14.049885152003334,43.78829736480721,-13.955015125668085,43.85477408307286,-11.331457618877385,43.98043471594856,-7.590359820298229,43.91639985421046,-4.187142399600942,43.213102256953015,approx_rxn_crds,0.0,0.07137554785208787,0.15945861428064137,0.25654351526607677,0.3790823893340442,0.4862797178284345,0.5592565226872988,0.6321456909781238,0.6606209024315479,0.6838204429349724,0.7611632430011844,0.8775097313764283,1.0
nimgs,13,RMSF,0.0004461148464505641,AbsF,0.0026439587263331027,RMSF_o,0.0002996634749124128,AbsF_o,0.0015299638558602358,RMSF_CI,0.0008106955150820824,AbsF_CI,0.0053301405664990045,energies,-2062.2789515101354,-2062.2813570577564,-2062.281900631559,-2062.2820994637186,-2062.281078302899,-2062.2739867417704,-2062.262352040921,-2062.2546869540906,-2062.2039800454663,-2062.267127138175,-2062.278578429097,-2062.282794989382,-2062.2828096549856,gradnorms,0.001753109642998617,0.0015900166678837779,0.0027468729439765584,0.006646961507458991,0.005809034452932496,0.00608024562651516,0.003026395634636419,0.012079091126184664,0.003979027918034596,0.004605977152794472,0.004873797052561339,orth_gradnorms,0.001616588592961255,0.0015899989559244763,0.001586078377387376,0.002295627745875475,0.004464885216849506,0.003170376106374726,0.0030226575010038866,0.0,0.003723340665636088,0.0031653377852098267,0.002940961289926515,projcoords,-33.34677401201248,43.213102256953015,-31.5704613299512,43.88934491558247,-29.001360866113636,44.73807414025673,-25.63672704963391,45.39316254244033,-21.048894944475133,45.741060744503976,-17.0270626744019,45.507319410123394,-15.39340962222089,44.994283550889605,-14.048775302242793,43.83844067367938,-14.049576249724359,43.786443203078505,-13.954324592810256,43.852504740535906,-11.33903410645842,43.98023460033841,-7.598160984529244,43.91787474416503,-4.187142399600942,43.213102256953015,approx_rxn_crds,0.0,0.07132903918534426,0.15944608192132445,0.2566127036624118,0.3793420053414284,0.48649953664873546,0.5594973745559098,0.6322547398740357,0.6605316884454383,0.6838460007273871,0.760975870351879,0.8772994507618138,1.0
nimgs,13,RMSF,0.0004470513830197385,AbsF,0.0026434970577178148,RMSF_o,0.0002989183948873165,AbsF_o,0.0015247350313358494,RMSF_CI,0.000820946143081254,AbsF_CI,0.004384095056941661,energies,-2062.2789515101354,-2062.281361586744,-2062.2819057465927,-2062.2821045001097,-2062.281078442497,-2062.2739631250633,-2062.262357789521,-2062.2546561656804,-2062.204046493076,-2062.2671172972186,-2062.278586023328,-2062.2827992175103,-2062.2828096549856,gradnorms,0.0017513250457127643,0.001587945930177437,0.002755068572767018,0.0066609155880621345,0.005793291639546069,0.006062856527346783,0.002958195542874551,0.012231822043525527,0.003960555828938772,0.004602198350699118,0.004854902516252184,orth_gradnorms,0.0016146070002176524,0.0015879246405288545,0.0015831813099975735,0.002294245104946545,0.0044537837745052405,0.003163955254236183,0.002946966927774416,0.0,0.0036684260648822955,0.003183412704696344,0.002933388375139445,projcoords,-33.34677401201248,43.213102256953015,-31.57105609020132,43.88859690671845,-29.000731999635125,44.73796799301095,-25.632477858356786,45.393663347344045,-21.036447701957776,45.741306458093874,-17.015994266126533,45.504816749660364,-15.385439684872686,44.98936830705056,-14.047432498080834,43.835336903440265,-14.049314913967116,43.784683300726016,-13.953672491769243,43.85031724239781,-11.34656537045657,43.98003427217838,-7.60592778001378,43.91934299473046,-4.187142399600942,43.213102256953015,approx_rxn_crds,0.0,0.07128175514812717,0.15943176414823682,0.2566794233034389,0.3795977000487558,0.4867125740254018,0.559730909696867,0.6323506701952731,0.6604827153292709,0.6838725981622003,0.7607924079152468,0.8770917263051762,1.0
nimgs,13,RMSF,0.00044806105969238854,AbsF,0.0026405930961470765,RMSF_o,0.00029819656634759944,AbsF_o,0.0015198036273655967,RMSF_CI,0.0008318799925167252,AbsF_CI,0.004457044113376759,energies,-2062.2789515101354,-2062.2813661016958,-2062.2819108480535,-2062.2821095159534,-2062.2810785038273,-2062.2739394996843,-2062.2623635008194,-2062.254631059168,-2062.20412632181,-2062.267101970568,-2062.2785938560783,-2062.282803427638,-2062.2828096549856,gradnorms,0.0017496928300259965,0.001585890061205873,0.0027634081073141335,0.006675959431663129,0.005778711631592677,0.006041546703359717,0.0029047464345544277,0.012394732730995742,0.003930961792005543,0.004602897831302207,0.004836421988064003,orth_gradnorms,0.0016126370419935485,0.0015858654993527249,0.0015803136492599287,0.002292983757620656,0.004443028771490526,0.003157520613339344,0.002886234440719795,0.0,0.0036119029022954065,0.0032016536948254507,0.002925724844544004,projcoords,-33.34677401201248,43.213102256953015,-31.571652792623617,43.88785118137658,-29.00010258207142,44.73786442802774,-25.62820775862439,45.394166459577306,-21.023974298100022,45.74154435596612,-17.004965290954054,45.50231351047738,-15.377501494583548,44.98445863832322,-14.046110391151071,43.83230961189569,-14.04906037499915,43.782896163243876,-13.953055078855197,43.84819102339351,-11.354053671243811,43.97983379656143,-7.613660735202384,43.92080459677209,-4.187142399600942,43.213102256953015,approx_rxn_crds,0.0,0.07123382565306235,0.1594159614983064,0.2567441631509509,0.3798501978326448,0.4869197625186677,0.5599581452528535,0.6324348441646567,0.6604661268295319,0.6838997645366278,0.7606123515440888,0.8768863178677506,1.0
nimgs,13,RMSF,0.0004491061400207094,AbsF,0.002635224881484418,RMSF_o,0.00029747196081002735,AbsF_o,0.001514737439755747,RMSF_CI,0.0008418953066268775,AbsF_CI,0.004478336608323283,energies,-2062.2789515101354,-2062.281370602517,-2062.2819159360547,-2062.2821145114294,-2062.281078486284,-2062.273915856162,-2062.262369179679,-2062.2546114144125,-2062.204213238589,-2062.2670813114137,-2062.2786019262085,-2062.2828076192563,-2062.2828096549856,gradnorms,0.0017481498449896942,0.001583849063238755,0.002771877818961855,0.006691530777853063,0.00576463363699369,0.006016159191179965,0.0028658412204932418,0.012543957550355502,0.003889786433439557,0.0046074907331950625,0.004818065822333192,orth_gradnorms,0.0016106793500555016,0.0015838213273151392,0.0015774757025937389,0.002291865193691292,0.004432232392139661,0.0031510451525355284,0.0028429093911927364,0.0,0.0035534647956825716,0.0032200187963175595,0.0029179450132759788,projcoords,-33.34677401201248,43.213102256953015,-31.572251605358,43.88710763955826,-28.999472667445588,44.73776340624559,-25.62391655030582,45.39467188243622,-21.011474012984436,45.74177436706826,-16.993974981522378,45.49980951789548,-15.369595970852163,44.979555480774714,-14.04480726507731,43.82936118071814,-14.048782881241621,43.780999780223176,-13.952467457575564,43.84610342796485,-11.361502047017286,43.979633222112994,-7.62136039612259,43.92225954947583,-4.187142399600942,43.213102256953015,approx_rxn_crds,0.0,0.07118527522743899,0.15939874141020233,0.25680703800079846,0.38009967467141653,0.4871213300752612,0.5601792720513469,0.6325077893217104,0.660478820941247,0.683927517866632,0.7604355256496319,0.8766831628195121,1.0
nimgs,13,RMSF,0.00045014242530301915,AbsF,0.0026273971603420847,RMSF_o,0.00029673793791724196,AbsF_o,0.001509384788083654,RMSF_CI,0.0008495422582006711,AbsF_CI,0.004385773433359532,energies,-2062.2789515101354,-2062.281375089109,-2062.2819210107123,-2062.2821194867165,-2062.281078389266,-2062.273892184626,-2062.262374832083,-2062.2545968608697,-2062.2043001227185,-2062.267055475717,-2062.278610230922,-2062.282811791785,-2062.2828096549856,gradnorms,0.0017466223627061472,0.0015818231101004945,0.002780460495049703,0.006706971080808825,0.00575057363907727,0.005986623399385373,0.0028396293127373688,0.012657894562684999,0.003835333281594021,0.004615353832283526,0.004797896866398152,orth_gradnorms,0.0016087342395798704,0.001581791940010284,0.0015746675843604778,0.002290901497010942,0.00442129569735634,0.0031445208664839424,0.002816771988071952,0.0,0.0034917854214922203,0.0032384658993266802,0.0029104736473351397,projcoords,-33.34677401201248,43.213102256953015,-31.57285271296974,43.88636617662014,-28.998842315202808,44.737664887637884,-25.619604034053552,45.39517961944144,-20.99894610603472,45.741996434392114,-16.98302252788038,45.49730466725536,-15.36172435908004,44.97466011981371,-14.043521502140866,43.82649168075918,-14.048459572121146,43.778953372155804,-13.95190424155002,43.84403182553038,-11.368914108274165,43.97943258391469,-7.629027265029514,43.923707861872884,-4.187142399600942,43.213102256953015,approx_rxn_crds,0.0,0.07113609270854503,0.15938009194407865,0.2568680349283057,0.38034611872210844,0.48731726368934786,0.560394192319271,0.632569825772927,0.660521009046438,0.6839560427070951,0.7602618591037171,0.876482260375557,1.0
nimgs,13,RMSF,0.00045111941605126656,AbsF,0.002617143711543896,RMSF_o,0.00029600902701492244,AbsF_o,0.001503894202612563,RMSF_CI,0.0008533090784240156,AbsF_CI,0.004179611638917968,energies,-2062.2789515101354,-2062.28137956139,-2062.2819260721367,-2062.2821244419883,-2062.281078212303,-2062.2738684758287,-2062.26238046502,-2062.254586887001,-2062.2043790904486,-2062.267024627772,-2062.278618766061,-2062.282815946401,-2062.2828096549856,gradnorms,0.001745026343772111,0.0015798125599271766,0.0027891350240442504,0.006721527915104774,0.005736249168167616,0.0059529399699032,0.002822710711593246,0.012714018919964966,0.003766430871522195,0.004625819207709425,0.004775621939466409,orth_gradnorms,0.001606801689054485,0.0015797771791630855,0.0015718891941842597,0.0022900942988945115,0.0044104351695155065,0.003137949468729012,0.0028046608285597005,0.0,0.0034259851740178,0.0032569482078699014,0.0029032256779473833,projcoords,-33.34677401201248,43.213102256953015,-31.57345629168683,43.88562669366281,-28.998211580360575,44.737568834736656,-25.615270015156224,45.395689674043865,-20.986389952388407,45.74221052419611,-16.972107159635826,45.49479895167318,-15.353888204290898,44.969774162353175,-14.042251826696141,43.82369968211579,-14.048071313436058,43.776745824833945,-13.951360092772674,43.841955306475505,-11.376293843834212,43.97923190491844,-7.636661281486792,43.92514966290859,-4.187142399600942,43.213102256953015,approx_rxn_crds,0.0,0.07108627379919949,0.1593600151200354,0.25692716287117867,0.380589548145517,0.487507590960766,0.5606028480789641,0.6326213938793737,0.6605940175927724,0.6839854893566555,0.7600912426524157,0.8762836088824287,1.0
nimgs,13,RMSF,0.00045198785571816993,AbsF,0.0026045789441577613,RMSF_o,0.000295307183767509,AbsF_o,0.0014985343087235037,RMSF_CI,0.0008519881352232257,AbsF_CI,0.0039010884574343465,energies,-2062.2789515101354,-2062.2813840193185,-2062.2819311204426,-2062.2821293774186,-2062.28107795519,-2062.273844722481,-2062.262386086343,-2062.254580836533,-2062.204442682416,-2062.266989239926,-2062.2786275264098,-2062.282820085861,-2062.2828096549856,gradnorms,0.0017432800562813433,0.0015778179130725863,0.0027978792909220443,0.006734467374715646,0.005721488334664851,0.0059152469842976745,0.0028117638720440586,0.012694337309547717,0.0036851829020809164,0.004638092310154541,0.004752425971205402,orth_gradnorms,0.0016048813137546636,0.0015777769101492222,0.0015691402197829305,0.0022894328901732226,0.004399977940649567,0.0031313265947267616,0.002801677232468123,0.0,0.0033581172348646797,0.0032754012902796365,0.002895714368102665,projcoords,-33.34677401201248,43.213102256953015,-31.574062482418668,43.88488910848837,-28.997580502693133,44.73747521640124,-25.610914307957227,45.39620204921718,-20.97380518397086,45.74241663341441,-16.96122820357823,45.492292461267034,-15.34608932086547,44.964899503689765,-14.04099713900299,43.820982258824344,-14.047601512013555,43.77438528736617,-13.950834648094329,43.83987323404499,-11.383645436427166,43.97903119636052,-7.644261833963547,43.926585177745324,-4.187142399600942,43.213102256953015,approx_rxn_crds,0.0,0.07103581533697817,0.15933851221737,0.2569844282548661,0.38082997154633713,0.4876923329793859,0.5608051715389315,0.6326629981845971,0.6606986260886887,0.6840159612869489,0.7599235573878654,0.8760872182564452,1.0
nimgs,13,RMSF,0.00045270897308858206,AbsF,0.00258994350870711,RMSF_o,0.00029464353304510136,AbsF_o,0.0014934563398002264,RMSF_CI,0.0008450344180765002,AbsF_CI,0.0038704184626646605,energies,-2062.2789515101354,-2062.281388462916,-2062.2819361557417,-2062.282134293177,-2062.281077618094,-2062.273820920507,-2062.262391704608,-2062.254577911938,-2062.2044852507497,-2062.2669498794216,-2062.278636506004,-2062.282824212819,-2062.2828096549856,gradnorms,0.0017413196518064932,0.0015758397470538273,0.00280667410573762,0.006745211781546367,0.0057060987856009816,0.005873891051290135,0.002805173821047465,0.012590729257549916,0.003595538836364836,0.004651427069708667,0.004728094902549123,orth_gradnorms,0.0016029723685297387,0.0015757910128500624,0.0015664201582706282,0.0022888935101705167,0.004390089767589786,0.003124633027572421,0.002802702730259475,0.0,0.0032916060333455397,0.003293746250526785,0.0028879644828267983,projcoords,-33.34677401201248,43.213102256953015,-31.574671366040818,43.88415336530451,-28.996949096716186,44.73738401121228,-25.606536740037384,45.3967167470341,-20.961191811471014,45.74261479433186,-16.95038512459753,45.48978536660726,-15.338329752227533,44.96003828292237,-14.039756506703071,43.81833524916174,-14.047036273205963,43.77189265945509,-13.950326682310056,43.83778401191339,-11.39097307133499,43.97883046460085,-7.651828192576001,43.9280146028035,-4.187142399600942,43.213102256953015,approx_rxn_crds,0.0,0.07098476196834812,0.15931568689717746,0.25704000075003336,0.38106763063661003,0.48787181857674033,0.5610014506773524,0.6326956072904513,0.6608346106044055,0.68404739974562,0.7597585328480633,0.875893023970381,1.0
nimgs,13,RMSF,0.00045326274220030096,AbsF,0.0025736241220961236,RMSF_o,0.00029400797058562684,AbsF_o,0.0014885603682022552,RMSF_CI,0.0008326055592126548,AbsF_CI,0.003868620994415756,energies,-2062.2789515101354,-2062.281392892274,-2062.28194117815,-2062.2821391894313,-2062.281077201623,-2062.273797069748,-2062.262397328831,-2062.254577189159,-2062.204504136886,-2062.266907204225,-2062.27864569839,-2062.2828283299473,-2062.2828096549856,gradnorms,0.0017391130391251073,0.0015738786264989364,0.002815507065937504,0.006753462755480325,0.005689814171716562,0.005829481080264942,0.0028034135891404537,0.012405543431283595,0.003503402773847413,0.004665199182645021,0.004702630429750884,orth_gradnorms,0.0016010738139795046,0.0015738193728761895,0.0015637283585377751,0.002288441649930652,0.004380620100222011,0.0031178401404368668,0.0028031386941022303,0.0,0.0032312670903231365,0.0033118914984469434,0.0028801299158313478,projcoords,-33.34677401201248,43.213102256953015,-31.575282946000584,43.883419441182085,-28.996317344608688,44.73729520973961,-25.60213715513798,45.397233768343575,-20.94855030081975,45.74280507549586,-16.939577560615717,45.4872779016085,-15.330611714122,44.95519282073961,-14.038529211884395,43.8157534464897,-14.046365295888677,43.769298032712236,-13.94983433335255,43.8356853293308,-11.398280776162409,43.97862971459939,-7.659359483947824,43.92943810135132,-4.187142399600942,43.213102256953015,approx_rxn_crds,0.0,0.07093321972003426,0.15929177494539937,0.25709426117429124,0.3813030697839328,0.48804677487817527,0.5611924369116157,0.6327207596092643,0.661000371448853,0.6840795172603192,0.7595957057824344,0.8757008641411703,1.0
nimgs,13,RMSF,0.00045365371814319627,AbsF,0.0025561455927939534,RMSF_o,0.00029337246297307895,AbsF_o,0.0014835425133530847,RMSF_CI,0.0008151725855278724,AbsF_CI,0.003970290584831541,energies,-2062.2789515101354,-2062.2813973075663,-2062.2819461877843,-2062.2821440663474,-2062.281076706828,-2062.2737731738753,-2062.2624029681792,-2062.2545776450397,-2062.204500451152,-2062.26686195713,-2062.2786550967908,-2062.2828324400675,-2062.2828096549856,gradnorms,0.0017366694054316443,0.0015719349632759777,0.0028243757065958314,0.006759288165828006,0.005672372471284344,0.005782910146533287,0.002808806776467541,0.012145797973437381,0.0034166118008574207,0.004678962317172457,0.004676202221512753,orth_gradnorms,0.0015991844569537166,0.0015718618754072655,0.0015610640823831374,0.0022880376976505564,0.004371151250055037,0.0031109261327827123,0.0027995730429423243,0.0,0.00318320048062948,0.003329739777194334,0.002872360558874688,projcoords,-33.34677401201248,43.213102256953015,-31.575897142313615,43.88268734773188,-28.995685193860815,44.73720881507003,-25.597715414000607,45.39775311263604,-20.9358815839637,45.74298757811758,-16.92880535337943,45.48477035357539,-15.322937516829755,44.95036553600855,-14.03731482898787,43.813230746385685,-14.045583116257955,43.76663884309323,-13.949355314589845,43.833574485597424,-11.405572306156667,43.97842895024267,-7.666854703692506,43.93085580445163,-4.187142399600942,43.213102256953015,approx_rxn_crds,0.0,0.07088136490839941,0.1592671645089074,0.25714783447388095,0.3815371851764638,0.48821838903564574,0.5613794187529575,0.63274062651231,0.6611927379038541,0.6841117485646483,0.7594343914486826,0.8755104624129735,1.0
nimgs,13,RMSF,0.00045391305074047813,AbsF,0.0025381417065318615,RMSF_o,0.00029270520241516144,AbsF_o,0.0014780790720448232,RMSF_CI,0.000792878449444873,AbsF_CI,0.003954489110735543,energies,-2062.2789515101354,-2062.2814017090263,-2062.281951184762,-2062.282148924088,-2062.2810761351293,-2062.2737492395004,-2062.262408631593,-2062.254578197034,-2062.204479278081,-2062.2668149569568,-2062.2786646941777,-2062.282836546187,-2062.2828096549856,gradnorms,0.0017340419264950213,0.0015700088218925299,0.00283328925223669,0.006763152134502164,0.005653683849170463,0.005735331371357715,0.002824761220921809,0.011813622827138655,0.0033442692560841044,0.004692473264480483,0.004649086573202796,orth_gradnorms,0.0015973031430901088,0.001569918400464717,0.0015584265784379671,0.0022876445235552713,0.004361209291657526,0.0031038921378653797,0.0027904312478151403,0.0,0.0031540221198264337,0.003347196371125924,0.002864693732657226,projcoords,-33.34677401201248,43.213102256953015,-31.576513799328726,43.88195712718251,-28.99505256067649,44.73712484127219,-25.593271392703947,45.3982747781345,-20.923186993696085,45.74316242767548,-16.91806856315854,45.48226305651551,-15.315309464760597,44.94555884161352,-14.03611329187471,43.81076032633771,-14.044690370956122,43.763958491056115,-13.948887075800213,43.831448750487674,-11.412851083892058,43.978228172363494,-7.67431275986714,43.93226781373941,-4.187142399600942,43.213102256953015,approx_rxn_crds,0.0,0.07082944426321561,0.15924239765055553,0.25720159298753076,0.38177123184893214,0.4883883134502065,0.5615642294706448,0.6327579958905148,0.6614068798076175,0.6841432382999701,0.7592736815004827,0.8753214242717497,1.0
nimgs,13,RMSF,0.0004540950128657703,AbsF,0.002520309880639616,RMSF_o,0.0002919867610989264,AbsF_o,0.0014720235825186057,RMSF_CI,0.0007652288236686609,AbsF_CI,0.004111343482598947,energies,-2062.2789515101354,-2062.2814060969345,-2062.2819561692013,-2062.2821537628115,-2062.2810754881807,-2062.273725274737,-2062.262414327384,-2062.2545777537084,-2062.2044490804196,-2062.266767085862,-2062.278674483237,-2062.2828406513945,-2062.2828096549856,gradnorms,0.0017313211071720374,0.0015680997312015222,0.0028422680224426044,0.006765863309107214,0.005633976943106842,0.005688074767189846,0.002854166684902319,0.011401652681575492,0.0032946543770187653,0.004705669025834521,0.004621624305369535,orth_gradnorms,0.001595428950562749,0.0015679888208415405,0.0015558151598544815,0.002287234609126932,0.004350504757136029,0.0030967676694537375,0.0027760560340162215,0.0,0.0031487543865379853,0.0033641738970861938,0.0028570381452018762,projcoords,-33.34677401201248,43.213102256953015,-31.577132707333906,43.88122884296549,-28.99441933911554,44.737043309864234,-25.588804978537745,45.398798762100064,-20.91046812518323,45.743329761137474,-16.907367448449396,45.47975637669021,-15.307729736644552,44.940775024856784,-14.034924914677209,43.80833491640307,-14.043694739111851,43.76130438692684,-13.948426909890799,43.82930572618646,-11.420120193715801,43.97802737563438,-7.681732537498837,43.93367420317528,-4.187142399600942,43.213102256953015,approx_rxn_crds,0.0,0.07077776207611167,0.15921814368870166,0.2572566145058137,0.38200676540875844,0.4885585859142805,0.5617491558802947,0.6327761390984367,0.6616363378902537,0.6841728850521257,0.7591124832867857,0.8751332548729568,1.0
nimgs,13,RMSF,0.0004542670863820816,AbsF,0.002503350712278847,RMSF_o,0.00029121886095242756,AbsF_o,0.0014654972600148457,RMSF_CI,0.000731825802294752,AbsF_CI,0.004148367445085613,energies,-2062.2789515101354,-2062.28141047158,-2062.2819611412197,-2062.2821585826778,-2062.2810747676763,-2062.2737012875687,-2062.262420062834,-2062.25457527259,-2062.2044201631147,-2062.266719270021,-2062.278684456257,-2062.282844758637,-2062.2828096549856,gradnorms,0.0017286176686883458,0.0015662066222652377,0.002851339795866659,0.006768427146756812,0.005613812411165417,0.005642504589144392,0.0028975019148495765,0.010903958872298048,0.003272220061160994,0.004718587676844362,0.004594194920602102,orth_gradnorms,0.0015935613307280242,0.00156607300254446,0.0015532292746487087,0.0022867945375586868,0.004339063302640711,0.0030896024279481005,0.002758189090461205,0.0,0.0031681526118436665,0.003380591655528444,0.002849249807483802,projcoords,-33.34677401201248,43.213102256953015,-31.577753635088904,43.88050256608505,-28.993785414678783,44.736964244806686,-25.584316063948734,45.39932506129947,-20.897726642983674,45.7434897112619,-16.896702399162542,45.477250681818745,-15.300200255966757,44.93601612301058,-14.0337503544729,43.80594716658639,-14.042611370851507,43.75872523808364,-13.94797202987781,43.82714369455287,-11.427382419605106,43.97782654568196,-7.689112974694902,43.93507501935883,-4.187142399600942,43.213102256953015,approx_rxn_crds,0.0,0.07072665384429624,0.15919514276761496,0.25731409241046926,0.38224551379791744,0.48873146016975705,0.5619367432002227,0.6327985571018359,0.6618732010465692,0.684199444752437,0.7589496034552168,0.8749454001715582,1.0
nimgs,13,RMSF,0.0004544948989632911,AbsF,0.002487895630320944,RMSF_o,0.00029042153109627434,AbsF_o,0.0014588282483599415,RMSF_CI,0.0006942206406067518,AbsF_CI,0.003953842184968482,energies,-2062.2789515101354,-2062.2814148332277,-2062.2819661009316,-2062.2821633838385,-2062.281073975144,-2062.2736772844123,-2062.262425843851,-2062.254569819854,-2062.2044023865074,-2062.2666724499877,-2062.2786946049837,-2062.282848870452,-2062.2828096549856,gradnorms,0.0017260376807352467,0.0015643280003741213,0.0028605333741304096,0.006771821477768798,0.005593928180994345,0.005599840727470932,0.002951442087435885,0.010343654582470727,0.0032753021578781115,0.004731247621836945,0.004567182204263742,orth_gradnorms,0.0015917001639901103,0.001564170804594002,0.001550668561032003,0.002286325859576006,0.004327183355347396,0.0030824503283692164,0.0027389299187989377,0.0,0.0032071769019727026,0.0033963712111145846,0.0028412400653283505,projcoords,-33.34677401201248,43.213102256953015,-31.57837636713144,43.879778359812086,-28.993150679739472,44.73688766698403,-25.57980453961043,45.39985367254698,-20.884964069448653,45.74364239065426,-16.886073831105357,45.47474629583108,-15.2927225677291,44.93128380910714,-14.032590530891724,43.803590076151536,-14.041462980170833,43.756268492810776,-13.947519650731849,43.82496194704758,-11.434640302435827,43.97762565791546,-7.696453140471662,43.936470282318076,-4.187142399600942,43.213102256953015,approx_rxn_crds,0.0,0.07067645125068864,0.15917412996733565,0.2573752142598947,0.38248920234239236,0.48890917792420346,0.5621295319917007,0.632828649511072,0.6621084134631299,0.6842216724598694,0.7587838609192608,0.874757303730146,1.0
nimgs,13,RMSF,0.0004548258195099628,AbsF,0.0024744328178164516,RMSF_o,0.0002896216945163735,AbsF_o,0.0014523868116806033,RMSF_CI,0.0006576800203176831,AbsF_CI,0.00354203209029553,energies,-2062.2789515101354,-2062.2814191820885,-2062.281971048451,-2062.282168166445,-2062.281073111776,-2062.2736532691447,-2062.2624316747133,-2062.2545606250633,-2062.204402702683,-2062.2666275385827,-2062.2787049205003,-2062.282852988781,-2062.2828096549856,gradnorms,0.0017236563782421002,0.001562462354211546,0.0028698708623108595,0.006776752082865792,0.005574982045147358,0.005560987356581963,0.0030087427628556914,0.0097992116022548,0.0032957026882348955,0.004743522407520287,0.004540910570367632,orth_gradnorms,0.0015898457277227246,0.0015622820772102529,0.0015481328803688293,0.002285842752704857,0.004315266058711433,0.0030753552632416803,0.002719579758451494,0.0,0.0032554314722954996,0.003411431894506679,0.002833039875230105,projcoords,-33.34677401201248,43.213102256953015,-31.579000737443053,43.87905626611331,-28.992515047357095,44.736813589406886,-25.575270288099475,45.40038459320852,-20.872181601777328,45.743787879102214,-16.87548206991898,45.47224345263727,-15.285297741056644,44.926579304767415,-14.031446536685223,43.801257440211884,-14.040279785742939,43.75397855130699,-13.947067106240741,43.82276109519247,-11.441896184777182,43.977424679618636,-7.703752301624114,43.937859989313274,-4.187142399600942,43.213102256953015,approx_rxn_crds,0.0,0.07062744374479474,0.15915575111470576,0.2574410265517719,0.3827393571615892,0.48909371518667955,0.5623297654517637,0.6328693536347365,0.6623322144495218,0.684238479808624,0.7586142130448006,0.8745684708542963,1.0
nimgs,13,RMSF,0.0004552763293511973,AbsF,0.0024632483573054356,RMSF_o,0.0002888405004857916,AbsF_o,0.0014464159122476133,RMSF_CI,0.0006305186852812298,AbsF_CI,0.0035507061671834423,energies,-2062.2789515101354,-2062.2814235182996,-2062.2819759838835,-2062.2821729306447,-2062.2810721783253,-2062.273629242739,-2062.2624375579535,-2062.254547124332,-2062.204423299944,-2062.2665857254387,-2062.2787153931968,-2062.2828571149194,-2062.2828096549856,gradnorms,0.001721498644579279,0.0015606086584894255,0.002879361028265384,0.006783464528320684,0.005557314776345186,0.005526415409651176,0.003059804000037843,0.009394516824856244,0.0033216497451736236,0.004754887736613781,0.004515558356742888,orth_gradnorms,0.0015879985938262058,0.0015604066607888606,0.0015456223171781218,0.002285367749516043,0.004303626529804362,0.003068345012634338,0.0027000563005671226,0.0,0.003300555815027133,0.003425683713194819,0.0028247794053378144,projcoords,-33.34677401201248,43.213102256953015,-31.57962665102833,43.8783362972044,-28.99187846003592,44.736742014314665,-25.570713179789173,45.4009178215519,-20.859380003878506,45.74392621759999,-16.86492726201164,45.4697422675764,-15.277926315200729,44.92190333432375,-14.030319576692643,43.79894427290207,-14.039098081978404,43.75189348873247,-13.946615534216452,43.82056043807492,-11.449152213403636,43.97722357659429,-7.711009963033967,43.93924412275766,-4.187142399600942,43.213102256953015,approx_rxn_crds,0.0,0.0705798078406168,0.15914040453136363,0.2575121789692484,0.3829969270628232,0.48928629896603465,0.5625388330830472,0.6329224943533279,0.6625346815591066,0.6842492357226384,0.7584399956911384,0.8743785924619493,1.0
nimgs,13,RMSF,0.00045582902200696005,AbsF,0.0024544067809341348,RMSF_o,0.00028808586803870433,AbsF_o,0.001440945218365596,RMSF_CI,0.000619492168006828,AbsF_CI,0.004000681583589641,energies,-2062.2789515101354,-2062.2814278419232,-2062.2819809073344,-2062.282177676581,-2062.2810711751094,-2062.273605203545,-2062.2624434944014,-2062.2545289863056,-2062.204461243334,-2062.2665478955123,-2062.278726012938,-2062.2828612496182,-2062.2828096549856,gradnorms,0.0017195349646234935,0.0015587667071070045,0.0028889967922821756,0.006791699463422127,0.0055408511715616705,0.005496142789040934,0.0030954649552389496,0.009230225417682906,0.0033390151263824617,0.004764678523724386,0.004491093991048439,orth_gradnorms,0.001586159486300667,0.0015585443874208504,0.0015431371367929782,0.0022849269177989983,0.004292382759577978,0.003061433484737253,0.002679121538066924,0.0,0.0033294790033626936,0.003439035968060566,0.002816602218502074,projcoords,-33.34677401201248,43.213102256953015,-31.5802540876664,43.87761843449142,-28.991240891094648,44.73667293294208,-25.566133072206114,45.40145335685032,-20.846559602965154,45.74405741115193,-16.854409342659835,45.46724274064826,-15.270608298899509,44.917256127723945,-14.029210954281325,43.796647156567786,-14.037953711747178,43.750034978311554,-13.946165261964538,43.81837474345017,-11.456410245194935,43.97702233379532,-7.718225867144334,43.940622660888074,-4.187142399600942,43.213102256953015,approx_rxn_crds,0.0,0.07053359775198814,0.15912821924357134,0.2575888884187182,0.38326222902975493,0.48948733978225123,0.5627571932136105,0.6329886845170634,0.6627076956096788,0.6842538003504968,0.7582609595149364,0.8741875633835188,1.0
nimgs,13,RMSF,0.000456444009878826,AbsF,0.0024477943673961887,RMSF_o,0.000287352737752129,AbsF_o,0.0014358192566612596,RMSF_CI,0.0006246621304887545,AbsF_CI,0.0042808510824478285,energies,-2062.2789515101354,-2062.2814321529668,-2062.2819858189036,-2062.282182404395,-2062.281070102115,-2062.2735811480957,-2062.262449483368,-2062.2545061154206,-2062.2045102923767,-2062.266514511877,-2062.2787367693113,-2062.2828653932734,-2062.2828096549856,gradnorms,0.00171770008831152,0.0015569370190135117,0.002898759752994228,0.006800862576338836,0.005525200523381671,0.005469843332321769,0.0031099033995726903,0.009307256123757336,0.003336752054020029,0.0047722495019439995,0.004467299469109427,orth_gradnorms,0.0015843291335293946,0.0015566950846531698,0.0015406777012618848,0.0022845455379642676,0.00428145936432765,0.0030546269034005037,0.002655296890037746,0.0,0.0033332075823107464,0.0034514024629139473,0.0028085750816352942,projcoords,-33.34677401201248,43.213102256953015,-31.580883087682178,43.87690263487821,-28.990602338594428,44.73660632790867,-25.561529813063792,45.40199119921317,-20.83372038875474,45.744181439870935,-16.84392806867926,45.46474479291486,-15.26334322074478,44.91263746917974,-14.028122080329393,43.79436443522841,-14.03686835479035,43.748391420776414,-13.9457152286029,43.8162102218981,-11.463671724170473,43.976820975608874,-7.725399948615758,43.941995587942905,-4.187142399600942,43.213102256953015,approx_rxn_crds,0.0,0.07048872455887363,0.15911900588802216,0.2576708582370418,0.38353482437789505,0.48969627708447605,0.5629841961240228,0.6330671292743552,0.6628470792887172,0.6842526171808117,0.7580773489745026,0.8739955238344614,1.0
nimgs,13,RMSF,0.00045707955695060927,AbsF,0.002443207517624194,RMSF_o,0.00028662955859938625,AbsF_o,0.0014308085261810883,RMSF_CI,0.0006400177736456874,AbsF_CI,0.0043965025686162435,energies,-2062.2789515101354,-2062.281436451404,-2062.2819907186895,-2062.2821871142255,-2062.2810689591543,-2062.273557072119,-2062.2624555229427,-2062.254478629434,-2062.204564047356,-2062.2664856517767,-2062.278747651883,-2062.2828695461076,-2062.2828096549856,gradnorms,0.001715926115692021,0.0015551203693587843,0.002908629861917301,0.0068103320144351776,0.00550989479655735,0.005447036946537599,0.003101821577268501,0.009536050053837222,0.0033106113500926374,0.0047771419328930895,0.0044438813456297984,orth_gradnorms,0.0015825081449948495,0.0015548585812925446,0.0015382443643374905,0.0022842449095722183,0.0042706842376320844,0.0030479292065529765,0.0026279085668336976,0.0,0.003309647998356953,0.0034627062805681046,0.002800652274025299,projcoords,-33.34677401201248,43.213102256953015,-31.581513727205316,43.87618884132263,-28.98996281492054,44.736542177103075,-25.556903245561415,45.40253134923477,-20.820862170040662,45.744298274468534,-16.83348309305868,45.462248322046605,-15.256130213548886,44.90804677576303,-14.027054431409104,43.792096159312166,-14.035837784974499,43.74691035912369,-13.945263292928873,43.81406538222966,-11.470937571949648,43.97661958096323,-7.732532259737825,43.94336290049425,-4.187142399600942,43.213102256953015,approx_rxn_crds,0.0,0.07044500289295876,0.15911235920437183,0.25775744247171056,0.3838137581667067,0.4899118890927501,0.5632184413167896,0.6331560503781671,0.6629531919405631,0.6842465134937952,0.7578897512081838,0.8738027820994608,1.0
nimgs,13,RMSF,0.00045770480376634116,AbsF,0.0024404162739685292,RMSF_o,0.00028590693126158103,AbsF_o,0.001425736731339293,RMSF_CI,0.0006583507432279991,AbsF_CI,0.004362368015680663,energies,-2062.2789515101354,-2062.2814407372034,-2062.2819956067888,-2062.282191806208,-2062.2810677460193,-2062.2735329713787,-2062.2624616103035,-2062.254446818436,-2062.2046178409482,-2062.266461111685,-2062.2787586503537,-2062.282873708271,-2062.2828096549856,gradnorms,0.0017141627978838581,0.0015533174176993701,0.0029185917634239815,0.006819647982172852,0.005494585050152807,0.005427220381329942,0.0030731159622210953,0.009809205148541174,0.003262084731243488,0.004779144793685008,0.00442057348136178,orth_gradnorms,0.001580696929483774,0.001553034714787762,0.0015358373807461937,0.002284040443026483,0.0042599173327939124,0.0030413440816609697,0.002597488073092981,0.0,0.003261951225938014,0.0034728827120442903,0.002792714018368066,projcoords,-33.34677401201248,43.213102256953015,-31.582146094543404,43.8754769928517,-28.98932233686253,44.73648045734212,-25.55225321349153,45.403073807632374,-20.807984720381846,45.74440789035039,-16.82307404156795,45.459753254546264,-15.248968108055168,44.903483183459755,-14.0260093950921,43.789843769224284,-14.034835940850819,43.74551445314718,-13.944806707902284,43.811933582772305,-11.478208132382782,43.97641829051593,-7.739622896212701,43.94472460835791,-4.187142399600942,43.213102256953015,approx_rxn_crds,0.0,0.07040224941994541,0.15910787808453772,0.25784800108273714,0.3840980838468435,0.49013296559391645,0.5634585514012002,0.6332535936582784,0.6630287515468372,0.6842362746340322,0.7576987641886922,0.8736096433105883,1.0
nimgs,13,RMSF,0.0004582969475369338,AbsF,0.002439168031985277,RMSF_o,0.00028518336897559134,AbsF_o,0.0014205556876738142,RMSF_CI,0.0006739498634655008,AbsF_CI,0.004189904481358638,energies,-2062.2789515101354,-2062.2814450103433,-2062.282000483298,-2062.282196480476,-2062.2810664625754,-2062.273508842203,-2062.262467742019,-2062.2544111024154,-2062.204668294408,-2062.266440516967,-2062.2787697546164,-2062.282877879865,-2062.2828096549856,gradnorms,0.0017123729626592125,0.0015515287333426734,0.0029286334188480126,0.006828470725646481,0.00547908398958825,0.005409873452256973,0.0030267351828964176,0.010041626805416896,0.003195147523284946,0.004778215900894938,0.004397169026569515,orth_gradnorms,0.0015788956538591596,0.00155122333757168,0.0015334568531641694,0.0022839405930598624,0.004249136497541536,0.0030348735931962903,0.002565346387402733,0.0,0.0031951471180266407,0.0034818792629490885,0.002784648802421619,projcoords,-33.34677401201248,43.213102256953015,-31.582780274018045,43.87476703140151,-28.988680918848488,44.736421146868146,-25.547579564702247,45.40361857497589,-20.795087875682167,45.744510276872035,-16.812700564155087,45.45725957834379,-15.24185552023663,44.898945626583746,-14.024988029905872,43.78760963658229,-14.033831564109464,43.74412781146921,-13.944342481097419,43.80980572806404,-11.48548318113071,43.97621730603108,-7.746671943554208,43.94608073115137,-4.187142399600942,43.213102256953015,approx_rxn_crds,0.0,0.07036033569488641,0.1591052838349968,0.2579420911736343,0.38438714593770745,0.4903586701158671,0.5637035878375107,0.6333583365177565,0.6630759873400475,0.6842224216034013,0.7575048168748808,0.8734163171613395,1.0
nimgs,13,RMSF,0.00045883366245495267,AbsF,0.0024391703130086087,RMSF_o,0.0002844648280382765,AbsF_o,0.0014153323997355615,RMSF_CI,0.0006824757537032653,AbsF_CI,0.0038849536974564967,energies,-2062.2789515101354,-2062.281449270821,-2062.282005348311,-2062.282201137162,-2062.2810651088334,-2062.273484681877,-2062.2624739143225,-2062.2543720000594,-2062.204712188022,-2062.2664235690477,-2062.2787809547435,-2062.2828820609384,-2062.2828096549856,gradnorms,0.0017105203949562791,0.0015497549935858457,0.0029387420779922223,0.006836467597817256,0.005463302123422586,0.005394421156997325,0.0029654992303251673,0.010168659708890375,0.0031159869611501892,0.004774301494098542,0.004373515997533349,orth_gradnorms,0.0015771042300129765,0.0015494243198434184,0.0015311027152527055,0.0022839460166998405,0.004238430478699381,0.0030285148485275455,0.0025327792878343984,0.0,0.0031159848113772896,0.0034896486601108446,0.0027764214847245993,projcoords,-33.34677401201248,43.213102256953015,-31.58341633487318,43.87405890640513,-28.98803856833363,44.73636422703212,-25.54288215337196,45.40416565147796,-20.782171597162808,45.74460544243871,-16.802362361055863,45.454767353582206,-15.234790931796901,44.894432910704,-14.023990838054551,43.78539661397561,-14.032802062682297,43.74269201368233,-13.943871349022643,43.80768964933678,-11.492761974856883,43.976016884819245,-7.753679443717806,43.94743129337294,-4.187142399600942,43.213102256953015,approx_rxn_crds,0.0,0.07031914683415286,0.1591043261994147,0.2580393146208356,0.38468035194062045,0.49058824986543564,0.563952716192869,0.6334689446224665,0.6630953956044864,0.6842053753663802,0.7573083110590049,0.8732229933398463,1.0
nimgs,13,RMSF,0.00045929130214997053,AbsF,0.00244009233235599,RMSF_o,0.00028375880488944725,AbsF_o,0.0014101670612469731,RMSF_CI,0.0006805217879033685,AbsF_CI,0.0034522809536217617,energies,-2062.2789515101354,-2062.281453518667,-2062.282010201925,-2062.282205776395,-2062.2810636849986,-2062.2734604890697,-2062.2624801233715,-2062.254330109096,-2062.2047461952698,-2062.266409838207,-2062.2787922409943,-2062.282886251531,-2062.2828096549856,gradnorms,0.0017085670679459364,0.0015479970521746196,0.0029489031697341314,0.006843286275700925,0.005447166223946039,0.005380233880760619,0.0028920376354497363,0.010139546274172519,0.0030311701545447686,0.0047674115971181276,0.004349513314414386,orth_gradnorms,0.0015753223223673972,0.001547637548867198,0.001528774735403831,0.002284048956278506,0.0042279109707050126,0.0030222572003921204,0.0025005748917938777,0.0,0.003031135137677674,0.0034961504746238675,0.002768083065136846,projcoords,-33.34677401201248,43.213102256953015,-31.58405432072123,43.873352578951746,-28.987395281438,44.736309683820195,-25.538160842133255,45.40471503678399,-20.769236026048468,45.74469341756333,-16.79205919693002,45.45227670882221,-15.227772768587663,44.88994378370156,-14.023017631942267,43.78320766657583,-14.03173790109938,43.74116862829313,-13.94339384769054,43.805592332227896,-11.50004329448961,43.975817339877764,-7.760645373643842,43.948776320680885,-4.187142399600942,43.213102256953015,approx_rxn_crds,0.0,0.07027856078888303,0.15910473580136952,0.2581392407078563,0.38497705575688274,0.4908208885931027,0.5642050355153827,0.6335840028780557,0.6630865417056403,0.6841855838128722,0.7571096928761138,0.8730298801940533,1.0
nimgs,13,RMSF,0.0004596494791087449,AbsF,0.0024415877680371953,RMSF_o,0.0002830673572433772,AbsF_o,0.001405101332231546,RMSF_CI,0.0006658064671924227,AbsF_CI,0.003001789691986919,energies,-2062.2789515101354,-2062.281457753949,-2062.282015044236,-2062.2822103983026,-2062.2810621915255,-2062.2734362642504,-2062.2624863654955,-2062.2542860922845,-2062.2047675368935,-2062.26639878004,-2062.2788036038205,-2062.2828904517582,-2062.2828096549856,gradnorms,0.0017064806184218081,0.0015462558127698556,0.0029591026898612427,0.006848622992191699,0.005430572340510501,0.0053666736370894365,0.0028092004571680517,0.009920292933662117,0.002948129326298282,0.004757647887481976,0.004325108279298481,orth_gradnorms,0.0015735493796134729,0.0015458629257259077,0.001526472529289172,0.0022842335642942486,0.004217608632810593,0.003016082659113488,0.0024690136917637044,0.0,0.0029475775541785987,0.0035013505037426933,0.0027597220250126756,projcoords,-33.34677401201248,43.213102256953015,-31.584694238608886,43.87264802591833,-28.986751038447466,44.73625750934737,-25.533415504328598,45.40526672976081,-20.756281536012505,45.74477425677373,-16.781790913754122,45.44978783151661,-15.220799477142569,44.88547700507266,-14.022067514389608,43.78104558840495,-14.030641313836608,43.73953620773528,-13.942910115775682,43.803519472102515,-11.507325497789886,43.97561903741353,-7.767569631526447,43.95011583828021,-4.187142399600942,43.213102256953015,approx_rxn_crds,0.0,0.07023842256184769,0.15910616499502453,0.2582413097708027,0.38527641254035155,0.4910555233176045,0.5644593661041806,0.6337017912388974,0.6630491148097433,0.6841636443292011,0.7569095418829996,0.8728372526521889,1.0
nimgs,13,RMSF,0.00045989847785168,AbsF,0.0024433266846063573,RMSF_o,0.0002823836887043254,AbsF_o,0.0014000760292267184,RMSF_CI,0.0006378328736353244,AbsF_CI,0.003542455262150673,energies,-2062.2789515101354,-2062.281461976778,-2062.2820198753384,-2062.2822150030124,-2062.281060629147,-2062.27341200991,-2062.262492637413,-2062.2542406638404,-2062.20477502018,-2062.2663897536117,-2062.278815033835,-2062.2828946618965,-2062.2828096549856,gradnorms,0.0017042462774306808,0.001544531965329689,0.0029693314711437746,0.006852332989903868,0.00541339844712179,0.00535316250737343,0.0027204266185552758,0.009503495776878994,0.0028752993602248283,0.004745254478987546,0.004300296872754364,orth_gradnorms,0.001571784697550781,0.0015441003600584137,0.001524195581725585,0.0022844779012511788,0.004207422201000277,0.003009970615502231,0.002438098545562146,0.0,0.002872646240401965,0.0035052237455246472,0.0027513966357600047,projcoords,-33.34677401201248,43.213102256953015,-31.585336050324752,43.87194524307774,-28.986105800283365,44.73620770293314,-25.52864602585511,45.40582072833376,-20.743308769644933,45.744848038812016,-16.77155744541121,45.44730095856429,-15.213869594363961,44.88103140884549,-14.021138947430364,43.778912796930676,-14.029524010145737,43.73778786747577,-13.942419863120893,43.801475347252776,-11.514606586760587,43.975422391429674,-7.774452031522211,43.95144987042739,-4.187142399600942,43.213102256953015,approx_rxn_crds,0.0,0.07019853781371828,0.1591081726617276,0.25834480804940485,0.38557733985975684,0.4912907961366725,0.5647141924139416,0.6338202300025353,0.6629838801592829,0.6841403365660776,0.7567085929367362,0.8726454650480983,1.0
nimgs,13,RMSF,0.00046004612843398066,AbsF,0.002445026174869696,RMSF_o,0.0002816943047731156,AbsF_o,0.0013949610437767634,RMSF_CI,0.0005987507672308757,AbsF_CI,0.003947680109315131,energies,-2062.2789515101354,-2062.281466187313,-2062.2820246953315,-2062.2822195906465,-2062.281058998875,-2062.273387730414,-2062.2624989363985,-2062.2541945730763,-2062.2047699783006,-2062.2663820439534,-2062.278826521735,-2062.282898882419,-2062.2828096549856,gradnorms,0.0017018777106644445,0.0015428256588077927,0.0029795895812590547,0.006854532934032413,0.005395574376680342,0.0053392490529438705,0.0026298700759902548,0.008921185506401199,0.0028210353416871625,0.004730660044687583,0.004275136056362816,orth_gradnorms,0.001570027512058023,0.0015423497639391352,0.0015219432868924497,0.0022847576473241514,0.004197150611764746,0.0030039051639612945,0.0024077763336687627,0.0,0.00281306299017663,0.0035077595024562013,0.0027430954555088096,projcoords,-33.34677401201248,43.213102256953015,-31.585979669872323,43.8712442456781,-28.985459507588466,44.73616027120759,-25.523852305685686,45.406377029433735,-20.730318638345985,45.744914863926596,-16.761358828997206,45.444816367623005,-15.206981803245654,44.87660595387474,-14.020229871203677,43.77681121813317,-14.028405794321703,43.73593150392262,-13.941922440234464,43.79946276522249,-11.52188430111444,43.975227855024826,-7.781292310252997,43.952778439325066,-4.187142399600942,43.213102256953015,approx_rxn_crds,0.0,0.07015867804310542,0.159110235674136,0.25844888597917315,0.38587854450723513,0.49152508842586584,0.5649677003570983,0.6339369299881101,0.6628934920790941,0.6841166018157474,0.7565077168170818,0.8724549423098436,1.0
nimgs,13,RMSF,0.00046012105744683887,AbsF,0.0024464709288651485,RMSF_o,0.0002809853719969349,AbsF_o,0.0013896349753456912,RMSF_CI,0.0005540939327536903,AbsF_CI,0.0041860177757200925,energies,-2062.2789515101354,-2062.2814703857484,-2062.282029504312,-2062.282224161328,-2062.2810573019356,-2062.2733634314327,-2062.2625052603903,-2062.254148583146,-2062.204756683213,-2062.2663748915065,-2062.2788380581433,-2062.282903113936,-2062.2828096549856,gradnorms,0.0016994217714681726,0.0015411362125455203,0.002989889082314628,0.006855649351179754,0.005377171791184411,0.005324649234023403,0.002542010203626617,0.008255813658374815,0.002790920064277186,0.004714483651037472,0.004249765548425289,orth_gradnorms,0.0015682771094299346,0.0015406110464983008,0.0015197150126027654,0.00228505070475043,0.0041865877512992375,0.0029978816053838806,0.0023778377202153646,0.0,0.002772747483073529,0.0035089656291908107,0.0027347492466216557,projcoords,-33.34677401201248,43.213102256953015,-31.58662497040401,43.87054506524197,-28.984812083798793,44.7361152268098,-25.519034254241046,45.40693562910504,-20.717312269089092,45.744974847205484,-16.751195202327303,45.442334365234224,-15.200134968342518,44.87219975641284,-14.019337845885591,43.77474227895142,-14.02731431124168,43.73399290062389,-13.941416989400002,43.79748307947808,-11.529156246361033,43.975035908361576,-7.788090149519427,43.95410156242935,-4.187142399600942,43.213102256953015,approx_rxn_crds,0.0,0.07011859233468021,0.1591117759943215,0.2585526022067971,0.38617858907388675,0.4917566040983677,0.5652178706016054,0.6340493070539446,0.6627832251254077,0.6840934921506775,0.7563078760591554,0.8722661580672781,1.0
nimgs,13,RMSF,0.00046016916765984355,AbsF,0.0024475130875183525,RMSF_o,0.0002802496716680194,AbsF_o,0.0013840649688615192,RMSF_CI,0.0005125665228161288,AbsF_CI,0.004235822935510145,energies,-2062.2789515101354,-2062.2814745722962,-2062.2820343023786,-2062.2822287151766,-2062.2810555396563,-2062.2733391189918,-2062.2625116080317,-2062.2541034428127,-2062.2047417980975,-2062.26636752906,-2062.278849633377,-2062.28290735707,-2062.2828096549856,gradnorms,0.0016969522866246514,0.0015394620374558925,0.0030002530691698157,0.006856366177208975,0.005358452282963321,0.0053092373639757945,0.0024606100847072523,0.007637069185834537,0.0027845941086168803,0.00469748015290535,0.004224414971205926,orth_gradnorms,0.001566532933135848,0.0015388841100748528,0.0015175101827153133,0.002285341373210437,0.0041756260632804815,0.002991908498207216,0.0023474497904103797,0.0,0.0027505024139162977,0.0035088694510510754,0.00272628225213928,projcoords,-33.34677401201248,43.213102256953015,-31.58727180168315,43.8698477422206,-28.98416344262514,44.73607258557334,-25.514191789272406,45.40749652279657,-20.704290894243734,45.74502810777871,-16.74106677744691,45.43985526658826,-15.193328148240552,44.86781210316719,-14.018460213279303,43.77270700871709,-14.026284927719093,43.732020501686506,-13.940902672252442,43.79553632210146,-11.536420055590987,43.97484704384607,-7.7948452179503445,43.955419248754716,-4.187142399600942,43.213102256953015,approx_rxn_crds,0.0,0.07007802645227756,0.15911220528497572,0.2586549964832903,0.38647600321197906,0.49198350839011834,0.5654626353283198,0.6341547698298825,0.6626615265722651,0.6840720856099305,0.756110052855581,0.872079597933889,1.0
nimgs,13,RMSF,0.0004602409344630575,AbsF,0.002448042277137698,RMSF_o,0.00027949035535945944,AbsF_o,0.0013783404229121353,RMSF_CI,0.00048332663993371416,AbsF_CI,0.00409476054319176,energies,-2062.2789515101354,-2062.2814787471607,-2062.282039089625,-2062.282233252308,-2062.2810537133078,-2062.273314798389,-2062.2625179786673,-2062.2540598491096,-2062.2047325374524,-2062.2663592258464,-2062.2788612371737,-2062.2829116122966,-2062.2828096549856,gradnorms,0.0016945494310434406,0.0015378009886583457,0.003010709070599877,0.006857435478493771,0.005339816060121526,0.005292969637818146,0.0023875885157970582,0.007201404743038288,0.0027944911852937613,0.004680410920147647,0.0041993619609474835,orth_gradnorms,0.0015647946639654148,0.0015371688477874516,0.0015153283598265122,0.0022856228971173016,0.0041643125050899385,0.002986004034833389,0.0023150105079448734,0.0,0.0027395268517117098,0.003507514838003918,0.0027176666662031084,projcoords,-33.34677401201248,43.213102256953015,-31.587920015424586,43.86915231561599,-28.983513498811437,44.7360323626268,-25.509324829788373,45.40805970580313,-20.691255701328664,45.74507475533132,-16.73097378841924,45.43737936544653,-15.186560588255126,44.863442448217384,-14.017594291840018,43.77070623291625,-14.025357477398305,43.73008605343793,-13.940378975152736,43.79362151861078,-11.543673568915997,43.97466174999481,-7.801557227889802,43.95673149599658,-4.187142399600942,43.213102256953015,approx_rxn_crds,0.0,0.07003675776631513,0.15911100617329152,0.25875522256005606,0.3867694858226073,0.4922041816504775,0.5657001670408042,0.6342510560007062,0.6625398196107798,0.6840533282216187,0.7559151197235734,0.8718956924374578,1.0
nimgs,13,RMSF,0.0004603718315044826,AbsF,0.0024479332324081164,RMSF_o,0.00027871949839573183,AbsF_o,0.0013726409673625016,RMSF_CI,0.00047070252423828883,AbsF_CI,0.003787570472509736,energies,-2062.2789515101354,-2062.2814829105123,-2062.2820438661465,-2062.2822377728376,-2062.2810518239485,-2062.273290473278,-2062.262524372309,-2062.25401840174,-2062.204733877106,-2062.26634933657,-2062.2788728584433,-2062.282915879817,-2062.2828096549856,gradnorms,0.001692268766135933,0.0015361512027169877,0.003021277556447322,0.006859385800485329,0.005321647587963199,0.005275759094367597,0.0023229094240191815,0.00701330965550459,0.0028087815131983733,0.004663865279859577,0.004174833737544225,orth_gradnorms,0.0015630622532655037,0.0015354651423808649,0.0015131693041511892,0.0022858977470148665,0.004152826995010143,0.0029801885922320563,0.0022791765842417873,0.0,0.0027303703262606593,0.003504956865058533,0.002708943873623711,projcoords,-33.34677401201248,43.213102256953015,-31.588569491204048,43.86845881253207,-28.982862179087057,44.735994568507394,-25.5044332897267,45.40862517373919,-20.678207685231463,45.74511487748765,-16.72091642658515,45.43490690021525,-15.179831703784291,44.859090403339785,-14.01673760733879,43.768740822493456,-14.02456447871656,43.72826786049732,-13.939846063481511,43.79173720977237,-11.55091499661469,43.97448049675359,-7.808225992946813,43.9580382903512,-4.187142399600942,43.213102256953015,approx_rxn_crds,0.0,0.06999465382720967,0.15910786752198167,0.2588527692675566,0.38705823951625556,0.49241764159461887,0.5659293613512679,0.6343367836903748,0.6624303514661302,0.6840377670079594,0.7557236267534702,0.8717147056753995,1.0
nimgs,13,RMSF,0.0004605688215575212,AbsF,0.0024470159537721354,RMSF_o,0.0002779521997491254,AbsF_o,0.0013671535632787,RMSF_CI,0.00047157972015269965,AbsF_CI,0.003360654406543325,energies,-2062.2789515101354,-2062.281487062474,-2062.2820486320343,-2062.2822422768772,-2062.2810498723366,-2062.273266145283,-2062.2625307896246,-2062.253979558983,-2062.2047466688987,-2062.2663373467126,-2062.278884485152,-2062.282920159535,-2062.2828096549856,gradnorms,0.0016901203972171832,0.001534511896097223,0.0030319630263499816,0.006862320886170815,0.005304158282882449,0.005257396936118603,0.00226611960526463,0.007026379580264952,0.002817801417867206,0.0046481406174164125,0.004150918122249934,orth_gradnorms,0.001561335897183393,0.0015337728666156257,0.0015110329873906164,0.0022861756919428395,0.004141394502661373,0.002974477056587045,0.0022407805336834906,0.0,0.0027162995032619223,0.003501256325672717,0.0027001987936489547,projcoords,-33.34677401201248,43.213102256953015,-31.589220152621223,43.86776724179035,-28.982209428963465,44.7359592068175,-25.49951707392743,45.40919292285619,-20.66514756149465,45.745148533022764,-16.710894789227886,45.432438028864226,-15.173141069033864,44.85475573486767,-14.015888110957238,43.76681190714798,-14.023912882575598,43.72661180126733,-13.939305065835647,43.789882062756384,-11.558143021884915,43.97430372591394,-7.814851463034088,43.95933960972279,-4.187142399600942,43.213102256953015,approx_rxn_crds,0.0,0.06995172347245665,0.15910280240341065,0.2589476536590311,0.3873422625787996,0.49262391253093324,0.5661502598523843,0.6344119301843205,0.6623419354127532,0.6840253157169547,0.7555356157812987,0.8715366375434976,1.0
nimgs,13,RMSF,0.0004608168549157907,AbsF,0.002445113030806457,RMSF_o,0.00027719944240620455,AbsF_o,0.001361982488327807,RMSF_CI,0.00047953736132149723,AbsF_CI,0.002860476653618106,energies,-2062.2789515101354,-2062.2814912031195,-2062.2820533873755,-2062.282246764534,-2062.2810478589404,-2062.2732418142805,-2062.2625372319494,-2062.2539436140323,-2062.204768624668,-2062.2663228981446,-2062.2788961043916,-2062.282924451113,-2062.2828096549856,gradnorms,0.0016880797478126665,0.0015328833214738845,0.003042756854335234,0.006866016499975423,0.00528735641064649,0.005237615105453702,0.002218031793742227,0.00714494576330058,0.0028178928505748573,0.004633291805625928,0.004127571943941223,orth_gradnorms,0.0015596159585129273,0.0015320918853054019,0.0015089195554639108,0.0022864704798911473,0.004130178670857834,0.002968874508772025,0.0022034449206979976,0.0,0.0026958220165926423,0.0034964761910850394,0.0026915057768382286,projcoords,-33.34677401201248,43.213102256953015,-31.589871967495196,43.867077594071965,-28.981555212744432,44.73592627433669,-25.494576078093516,45.40976295007467,-20.6520757748074,45.745175753869184,-16.70090886266229,45.42997282388139,-15.166488419496424,44.85043837385143,-14.015044292951934,43.764920894518426,-14.023377723884652,43.725102371774824,-13.938758097060473,43.78805528673865,-11.565356817778557,43.97413184880532,-7.821433721623124,43.96063542921892,-4.187142399600942,43.213102256953015,approx_rxn_crds,0.0,0.06990808959728688,0.15909608697773356,0.2590403225138735,0.3876222028955903,0.49282383915345346,0.5663638360992131,0.6344775898645068,0.6622771274814984,0.6840153768679307,0.7553507113615552,0.8713612710718698,1.0
nimgs,13,RMSF,0.0004610963189606607,AbsF,0.002442103518253145,RMSF_o,0.0002764638674425667,AbsF_o,0.001357105368004359,RMSF_CI,0.0004898100441343395,AbsF_CI,0.002420734807169264,energies,-2062.2789515101354,-2062.2814953324914,-2062.2820581322567,-2062.2822512359157,-2062.281045784016,-2062.2732174790317,-2062.262543701303,-2062.2539107020957,-2062.204796833742,-2062.2663058166886,-2062.278907702593,-2062.2829287540803,-2062.2828096549856,gradnorms,0.0016861152548951677,0.0015312660755392247,0.0030536473929045405,0.006870180420463049,0.005271123237356047,0.005216214495654596,0.0021805825712028206,0.0072980052899641115,0.0028093487978357477,0.004619262530704357,0.004104694733577209,orth_gradnorms,0.0015579028666787855,0.0015304220585298164,0.0015068292584858784,0.002286796568471499,0.0041192188507396445,0.002963377310220999,0.0021718653240897904,0.0,0.00267023672484043,0.0034906799736773137,0.0026828843803168635,projcoords,-33.34677401201248,43.213102256953015,-31.590524936900547,43.86638984661044,-28.980899508794607,44.735895762842404,-25.48961019166346,45.41033525280938,-20.638992573020744,45.74519655342792,-16.690958536632532,45.42751128735101,-15.159873660816942,44.84613843103753,-14.014205149290682,43.76306921047505,-14.022916814413858,43.723676641454205,-13.938209107763521,43.78626049889583,-11.572555998981306,43.97396524946146,-7.827972955026713,43.96192572655627,-4.187142399600942,43.213102256953015,approx_rxn_crds,0.0,0.06986388875712475,0.15908803169548297,0.25913128013984266,0.3878988002633468,0.4930183786435845,0.5665711832192647,0.6345350571771113,0.6622339552414637,0.6840072910375526,0.755168472202886,0.8711883568799457,1.0
nimgs,13,RMSF,0.0004613915884775658,AbsF,0.002437942550308015,RMSF_o,0.0002757408103398013,AbsF_o,0.0013524017971345646,RMSF_CI,0.0005000826962031584,AbsF_CI,0.0025108444354495062,energies,-2062.2789515101354,-2062.281499450609,-2062.2820628667623,-2062.282255691126,-2062.2810436477007,-2062.273193137746,-2062.262550200374,-2062.253880826069,-2062.2048289836107,-2062.2662860443043,-2062.2789192657897,-2062.282933067904,-2062.2828096549856,gradnorms,0.0016842017889996828,0.0015296606840594308,0.003064625165468459,0.006874579837180089,0.005255284600538008,0.005193116150161554,0.0021556200213865163,0.007451064358552013,0.0027923339853176015,0.0046059824756295225,0.004082173635885214,orth_gradnorms,0.0015561970305114142,0.0015287632455189383,0.0015047623766444378,0.0022871670451264582,0.004108445542547784,0.002957978483140504,0.0021498192779651802,0.0,0.0026400446253977902,0.0034839358212181604,0.002674294538270192,projcoords,-33.34677401201248,43.213102256953015,-31.59117908306769,43.86570396836823,-28.98024230432749,44.73586766110641,-25.48461930106183,45.41090982877199,-20.62589808716659,45.745210935855084,-16.68104363167725,45.42505337734208,-15.153296870367045,44.841856202450536,-14.013370056210547,43.76125787804186,-14.022489306697864,43.72226120767384,-13.937661527434628,43.78449902228406,-11.57974054969487,43.973804291000334,-7.8344694163724995,43.96321048525096,-4.187142399600942,43.213102256953015,approx_rxn_crds,0.0,0.06981920775780596,0.1590788358929508,0.25922085113543686,0.3881725294241172,0.4932081487421838,0.5667729961707199,0.6345852399777147,0.6622097430994166,0.6840006467809978,0.7549886168069435,0.8710177318837854,1.0
nimgs,13,RMSF,0.00046168878941542347,AbsF,0.002432639343116635,RMSF_o,0.00027502333196472215,AbsF_o,0.001347731783166723,RMSF_CI,0.0005092295654174135,AbsF_CI,0.0025384681614820737,energies,-2062.2789515101354,-2062.2815035574818,-2062.282067590975,-2062.282260130266,-2062.2810414500736,-2062.2731687884093,-2062.262556732452,-2062.253853881245,-2062.204863044425,-2062.266263567224,-2062.2789307798635,-2062.282937392009,-2062.2828096549856,gradnorms,0.0016823170657324746,0.0015280676864382785,0.003075681405802898,0.0068790080314211875,0.005239653781692526,0.00516833254584132,0.002144014266364383,0.0075873496403906495,0.002765954626612324,0.0045933819071653035,0.004059892021261152,orth_gradnorms,0.0015544987775267113,0.0015271153089459117,0.0015027191567859473,0.002287592700052379,0.004097755355526372,0.0029526734340435423,0.002139266449963572,0.0,0.002604581004446091,0.0034763200531237417,0.0026656707023460717,projcoords,-33.34677401201248,43.213102256953015,-31.591834440507157,43.86501992389762,-28.979583591560274,44.73584195639155,-25.479603292150365,45.41148667582664,-20.61279239107419,45.74521890352362,-16.671163927630474,45.422599036903996,-15.146758286983369,44.83759216099398,-14.012538628137822,43.75948714002192,-14.022063844960861,43.72079846008029,-13.937116957518324,43.7827668581851,-11.586910754074232,43.973649320225086,-7.840923395613424,43.96448969508194,-4.187142399600942,43.213102256953015,approx_rxn_crds,0.0,0.0697740856378567,0.15906859121789793,0.2593091853020848,0.38844360554606616,0.4933934361820891,0.5669695831000564,0.634628667947497,0.6622032316136235,0.6839952805202378,0.7548110209295505,0.8708493181039526,1.0
nimgs,13,RMSF,0.00046197227173743935,AbsF,0.0024262366174840067,RMSF_o,0.0002743075111857332,AbsF_o,0.0013430110057507856,RMSF_CI,0.0005163844527916128,AbsF_CI,0.002671630273115799,energies,-2062.2789515101354,-2062.2815076531174,-2062.282072304977,-2062.282264553436,-2062.2810391912135,-2062.2731444290184,-2062.262563301341,-2062.2538296699954,-2062.2048967775822,-2062.2662384493156,-2062.2789422307824,-2062.282941725779,-2062.2828096549856,gradnorms,0.001680436076568527,0.0015264878186642156,0.0030868056088353122,0.006883231822889857,0.005224069557385628,0.005141933734813239,0.002145351464634374,0.0076939550612702655,0.0027295501485481376,0.004581350623709466,0.004037740086693318,orth_gradnorms,0.0015528083140987459,0.0015254781192270525,0.001500699760218456,0.002288081418953954,0.004087089866130458,0.0029474622323671213,0.002140200072621676,0.0,0.0025635006756530247,0.0034679155330315796,0.002656968508268595,projcoords,-33.34677401201248,43.213102256953015,-31.59249104867597,43.86433767650701,-28.978923364509917,44.73581863568951,-25.47456205227052,45.412065791856136,-20.599675549518146,45.74522046288896,-16.661319190203603,45.42014821971608,-15.140258292843903,44.833346938385944,-14.011710595682604,43.75775625256348,-14.021618002548486,43.7192536302005,-13.936576792689408,43.78106063632194,-11.594067132479545,43.973500669192426,-7.8473351946742484,43.96576335093838,-4.187142399600942,43.213102256953015,approx_rxn_crds,0.0,0.06972853752914546,0.1590573351209991,0.25939634427207175,0.38871211244449966,0.4935743606198876,0.5671610554305905,0.6346657023593386,0.662214523655686,0.6839911590132143,0.7546356376544971,0.8706830806640321,1.0
nimgs,13,RMSF,0.00046222454522773293,AbsF,0.002418808809666589,RMSF_o,0.00027359462214926336,AbsF_o,0.0013382395054926577,RMSF_CI,0.0005206646366348832,AbsF_CI,0.0027412162830629627,energies,-2062.2789515101354,-2062.281511737531,-2062.2820770088483,-2062.282268960734,-2062.2810368712526,-2062.273120057852,-2062.2625699112577,-2062.2538079081064,-2062.204927733885,-2062.266210851073,-2062.2789536048444,-2062.282946068573,-2062.2828096549856,gradnorms,0.0016785310158793784,0.0015249220368271914,0.0030979852604521743,0.006886990613238744,0.00520842212534422,0.005114041268702006,0.00215816639502072,0.007757728364215517,0.0026837473075979603,0.004569726822711504,0.0040156330456309775,orth_gradnorms,0.0015511256988870246,0.0015238515581787273,0.00149870422176756,0.0022886372834123527,0.004076468058714258,0.0029423477287896208,0.002150941214635455,0.0,0.002517782873612402,0.003458808270008411,0.0026481924411986724,projcoords,-33.34677401201248,43.213102256953015,-31.59314894405029,43.8636571915505,-28.97826161553273,44.73579768700694,-25.469495472423603,45.41264717459442,-20.586547666782742,45.74521562948304,-16.651509193696143,45.41770090816482,-15.13379739163921,44.8291213020053,-14.010885714312497,43.756063460755385,-14.021135273328486,43.71761132723749,-13.936042582370295,43.7793789531917,-11.601210374293508,43.97335865709371,-7.853705105931898,43.967031451680626,-4.187142399600942,43.213102256953015,approx_rxn_crds,0.0,0.06968257821260337,0.1590451038338922,0.2594823875010527,0.3889781301171777,0.49375103762793254,0.5673475169579515,0.6346967438814457,0.6622443015141856,0.6839882743527094,0.754462417786095,0.8705189857389148,1.0
nimgs,13,RMSF,0.0004624289110882705,AbsF,0.0024104718374078006,RMSF_o,0.0002728892841273212,AbsF_o,0.0013334754254466993,RMSF_CI,0.0005212228686411559,AbsF_CI,0.0027518582864485674,energies,-2062.2789515101354,-2062.2815158107524,-2062.282081702671,-2062.2822733522557,-2062.2810344904265,-2062.2730956738137,-2062.262576566732,-2062.2537882280203,-2062.204953622913,-2062.266180997291,-2062.278964888923,-2062.282950419763,-2062.2828096549856,gradnorms,0.0016765754732331465,0.0015233713851037388,0.003109207462908259,0.006890035595980834,0.005192649979856939,0.005084841240102257,0.0021805792055984877,0.007766045833780695,0.0026309486944039494,0.004558327169549363,0.003993521186109828,orth_gradnorms,0.0015494508295911737,0.001522235521246115,0.0014967324247526404,0.0022892595078595848,0.004065958758880598,0.002937331840171015,0.002168798346520231,0.0,0.0024701161876662155,0.003449083674611253,0.002639388774546494,projcoords,-33.34677401201248,43.213102256953015,-31.593808151543108,43.862978439852824,-28.977598331611116,44.73577910069156,-25.464403449599647,45.41323082143018,-20.573408935733216,45.74520443202093,-16.64173373766352,45.41525712208754,-15.127376184136633,44.8249161279525,-14.010063711145698,43.75440609852472,-14.02060281527547,43.71587019987333,-13.93551516277375,43.777719612488326,-11.608341265495838,43.97322359304431,-7.860033395238016,43.968293999977355,-4.187142399600942,43.213102256953015,approx_rxn_crds,0.0,0.06963623964605697,0.15903197176062256,0.25956743628692047,0.3892418295839897,0.493923700230343,0.5675292053269042,0.6347223850759162,0.6622931580184869,0.6839865691656944,0.7542912507483032,0.8703569690272065,1.0
nimgs,13,RMSF,0.0004625730317962407,AbsF,0.0024013933470619863,RMSF_o,0.0002721953206123617,AbsF_o,0.0013287790386785733,RMSF_CI,0.0005173862370651748,AbsF_CI,0.002706030203794587,energies,-2062.2789515101354,-2062.281519872832,-2062.282086386526,-2062.2822777280967,-2062.2810320491235,-2062.2730712767543,-2062.2625832724925,-2062.2537701836836,-2062.204972800772,-2062.26614917864,-2062.2789760707037,-2062.282954778793,-2062.2828096549856,gradnorms,0.0016745500919114705,0.0015218367814376387,0.0031204613940177947,0.00689218294616639,0.005176715344318471,0.005054601847808387,0.002210945942037555,0.007708881310773335,0.0025755950747016515,0.004546970417446512,0.003971386780326391,orth_gradnorms,0.001547783448779646,0.0015206299175476656,0.0014947840972874447,0.0022899418831737817,0.004055618935383987,0.002932413152912926,0.0021908224716749914,0.0,0.0024250269099142722,0.0034388227614058453,0.002630612174834076,projcoords,-33.34677401201248,43.213102256953015,-31.59446867667588,43.86230140072112,-28.976933491015124,44.735762870573915,-25.459285888873943,45.41381672922104,-20.560259679225737,45.74518691508647,-16.631992657394633,45.41281691966293,-15.12099534033058,44.82073236949641,-14.009244275841235,43.752780740737485,-14.020010440870871,43.71403890463073,-13.934994713734532,43.77607967432689,-11.61546061874494,43.9730957778424,-7.8663202914990045,43.96955100291462,-4.187142399600942,43.213102256953015,approx_rxn_crds,0.0,0.06958957901984687,0.15901806946007566,0.25965170302611645,0.38950351594866456,0.4940927545376427,0.5677065576632119,0.6347434756608606,0.6623611279471057,0.6839858975953726,0.7541219380992705,0.8701969211877139,1.0
nimgs,13,RMSF,0.0004626521829811841,AbsF,0.0023917965007572185,RMSF_o,0.0002715122214880787,AbsF_o,0.0013241654869600322,RMSF_CI,0.0005087781757631555,AbsF_CI,0.0027541054491087374,energies,-2062.2789515101354,-2062.2815239238494,-2062.2820910604933,-2062.2822820883493,-2062.2810295479053,-2062.273046867665,-2062.262590033337,-2062.253753260132,-2062.2049847013086,-2062.266115753976,-2062.2789871388763,-2062.2829591452214,-2062.2828096549856,gradnorms,0.0016724476734536937,0.0015203187810643706,0.0031317408187349466,0.006893362272260948,0.005160583227559751,0.0050236855254262745,0.002248152736805452,0.007580624086016951,0.0025237935269014403,0.004535500587319778,0.003949236766614725,orth_gradnorms,0.0015461231736007177,0.0015190346673857914,0.0014928588319533956,0.002290673382289533,0.004045440987662644,0.0029275876449307335,0.0022143600895006147,0.0,0.0023883312968252294,0.003428101135975263,0.0026218902786170483,projcoords,-33.34677401201248,43.213102256953015,-31.5951305003339,43.8616260638457,-28.976267061121824,44.73574899465269,-25.45414270477631,45.414404894164306,-20.547100373699255,45.74516313977728,-16.62228582995139,45.41038039384342,-15.114655566914792,44.81657101963311,-14.008427091691736,43.751183356003004,-14.019350556803113,43.71213365758678,-13.934480869259136,43.77445560674708,-11.622569211941006,43.97297550424774,-7.872565983921243,43.970802472359686,-4.187142399600942,43.213102256953015,approx_rxn_crds,0.0,0.06954268358468937,0.1590035945385277,0.25973550905605136,0.38976365482509795,0.49425881369426156,0.5678802510367559,0.6347611571139264,0.6624473902362054,0.6839859989312526,0.7539541776998613,0.8700386787217412,1.0
nimgs,13,RMSF,0.0004626713139732969,AbsF,0.0023819548242011773,RMSF_o,0.0002708343581599841,AbsF_o,0.0013195937314773353,RMSF_CI,0.0004954149863716518,AbsF_CI,0.002744153425889193,energies,-2062.2789515101354,-2062.281527963909,-2062.282095724654,-2062.2822864331065,-2062.281026987503,-2062.273022448651,-2062.2625968539883,-2062.253736889374,-2062.204990094514,-2062.266081150129,-2062.278998083284,-2062.282963518729,-2062.2828096549856,gradnorms,0.0016702763170310037,0.00151881737046241,0.0031430459965055323,0.00689364731762356,0.005144223533113494,0.004992548885478864,0.0022914928201441583,0.007381517048425786,0.0024825067882208564,0.00452380442097445,0.003927101816063076,orth_gradnorms,0.0015444695482104468,0.0015174496976865753,0.0014909561269279086,0.0022914400961380177,0.0040353410515475115,0.0029228521718236335,0.00223735093585125,0.0,0.002366148002275053,0.0034169906885334763,0.002613209071364373,projcoords,-33.34677401201248,43.213102256953015,-31.595793577668566,43.86095242950752,-28.975598998043125,44.73573747510859,-25.448973821492185,45.41499531176091,-20.533931646935137,45.74513318186339,-16.612613177155204,45.40794766717837,-15.108357569176215,44.81243306713076,-14.0076118900569,43.74960944588087,-14.018618745078818,43.7101769517969,-13.933972845400811,43.772843511071414,-11.629667740502306,43.97286305568945,-7.878770627175092,43.97204842411054,-4.187142399600942,43.213102256953015,approx_rxn_crds,0.0,0.0694956731409459,0.15898881756016486,0.2598192945430105,0.3900228874669758,0.49442271656252124,0.5680512250534323,0.6347768746758229,0.6625500754536721,0.6839864803287329,0.7537875553110387,0.8698820186751958,1.0
nimgs,13,RMSF,0.0004626452254234712,AbsF,0.0023721783982818784,RMSF_o,0.00027015326871778275,AbsF_o,0.0013149943235858668,RMSF_CI,0.00047783147209339195,AbsF_CI,0.002651247307127774,energies,-2062.2789515101354,-2062.281531993137,-2062.28210037909,-2062.282290762457,-2062.281024368781,-2062.2729980226504,-2062.2626037389346,-2062.2537204728897,-2062.2049910844135,-2062.2660458567348,-2062.2790088950096,-2062.2829678990793,-2062.2828096549856,gradnorms,0.0016680595160962466,0.0015173318494723462,0.0031543844026852646,0.006893258606985803,0.005127636034504273,0.004961725474707027,0.002340235033902021,0.007119528586254306,0.0024583350187509104,0.004511817399527406,0.0039050437258771474,orth_gradnorms,0.0015428221104432406,0.0015158749365947073,0.0014890754437607166,0.0022922280435055085,0.00402519304741479,0.002918208650074703,0.0022584194660746236,0.0,0.0023635916219575982,0.003405562156230008,0.0026045265088684446,projcoords,-33.34677401201248,43.213102256953015,-31.596457841999516,43.860280506791675,-28.97492924840769,44.73572831754652,-25.443779171626666,45.41558797689004,-20.520754246583888,45.74509712735372,-16.60297466476691,45.405518885693326,-15.102102007383685,44.8083194467896,-14.006798504866005,43.748054189371715,-14.017814777474147,43.70819699297099,-13.933469557240151,43.77123938724215,-11.63675678651089,43.97275870370358,-7.88493435441041,43.973288875662064,-4.187142399600942,43.213102256953015,approx_rxn_crds,0.0,0.06944869960083432,0.1589740816528592,0.2599036182535015,0.3902820314096922,0.4945855270290499,0.5682206818254151,0.6347923614447337,0.6626661444465153,0.6839868118612376,0.7536215456129457,0.8697266582917252,1.0
nimgs,13,RMSF,0.00046259635486526604,AbsF,0.00236279246458486,RMSF_o,0.0002694615841178197,AbsF_o,0.0013103157446094236,RMSF_CI,0.0004573002174786369,AbsF_CI,0.0024736305957332536,energies,-2062.2789515101354,-2062.281536011669,-2062.2821050238817,-2062.2822950764894,-2062.281021692671,-2062.2729735929784,-2062.2626106922726,-2062.253703410164,-2062.204990784253,-2062.266010414588,-2062.279019566414,-2062.2829722860506,-2062.2828096549856,gradnorms,0.0016658324849235994,0.001515860866189009,0.0031657697386877045,0.006892530452068247,0.0051108792970406105,0.004931788347514228,0.0023929719595129403,0.006813619782254797,0.0024556349078238434,0.004499513271753855,0.0038831622135940777,orth_gradnorms,0.0015411804591385662,0.0015143103085801088,0.0014872162745246645,0.0022930259817059333,0.00401488717898688,0.0029136664465716578,0.0022767136790974524,0.0,0.002383003610627913,0.003393886277922696,0.0025958036327849055,projcoords,-33.34677401201248,43.213102256953015,-31.597123213530008,43.85961030991452,-28.974257753207983,44.73572152952068,-25.438558693537985,45.416182883989656,-20.507568982224157,45.745055065845705,-16.593370295354703,45.40309421054797,-15.09588944932586,44.80423098645578,-14.005986909282473,43.74651262320057,-14.016943894303282,43.706227426657875,-13.932969713537405,43.769639412894186,-11.643836804488974,43.972662704707304,-7.8910572976479685,43.974523843383274,-4.187142399600942,43.213102256953015,approx_rxn_crds,0.0,0.06940194221186657,0.1589597925162857,0.2599891417832772,0.39054205838110034,0.49474850375996354,0.568390051661971,0.6348095817002876,0.6627913379811785,0.6839863408029292,0.7534555276816982,0.8695722623351516,1.0
nimgs,13,RMSF,0.0004625500487316741,AbsF,0.002354109541509998,RMSF_o,0.0002687563722290181,AbsF_o,0.0013055604584705283,RMSF_CI,0.0004361033430282092,AbsF_CI,0.002308890930313438,energies,-2062.2789515101354,-2062.281540019639,-2062.2821096591083,-2062.2822993752898,-2062.2810189600837,-2062.272949162776,-2062.262617717562,-2062.253685131669,-2062.2049926579225,-2062.2659753962457,-2062.2790300911306,-2062.282976679364,-2062.2828096549856,gradnorms,0.0016636346372785901,0.0015144026588096455,0.003177218945286857,0.006891840506216874,0.005094077903349052,0.004903293341607371,0.0024469764231519406,0.006497793466068642,0.0024743346115982394,0.004486875720205082,0.0038615873910664233,orth_gradnorms,0.0015395443079507058,0.0015127557309427963,0.0014853782080455923,0.002293827343273925,0.004004379758494686,0.0029092415556627753,0.00229152658918979,0.0,0.0024221600186744323,0.003382032378204021,0.0025870322908373164,projcoords,-33.34677401201248,43.213102256953015,-31.597789611436433,43.858941853264135,-28.9735844530961,44.735717118578364,-25.433312327615155,45.41678002731346,-20.494376650645677,45.74500708262902,-16.583800092956793,45.40067380605701,-15.089720322683275,44.800168355265484,-14.005177231032295,43.744979876019976,-14.016018086294736,43.70430679098093,-13.932471896762475,43.76804022684465,-11.650908119226273,43.972575296922635,-7.897139613704304,43.975753340380706,-4.187142399600942,43.213102256953015,approx_rxn_crds,0.0,0.06935559642636735,0.1589463940519212,0.2600765903258037,0.39080403730840774,0.4949130255284263,0.5685609074658199,0.6348306149072119,0.6629202368722702,0.6839843345842015,0.7532888223944574,0.8694184620683023,1.0
nimgs,13,RMSF,0.00046252796356165577,AbsF,0.002346397286427342,RMSF_o,0.0002680401462925945,AbsF_o,0.001300790066478719,RMSF_CI,0.0004175481179146832,AbsF_CI,0.0023182121457322336,energies,-2062.2789515101354,-2062.2815440171676,-2062.282114284849,-2062.282303658942,-2062.2810161718317,-2062.2729247345355,-2062.2626248177125,-2062.253665133663,-2062.2049996192263,-2062.265941377579,-2062.2790404640464,-2062.282981078629,-2062.2828096549856,gradnorms,0.0016614993131620788,0.0015129555058976476,0.003188747446710519,0.006891511444594814,0.005077392400704593,0.004876710379242614,0.0024979837893890212,0.006221326838532831,0.0025087612738090717,0.004473858111822867,0.003840450045411768,orth_gradnorms,0.0015379135152878323,0.001511211112059372,0.001483560981547913,0.002294630814692733,0.003993708232388956,0.00290495304778708,0.002301934136702784,0.0,0.0024736727097518976,0.00337006502082747,0.0025782419525362792,projcoords,-33.34677401201248,43.213102256953015,-31.598456966659437,43.85827514623751,-28.972909293979427,44.735715090237704,-25.42804001227202,45.417379401210574,-20.48117796048639,45.74495325111308,-16.574264081004756,45.39825782460062,-15.083594872884333,44.79613201916972,-14.00436975756977,43.743451451055755,-14.01505673862947,43.70247660459061,-13.931974650083824,43.76643922043849,-11.657970926936304,43.972496698390295,-7.903181511286071,43.97697737602902,-4.187142399600942,43.213102256953015,approx_rxn_crds,0.0,0.0693098537906491,0.15893432332661808,0.2601666795273671,0.391069026254312,0.49508045231704956,0.5687348052052319,0.6348574562045789,0.6630465316675245,0.68398006453446,0.7531207618148489,0.8692648912550717,1.0
nimgs,13,RMSF,0.0004625414790142601,AbsF,0.0023398480205289577,RMSF_o,0.00026731916800775085,AbsF_o,0.0012960974092153911,RMSF_CI,0.0004051763733132228,AbsF_CI,0.0022472215247392327,energies,-2062.2789515101354,-2062.2815480043446,-2062.28211890118,-2062.2823079275263,-2062.2810133285575,-2062.2729003098075,-2062.2626319949186,-2062.253643011022,-2062.2050131479823,-2062.2659089005174,-2062.2790506812835,-2062.2829854833244,-2062.2828096549856,gradnorms,0.0016594436944025585,0.0015115182733249448,0.003200363923513617,0.006891712820303181,0.005060959721581823,0.004852359048516259,0.0025407513809934455,0.006036991995609971,0.0025486642596605196,0.004460347138117963,0.0038198372374911222,orth_gradnorms,0.001536288085919203,0.0015096763512928092,0.0014817645048847852,0.0022954396180794117,0.003982965897886531,0.002900818761104767,0.002306720730806408,0.0,0.0025264600190592857,0.0033580405618996003,0.002569482289671579,projcoords,-33.34677401201248,43.213102256953015,-31.59912523192905,43.85761018926427,-28.972232231412725,44.73571544643366,-25.42274168073132,45.41798100035569,-20.46797347612955,45.744893627519644,-16.564762259435657,45.395846391820534,-15.07751313315371,44.79212221035752,-14.003564947394182,43.74192353038329,-14.01408517650458,43.70077608888265,-13.931476594519918,43.76483483325372,-11.66502528898846,43.97242710702166,-7.909183272224288,43.97819595729648,-4.187142399600942,43.213102256953015,approx_rxn_crds,0.0,0.06926487085493323,0.15892393994218437,0.26026000014265627,0.39133790024261983,0.49525190634628213,0.5689130323947553,0.6348917154392334,0.6631636714603903,0.6839729398727216,0.7529507987414537,0.8691112436157183,1.0
nimgs,13,RMSF,0.0004625883672360805,AbsF,0.0023345609842359023,RMSF_o,0.0002666001266450829,AbsF_o,0.001291561399276946,RMSF_CI,0.0004010685804402751,AbsF_CI,0.002413837155528433,energies,-2062.2789515101354,-2062.2815519812357,-2062.2821235081765,-2062.2823121811234,-2062.2810104307196,-2062.2728758891753,-2062.2626392506513,-2062.2536184831743,-2062.20503286193,-2062.2658784308514,-2062.2790607402158,-2062.2829898928176,-2062.2828096549856,gradnorms,0.001657463847659031,0.0015100907956199158,0.003212067109297674,0.006892411439073825,0.005044836433763551,0.004830373316442902,0.002570448447615328,0.005975787260272556,0.002582416412467525,0.004446154974193714,0.003799757426992023,orth_gradnorms,0.001534668145728185,0.0015081513402276194,0.0014799888492983946,0.0022962599713745647,0.0039722524228745434,0.002896852369083316,0.002304769709482199,0.0,0.002569016264570207,0.0033460053232089353,0.0025607935724224072,projcoords,-33.34677401201248,43.213102256953015,-31.59979438582943,43.85694697228206,-28.971553232386356,44.73571818492541,-25.417417259648943,45.41858481985816,-20.454763598528636,45.74482824957186,-16.555294589468275,45.39343959729674,-15.071474912600838,44.788138915984106,-14.002763452983546,43.74039325583953,-14.01312910193884,43.699231793698644,-13.93097658208218,43.76322681369815,-11.6720711098025,43.97236670335624,-7.915145259173056,43.979409091112885,-4.187142399600942,43.213102256953015,approx_rxn_crds,0.0,0.06922073207609958,0.1589154408927254,0.26035687841269056,0.3916111413757976,0.4954280069132485,0.5690963036351139,0.6349342621811521,0.6632659993379012,0.6839626702150776,0.752778639777526,0.8689573430668075,1.0
nimgs,13,RMSF,0.0004626555820136931,AbsF,0.0023305480438534695,RMSF_o,0.00026588702635533694,AbsF_o,0.0012872091008558563,RMSF_CI,0.00040452609904113466,AbsF_CI,0.0026186667850977697,energies,-2062.2789515101354,-2062.281555947879,-2062.28212810591,-2062.2823164198094,-2062.2810074786153,-2062.272851472492,-2062.262646585714,-2062.2535914075283,-2062.205056922646,-2062.2658503197063,-2062.2790706395126,-2062.2829943064035,-2062.2828096549856,gradnorms,0.0016555391892874992,0.0015086738003594676,0.003223847209082342,0.006893412916704705,0.005028982649501589,0.00481071653178621,0.0025842932072091818,0.006027303127171158,0.0026009900251684217,0.004431058666832593,0.003780141459007853,orth_gradnorms,0.0015330538968284608,0.0015066359649334258,0.0014782342021945093,0.0022970993518946154,0.0039616274678554225,0.0028930628915183414,0.002295765422529341,0.0,0.0025930880305889484,0.0033339960413647745,0.0025521838150984644,projcoords,-33.34677401201248,43.213102256953015,-31.60046442967031,43.856285476131795,-28.970872273953525,44.73572329985707,-25.41206667006383,45.41919085521602,-20.441548588976296,45.74475713976016,-16.54586099228166,45.39103749484407,-15.065479804632343,44.78418188795182,-14.001966135311259,43.73885892244509,-14.012205206234688,43.69784523863566,-13.930473852304203,43.761616351605625,-11.679108098846841,43.972315655893205,-7.921067905766433,43.980616786616274,-4.187142399600942,43.213102256953015,approx_rxn_crds,0.0,0.06917742799309426,0.15890880965465093,0.26045729194230516,0.3918887110629167,0.4956087106220224,0.5692845773572444,0.634985016075749,0.663350009275754,0.6839493610905752,0.7526043263181402,0.8688031867857157,1.0
nimgs,13,RMSF,0.00046272669123913104,AbsF,0.0023277590611253604,RMSF_o,0.00026517990072600706,AbsF_o,0.0012830055757932506,RMSF_CI,0.0004126355531334776,AbsF_CI,0.0027182693485983955,energies,-2062.2789515101354,-2062.281559904297,-2062.282132694453,-2062.2823206436587,-2062.2810044724442,-2062.2728270592465,-2062.262654000343,-2062.253561776861,-2062.205083058618,-2062.2658247795657,-2062.27908037919,-2062.282998723347,-2062.2828096549856,gradnorms,0.0016536440222122033,0.0015072684071498331,0.003235691242514342,0.006894472420301305,0.005013294672377511,0.004793237302803855,0.0025822613862199004,0.006148131271823103,0.0026003844803721894,0.004414869917778145,0.0037608801286754673,orth_gradnorms,0.0015314455651588778,0.0015051301090662577,0.0014765008015720804,0.002297965093858862,0.003951091533271559,0.002889456282893347,0.0022806114294321995,0.0,0.0025956530867091328,0.003322042064162256,0.002543626657664919,projcoords,-33.34677401201248,43.213102256953015,-31.601135379216817,43.85562567602352,-28.970189339580294,44.735730783147304,-25.406689830102664,45.419799102151906,-20.42832862288845,45.74468031185802,-16.53646136085645,45.38864011255456,-15.05952721239635,44.78025067001668,-14.0011740281242,43.73732001770245,-14.011313795641657,43.69658850521373,-13.9299681205685,43.76000597344879,-11.686135728729903,43.97227412764913,-7.926951692906256,43.98181905635162,-4.187142399600942,43.213102256953015,approx_rxn_crds,0.0,0.06913487433159173,0.15890385878621058,0.26056093850762124,0.39217015149904366,0.49579344230048134,0.5694772064445364,0.6350431233251946,0.6634147677007359,0.6839334267475712,0.7524281705692771,0.8686489117745432,1.0
nimgs,13,RMSF,0.00046278787491637734,AbsF,0.002326106560616316,RMSF_o,0.0002644759233833278,AbsF_o,0.0012788767222608596,RMSF_CI,0.0004219750422371414,AbsF_CI,0.0027194445811596613,energies,-2062.2789515101354,-2062.2815638505085,-2062.282137273877,-2062.2823248527448,-2062.281001412378,-2062.2728026489035,-2062.262661494339,-2062.253529703093,-2062.2051093771997,-2062.2658018805723,-2062.2790899606125,-2062.2830031429103,-2062.2828096549856,gradnorms,0.0016517567792802468,0.0015058756547635767,0.0032475876926929804,0.006895384036560608,0.004997655002754907,0.004777723890066278,0.002566360190212017,0.006287286525375655,0.0025812143948326692,0.004397484746880744,0.003741867679352638,orth_gradnorms,0.0015298433532695212,0.001503633657490532,0.0014747888695924418,0.0022988635512547887,0.003940602507102306,0.002886037738065187,0.002261177622285335,0.0,0.0025781630216204074,0.0033101680119807277,0.0025350807093904104,projcoords,-33.34677401201248,43.213102256953015,-31.60180725553804,43.85496754534479,-28.96950441508144,44.735740626030484,-25.401286658088843,45.42040955642117,-20.41510384817166,45.744597778024264,-16.527095577710867,45.38624746839931,-15.053616383853033,44.77634463456785,-14.000388223422618,43.735777085769236,-14.010440068542295,43.69541371707332,-13.929459533659625,43.75839917363349,-11.693153207659002,43.972242281856694,-7.9327971210362715,43.983015916202746,-4.187142399600942,43.213102256953015,approx_rxn_crds,0.0,0.06909296288611397,0.15890034569922837,0.2606674250356579,0.3924548681853736,0.49598145432537943,0.5696733509128447,0.6351074374021812,0.6634610138811607,0.6839153620185213,0.7522505769961442,0.8684947007849801,1.0
nimgs,13,RMSF,0.00046282879633622546,AbsF,0.00232547578782899,RMSF_o,0.00026377204645014647,AbsF_o,0.0012747509120971656,RMSF_CI,0.000429652992338791,AbsF_CI,0.0026291413617387615,energies,-2062.2789515101354,-2062.281567786533,-2062.282141844251,-2062.282329047138,-2062.280998298609,-2062.272778241118,-2062.262669067198,-2062.2534953955596,-2062.205134476792,-2062.2657815626094,-2062.2790993864423,-2062.2830075643624,-2062.2828096549856,gradnorms,0.0016498613319399686,0.0015044964014904359,0.0032595272699255714,0.00689599375198417,0.004981967883883459,0.004763927856351829,0.0025393424124888478,0.006401685405367897,0.0025467498732463434,0.004378885553739765,0.003723024558929776,orth_gradnorms,0.001528247405198686,0.001502146499926687,0.0014730985589303043,0.0022997996533882163,0.003930114977000877,0.00288281318507711,0.0022396784127417654,0.0,0.0025444463811668634,0.003298395487334707,0.0025265172716619046,projcoords,-33.34677401201248,43.213102256953015,-31.60248007806552,43.85431105855342,-28.968817485507504,44.73575282024586,-25.39585707500679,45.421022213659825,-20.40187442975848,45.74450955440374,-16.517763530903125,45.38385958584857,-15.047746449779702,44.77246302234847,-13.999609697972502,43.734231467878274,-14.00956276679134,43.69426905356303,-13.928948493567102,43.75679989071257,-11.70015947729609,43.97222028532857,-7.9386046871265155,43.98420738458842,-4.187142399600942,43.213102256953015,approx_rxn_crds,0.0,0.069051601123299,0.15889806306079793,0.2607764155077253,0.39274235146090053,0.49617210768349657,0.5698723002600571,0.635176904092542,0.6634897727685428,0.68389556843054,0.7520719019241846,0.8683407084451993,1.0
nimgs,13,RMSF,0.00046284067768170167,AbsF,0.002325725866780835,RMSF_o,0.0002630673624333753,AbsF_o,0.0012705941379882685,RMSF_CI,0.0004334042882847032,AbsF_CI,0.0024519982689472793,energies,-2062.2789515101354,-2062.2815717124,-2062.282146405644,-2062.28233322691,-2062.280995131391,-2062.272753835856,-2062.262676718245,-2062.253459141507,-2062.2051571847264,-2062.2657636535014,-2062.2791086605166,-2062.2830119869886,-2062.2828096549856,gradnorms,0.0016479440106180172,0.0015031314655387256,0.003271501369194078,0.006896170780044693,0.004966174732134686,0.00475156718643527,0.0025038748858525702,0.00645757845612367,0.002501454165647349,0.004359117342496258,0.0037042996416741555,orth_gradnorms,0.0015266577833467955,0.001500668534109412,0.0014714299146124951,0.0023007764736556395,0.003919615421624797,0.002879789165544066,0.002218136322137911,0.0,0.0024992444441868304,0.003286743066660922,0.002517938004799764,projcoords,-33.34677401201248,43.213102256953015,-31.6031538599835,43.85365619308474,-28.968128533051356,44.735767358834465,-25.390401006220834,45.42163706927329,-20.388640579196952,45.744415664835955,-16.50846512490765,45.38147650554982,-15.041916461792091,44.76860498228267,-13.998839137312473,43.7326850033713,-14.008663139557108,43.69311042893764,-13.92843541643892,43.75521199383592,-11.70715323367833,43.972208309322,-7.9443748691170955,43.98539348176428,-4.187142399600942,43.213102256953015,approx_rxn_crds,0.0,0.06901071711299832,0.15889684987261876,0.2608876490936336,0.3930322033018492,0.4963649061830586,0.5700735119659837,0.6352506281195835,0.6635015790041796,0.6838743395679405,0.7518924356685782,0.8681870524069378,1.0
nimgs,13,RMSF,0.0004628153150468165,AbsF,0.0023266931236835195,RMSF_o,0.0002623636850760299,AbsF_o,0.0012664189873806608,RMSF_CI,0.0004314866898979872,AbsF_CI,0.002191768608839404,energies,-2062.2789515101354,-2062.28157562815,-2062.282150958127,-2062.282337392128,-2062.2809919110623,-2062.2727294334977,-2062.262684446761,-2062.253421291493,-2062.2051764243047,-2062.265747886681,-2062.279117787698,-2062.2830164101124,-2062.2828096549856,gradnorms,0.0016459921007344238,0.0015017817036319294,0.0032835012398036837,0.006895792885295951,0.0049502547525518735,0.004740331202220779,0.0024623313386622314,0.00642900688365824,0.002450575836877389,0.004338270189392561,0.003685663225205288,orth_gradnorms,0.001525074455584119,0.001499199667967845,0.0014697828496658832,0.0023017946357229454,0.00390913086513635,0.0028769715155504134,0.002198087218009395,0.0,0.0024478256429747215,0.003275225042543971,0.0025093714901106997,projcoords,-33.34677401201248,43.213102256953015,-31.6038286046279,43.85300293078947,-28.96743753540592,44.73578423673779,-25.38491838284758,45.422254118336134,-20.375402576612657,45.74431614324475,-16.49920028634731,45.37909829136271,-15.03612542993364,44.764769610987976,-13.998076807845182,43.7311397552903,-14.00772967264774,43.69190557956713,-13.927920507641913,43.7536388899958,-11.714132962502028,43.97220652842229,-7.950108116470828,43.98657422975285,-4.187142399600942,43.213102256953015,approx_rxn_crds,0.0,0.06897024371947784,0.15889655490659105,0.2610008801178458,0.39332404654509484,0.49655938212546413,0.5702764792517029,0.6353277441777179,0.6634965159962591,0.6838519404307783,0.7517124585111299,0.8680338437760422,1.0
nimgs,13,RMSF,0.00046274616037086946,AbsF,0.0023281999126071803,RMSF_o,0.000261664147071321,AbsF_o,0.0012622655811021885,RMSF_CI,0.00042280181785658367,AbsF_CI,0.002015734314834773,energies,-2062.2789515101354,-2062.28157953384,-2062.2821555017676,-2062.2823415428597,-2062.280988638069,-2062.272705034945,-2062.262692252107,-2062.2533822481764,-2062.205191356747,-2062.2657339170637,-2062.279126773696,-2062.283020833121,-2062.2828096549856,gradnorms,0.0016439955351309034,0.001500447907334979,0.0032955189337334034,0.006894762503830868,0.004934214615253663,0.004729895684709258,0.0024168955537961392,0.006299605204660737,0.002400156747466129,0.004316478083936214,0.00366709849689621,orth_gradnorms,0.0015234972934764295,0.0014977398203407793,0.0014681571361722279,0.0023028517871241305,0.003898707983613128,0.0028743640734808697,0.0021804889745528754,0.0,0.0023959984974433286,0.003263850331921991,0.0025008524672495806,projcoords,-33.34677401201248,43.213102256953015,-31.604504302228403,43.85235125917186,-28.966744464293605,44.735803451298146,-25.379409142980634,45.422873355491696,-20.362160788679425,45.7442110350946,-16.489968965592894,45.37672503088624,-15.03037235937062,44.760955991385046,-13.997322496702521,43.72959778958922,-14.006758987433907,43.69063361436618,-13.92740360589292,43.75208327512989,-11.72109698254042,43.97221511780059,-7.955804844980575,43.987749652763426,-4.187142399600942,43.213102256953015,approx_rxn_crds,0.0,0.06893010273144279,0.15889699992202855,0.26111581753122226,0.393617433283699,0.49675498124290224,0.5704805979473782,0.6354072816881309,0.6634746540246175,0.683828685218715,0.7515322969640317,0.8678812177833545,1.0
nimgs,13,RMSF,0.00046263058962500925,AbsF,0.0023300664239091513,RMSF_o,0.0002609709136862555,AbsF_o,0.0012581697211831132,RMSF_CI,0.0004072428952839506,AbsF_CI,0.0023234522540958877,energies,-2062.2789515101354,-2062.2815834295443,-2062.2821600366356,-2062.282345679171,-2062.2809853129775,-2062.2726806416986,-2062.262700133833,-2062.25334245588,-2062.205201676031,-2062.265721336585,-2062.2791356248804,-2062.2830252554963,-2062.2828096549856,gradnorms,0.0016419503902546833,0.0014991305665675513,0.003307549442828369,0.0068930405385001165,0.00491807424984554,0.004719944718606999,0.0023697134299117016,0.006067782479502257,0.00235680243378048,0.004293927555110013,0.0036485968868534314,orth_gradnorms,0.00152192608422239,0.0014962889198885654,0.0014665524164204202,0.0023039425821295718,0.003888379038806925,0.002871968577018126,0.0021657644278978336,0.0,0.0023498989800647104,0.0032526228424652943,0.002492398820616707,projcoords,-33.34677401201248,43.213102256953015,-31.605180927522056,43.851701172234705,-28.9660492844081,44.73582500258339,-25.37387323256951,45.42349477487057,-20.348915679597432,45.74410039776071,-16.480771135390395,45.37435683193924,-15.024656284798617,44.75716322882774,-13.996575513441538,43.72806101565822,-14.005755206874017,43.689283723616164,-13.926884116048821,43.75054699951202,-11.728043495821234,43.97223424885001,-7.961465434893658,43.98891977747353,-4.187142399600942,43.213102256953015,approx_rxn_crds,0.0,0.06889019661281098,0.15889796041941776,0.2612320930923658,0.3939117965404839,0.4969510023763144,0.5706850961647999,0.6354880956184163,0.6634365404182606,0.6838049781298825,0.7513523526826876,0.8677293499694972,1.0
nimgs,13,RMSF,0.0004624720875134973,AbsF,0.0023321224844074203,RMSF_o,0.0002602835597081212,AbsF_o,0.0012541393677198978,RMSF_CI,0.0003861508152831828,AbsF_CI,0.0025456672474893287,energies,-2062.2789515101354,-2062.281587315353,-2062.282164562799,-2062.2823498011267,-2062.28098193647,-2062.272656255846,-2062.2627080917737,-2062.253302388804,-2062.2052078868483,-2062.2657096911057,-2062.2791443480605,-2062.2830296768184,-2062.2828096549856,gradnorms,0.0016398622003870604,0.0014978296041503003,0.003319592962492981,0.006890678910227815,0.004901859160021269,0.00471019292407494,0.002322963838793806,0.005753517565449715,0.002326832516802762,0.004270865732687171,0.003630161381212185,orth_gradnorms,0.0015203605571475296,0.0014948469022865098,0.0014649682371098247,0.0023050594630669606,0.003878137695191018,0.0028697862491433293,0.002153898430057278,0.0,0.002315230973509105,0.003241543502987801,0.0024840016243297828,projcoords,-33.34677401201248,43.213102256953015,-31.605858439389017,43.85105267049707,-28.965351953278113,44.735848893366125,-25.36831060553679,45.42411837006129,-20.335667808868987,45.74398429937389,-16.471606787482635,45.371993816920636,-15.018976300570749,44.75339048270554,-13.995834738786957,43.72653108865,-14.004729426775416,43.68785503283742,-13.926361030694974,43.74903101071942,-11.73497064595262,43.97226408310159,-7.967090232403818,43.990084632564404,-4.187142399600942,43.213102256953015,approx_rxn_crds,0.0,0.0688504068547403,0.15889916172862995,0.2613492547620524,0.394206440182468,0.49714658511424686,0.5708890189507326,0.6355688562410117,0.6633836357781033,0.6837813222804829,0.7511731073816766,0.8675784596182728,1.0
nimgs,13,RMSF,0.00046228121133965437,AbsF,0.0023342147959189725,RMSF_o,0.0002595991145018024,AbsF_o,0.00125015314535661,RMSF_CI,0.000362689506850836,AbsF_CI,0.0026656691467751023,energies,-2062.2789515101354,-2062.2815911913713,-2062.2821690803285,-2062.282353908791,-2062.2809785093223,-2062.2726318799155,-2062.2627161261253,-2062.2532625364083,-2062.205211417933,-2062.26569849974,-2062.2791529502488,-2062.283034096747,-2062.2828096549856,gradnorms,0.0016377473392844752,0.001496544194752098,0.0033316562539992055,0.006887834919290685,0.004885604629305613,0.004700401004764911,0.0022787332408987365,0.005403951942818699,0.0023146405498552275,0.004247598363224206,0.0036118162562648938,orth_gradnorms,0.001518800421574818,0.0014934137062732008,0.0014634041038007186,0.0023061941470610215,0.0038679396912990544,0.002867819400930567,0.002144465338109319,0.0,0.0022958350796799475,0.0032306129523274204,0.0024756337950392142,projcoords,-33.34677401201248,43.213102256953015,-31.606536783552144,43.85040575979492,-28.96465242250938,44.73587512860682,-25.36272122275102,45.42474413416259,-20.322417810673524,45.74386281577146,-16.46247592743929,45.369636116356936,-15.013331584615221,44.749636991758905,-13.99509870932597,43.725009373736725,-14.003699921247033,43.68635830467876,-13.925833034784528,43.74753535832483,-11.741876585875946,43.97230476448561,-7.972679555398939,43.99124424738323,-4.187142399600942,43.213102256953015,approx_rxn_crds,0.0,0.06881059676268099,0.1589002855592378,0.2614667774048903,0.39450055535002954,0.4973407302726276,0.5710912505562654,0.635648079885852,0.6633187008834613,0.6837583073759871,0.750995111229615,0.8674288043719847,1.0
nimgs,13,RMSF,0.00046207431927837694,AbsF,0.0023362090768649607,RMSF_o,0.00025891370482854833,AbsF_o,0.0012461797788553847,RMSF_CI,0.00034170057935342614,AbsF_CI,0.002672363571164457,energies,-2062.2789515101354,-2062.2815950577087,-2062.2821735892903,-2062.2823580022255,-2062.2809750323504,-2062.2726075165915,-2062.2627242374883,-2062.2532233846905,-2062.2052144415597,-2062.2656872769358,-2062.279161438397,-2062.2830385149805,-2062.2828096549856,gradnorms,0.0016356309440991959,0.0014952727971741832,0.003343752025339931,0.0068847522970053,0.0048693657246086505,0.004690379035891901,0.0022385917824801734,0.005091223966450866,0.0023206473664276026,0.004224469758612073,0.003593614068957355,orth_gradnorms,0.0015172454089649363,0.0014919892693988342,0.0014618595470157398,0.0023073393709788555,0.0038577273171734043,0.002866072812568761,0.0021364846063810076,0.0,0.002291941470997066,0.0032198333875219417,0.0024672704429849115,projcoords,-33.34677401201248,43.213102256953015,-31.607215898671434,43.849760448755674,-28.963950640548017,44.7359037144009,-25.35710504971184,45.42537205992784,-20.309166353967427,45.7437360255651,-16.453378567060042,45.367283861805156,-15.007721414933865,44.745902092164016,-13.994365735944697,43.72349697483739,-14.002692761592407,43.68481914372147,-13.925298689825858,43.74605927437143,-11.748759553795498,43.97235641033553,-7.978233704484563,43.99239865020014,-4.187142399600942,43.213102256953015,approx_rxn_crds,0.0,0.06877061886016685,0.1589009874883861,0.261584091644077,0.3947932647554664,0.4975323548327624,0.5712905762291624,0.635724203715382,0.6632461098042405,0.6837365756501712,0.7508189538395603,0.8672806655061445,1.0
nimgs,13,RMSF,0.000461869368281887,AbsF,0.0023379857867395024,RMSF_o,0.00025822476843158815,AbsF_o,0.0012422044674431732,RMSF_CI,0.00032827407616586364,AbsF_CI,0.0025646825459090133,energies,-2062.2789515101354,-2062.2815989144738,-2062.2821780897534,-2062.2823620814897,-2062.280971506352,-2062.27258316836,-2062.262732426897,-2062.253185392263,-2062.205219313201,-2062.265675557057,-2062.279169819138,-2062.2830429312153,-2062.2828096549856,gradnorms,0.0016335403939592174,0.00149401352040855,0.0033558954472552114,0.006881698595933875,0.004853217935860329,0.004679973374611448,0.0022029948128994624,0.004891173574544905,0.0023400882117916573,0.004201820184732982,0.003575627481870173,orth_gradnorms,0.001515695310161477,0.001490573524342145,0.0014603341874110244,0.0023084903132167467,0.003847462396048012,0.002864554024183645,0.0021282490271946884,0.0,0.002299207899466988,0.0032092085630116437,0.0024589068748752854,projcoords,-33.34677401201248,43.213102256953015,-31.607895724962166,43.849116745309644,-28.96324655657888,44.73593465653685,-25.35146205323422,45.42600213998204,-20.295914089289298,45.74360400399178,-16.44431471390233,45.36493717770937,-15.002145178891194,44.7421852288638,-13.993634060485075,43.721994831757826,-14.001740769026057,43.683279750201216,-13.924756696221888,43.74460136534574,-11.755617951650319,43.972419101981046,-7.983752978865711,43.99354786684765,-4.187142399600942,43.213102256953015,approx_rxn_crds,0.0,0.06873033117490156,0.15890093521761495,0.2617006470854087,0.3950837192546192,0.4977204122455878,0.5714858191223955,0.6357957442409005,0.6631718716183905,0.6837167461542734,0.7506452023813173,0.8671343155531254,1.0
nimgs,13,RMSF,0.00046167951621770535,AbsF,0.0023394311449800435,RMSF_o,0.00025753248550900815,AbsF_o,0.001238244409381193,RMSF_CI,0.0003249897232411449,AbsF_CI,0.0023553177053686775,energies,-2062.2789515101354,-2062.28160276176,-2062.2821825817837,-2062.282366146643,-2062.2809679320403,-2062.2725588371804,-2062.2627406958236,-2062.2531489614507,-2062.205227732703,-2062.265662920506,-2062.279178098549,-2062.283047345106,-2062.2828096549856,gradnorms,0.0016314955369901784,0.0014927648051093814,0.0033680981882077314,0.006878869863887033,0.004837237586650367,0.004669041517319846,0.0021711233519277266,0.00484223781811086,0.0023642904574584823,0.004179927703197038,0.003557921776246443,orth_gradnorms,0.0015141499989932213,0.0014891663965237742,0.001458827785205408,0.002309645236697102,0.0038371476128138903,0.00286327208788278,0.0021176880120389453,0.0,0.0023099981698591035,0.003198741998270469,0.002450562434139765,projcoords,-33.34677401201248,43.213102256953015,-31.608576212991842,43.848474653176986,-28.962540124515357,44.735967959044515,-25.34579219798539,45.42663436705304,-20.28266159639275,45.743466817043014,-16.435284359420308,45.362596172573824,-14.996602377313897,44.738485962301915,-13.99290204864652,43.7205038787826,-14.000876497940286,43.68179168569618,-13.92420621553105,43.74315993997487,-11.762450415303606,43.97249287629525,-7.989237693496822,43.99469192038219,-4.187142399600942,43.213102256953015,approx_rxn_crds,0.0,0.06868962750612409,0.15889987929871466,0.261816029212161,0.3953712756216191,0.49790411484370356,0.5716760946542047,0.6358615858178276,0.6631028317412376,0.683699273399441,0.7504742885205019,0.8669899584439086,1.0
nimgs,13,RMSF,0.00046150833874567584,AbsF,0.002340433434159297,RMSF_o,0.00025683955635515094,AbsF_o,0.0012343427482643956,RMSF_CI,0.00033026947287011335,AbsF_CI,0.002069017398639422,energies,-2062.2789515101354,-2062.2816065996426,-2062.2821870654466,-2062.2823701977404,-2062.280964310003,-2062.2725345243193,-2062.2627490461846,-2062.253114408884,-2062.20524012817,-2062.265649018208,-2062.279186281984,-2062.2830517562666,-2062.2828096549856,gradnorms,0.0016295014924554475,0.0014915260316438602,0.0033803634575774373,0.006876319376996545,0.004821473573479951,0.004657436725950145,0.0021418391678556512,0.004920904315834476,0.0023846912048997343,0.004158964280983527,0.0035405247559873606,orth_gradnorms,0.0015126094364428598,0.0014877678034601208,0.0014573402591329932,0.002310805204488641,0.003826823200950599,0.0028622353159039587,0.0021036471319242065,0.0,0.002317054795323855,0.003188434422794462,0.0024422680946373895,projcoords,-33.34677401201248,43.213102256953015,-31.609257329346253,43.847834169639185,-28.961831305592874,44.73600362326786,-25.340095444155594,45.42726873413084,-20.26940935186837,45.7433245179159,-16.42628746977126,45.36026093144949,-14.991092626615442,44.734803973696124,-13.992168385990388,43.719025215362024,-14.000118195773418,43.680394472655735,-13.923647174976612,43.74173342046832,-11.769255862639891,43.972577719875915,-7.994688190879189,43.99583083188984,-4.187142399600942,43.213102256953015,approx_rxn_crds,0.0,0.06864847040967559,0.15889773014377329,0.26193008683756136,0.39565569012223595,0.49808317630708854,0.5718610882746408,0.6359212929799513,0.6630447952337053,0.6836842926383122,0.7503063855074834,0.86684766412688,1.0
nimgs,13,RMSF,0.00046135109150962945,AbsF,0.002340894676982877,RMSF_o,0.0002561495102432955,AbsF_o,0.0012305444209439328,RMSF_CI,0.00034015748140901216,AbsF_CI,0.00173326820065883,energies,-2062.2789515101354,-2062.2816104281783,-2062.282191540806,-2062.2823742348364,-2062.2809606407054,-2062.272510230392,-2062.262757480338,-2062.2530819454278,-2062.205255836,-2062.2656335882716,-2062.279194373988,-2062.283056164282,-2062.2828096549856,gradnorms,0.001627550693551246,0.0014902975054593766,0.0033926866035110448,0.006873976445947576,0.0048059365472600335,0.00464502532240438,0.0021151187802966854,0.005068232324903031,0.002396470809499466,0.004138999976281416,0.00352342037495745,orth_gradnorms,0.0015110736557267439,0.0014863776558357222,0.0014558716680191973,0.002311973107319375,0.0038165417454456584,0.0028614491730546026,0.002087070248617545,0.0,0.002316659803034437,0.003178281950966996,0.002434046558599718,projcoords,-33.34677401201248,43.213102256953015,-31.60993905697225,43.8471952854522,-28.961120068564156,44.73604164781881,-25.334371747191348,45.427905234493565,-20.256157729004062,45.74317714714206,-16.4173239831917,45.357931512302365,-14.98561566096274,44.731139070526744,-13.991432206329417,43.717560181295255,-13.999459544215672,43.67909392523416,-13.92308040846607,43.74032067002794,-11.776033510614681,43.9726735669869,-8.000104842073451,43.99696462196561,-4.187142399600942,43.213102256953015,approx_rxn_crds,0.0,0.0686068926331311,0.15889456182195985,0.2620429389661634,0.39593712946639836,0.4982578247060855,0.5720410703191628,0.6359751272138058,0.6630008096722134,0.6836716117804699,0.7501414007482906,0.866707364526608,1.0
nimgs,13,RMSF,0.0004612001850875669,AbsF,0.002340749019371978,RMSF_o,0.0002554647172582136,AbsF_o,0.0012268701447851558,RMSF_CI,0.0003511811035571693,AbsF_CI,0.001648875531378744,energies,-2062.2789515101354,-2062.2816142474076,-2062.282196007923,-2062.282378257984,-2062.2809569245173,-2062.27248595556,-2062.2627660010703,-2062.253051673194,-2062.2052738265534,-2062.2656164595633,-2062.2792023782977,-2062.2830605687354,-2062.2828096549856,gradnorms,0.0016256312885033633,0.0014890799191800421,0.003405060026176281,0.006871727990899154,0.004790607474837227,0.004631721538146273,0.0020924226433255396,0.005232480595666853,0.00239860393767527,0.004120042844400805,0.0035065658609881997,orth_gradnorms,0.0015095427363134109,0.0014849958597115682,0.0014544221642626106,0.0023131525496852784,0.0038063385597668295,0.0028609155183215787,0.002070692213522701,0.0,0.002308467555588545,0.0031682761944772614,0.002425898536761847,projcoords,-33.34677401201248,43.213102256953015,-31.61062139133776,43.84655798643972,-28.960406387989536,44.73608202923071,-25.328621059244917,45.428543861625656,-20.242907022686502,45.74302473569404,-16.408393813680274,45.35560794717124,-14.980171333013715,44.727491190181176,-13.990693099487242,43.716110247586904,-13.998874348785131,43.67786187092153,-13.922507535553727,43.73892106837346,-11.782782865316484,43.972780300838316,-8.005488037980594,43.99809331206844,-4.187142399600942,43.213102256953015,approx_rxn_crds,0.0,0.06856495782919168,0.15889052117907562,0.2621548253121022,0.3962159449011107,0.4984285181873377,0.5722165699266738,0.636023682304649,0.6629712864338769,0.6836608943965938,0.7499791181909771,0.8665689293379758,1.0
nimgs,13,RMSF,0.00046104877393329005,AbsF,0.002339969885539693,RMSF_o,0.0002547853996008856,AbsF_o,0.0012233058549209154,RMSF_CI,0.00036131648784299997,AbsF_CI,0.001843807795107703,energies,-2062.2789515101354,-2062.2816180573636,-2062.2822004668606,-2062.2823822672326,-2062.2809531617504,-2062.2724616997366,-2062.2627746115672,-2062.2530235965887,-2062.205293175387,-2062.265597543771,-2062.2792102978756,-2062.2830649692282,-2062.2828096549856,gradnorms,0.0016237326087639571,0.0014878739555037714,0.0034174765889893725,0.006869472015510115,0.004775446319213064,0.0046175039083033685,0.00207589301537845,0.005383494420351763,0.002391773606862812,0.004102069833286548,0.0034899096104285534,orth_gradnorms,0.001508016777367542,0.001483622319088334,0.0014529919389158785,0.002314347095589974,0.0037962169546341545,0.002860633588735682,0.0020576989237791584,0.0,0.0022935318081431667,0.0031584063612206995,0.00241780418342675,projcoords,-33.34677401201248,43.213102256953015,-31.611304335615394,43.845922255489405,-28.959690242060987,44.73612476278976,-25.322843331115294,45.429184609109605,-20.229657480258645,45.7428673090129,-16.399496857574224,45.35329024715758,-14.97475961003693,44.723860398002635,-13.989951018759264,43.714676756656814,-13.998329885100292,43.67665431160895,-13.921930642948826,43.73753433215,-11.789503697750195,43.97289775669016,-8.010838176842551,43.99921692512991,-4.187142399600942,43.213102256953015,approx_rxn_crds,0.0,0.06852271940190494,0.15888573222935534,0.26226594857078456,0.3964924333120939,0.49859564499557907,0.5723880312743802,0.6360674996341856,0.6629555193207249,0.6836518543636064,0.7498193492831884,0.866432246457406,1.0
nimgs,13,RMSF,0.0004608906938772475,AbsF,0.002338564253392232,RMSF_o,0.00025411010321514654,AbsF_o,0.0012198130212392982,RMSF_CI,0.00036950473148267477,AbsF_CI,0.0019901904545567683,energies,-2062.2789515101354,-2062.2816218580747,-2062.2822049176784,-2062.2823862626324,-2062.280949352692,-2062.2724374627423,-2062.2627833153574,-2062.252997637493,-2062.205313055266,-2062.2655768232457,-2062.279218134963,-2062.2830693653787,-2062.2828096549856,gradnorms,0.001621845058283798,0.0014866802873392325,0.003429929515827401,0.006867116675722675,0.004760397276324536,0.0046024074070996485,0.0020674071782305903,0.00550549650281921,0.0023770483290515574,0.0040850332312940135,0.003473400767654927,orth_gradnorms,0.0015064958758122797,0.0014822569384370435,0.0014515811721899487,0.002315559968113868,0.00378615526509872,0.0028606019442919553,0.0020506007188123773,0.0,0.002273192369853664,0.0031486620428674192,0.0024097376881711116,projcoords,-33.34677401201248,43.213102256953015,-31.611987896789266,43.84528807418686,-28.958971610821326,44.73616984322781,-25.317038513899373,45.429827470538,-20.2164093269289,45.7427048905891,-16.39063300080285,45.35097840997224,-14.96938056424239,44.72024687838087,-13.989206148922843,43.71326063647258,-13.997796814722092,43.67542963501202,-13.921351922866187,43.73616021379842,-11.796196014481762,43.97302572563571,-8.016155652512717,44.00033548535296,-4.187142399600942,43.213102256953015,approx_rxn_crds,0.0,0.06848020765965913,0.15888026595378402,0.26237642430577013,0.39676676078852063,0.49875942810539825,0.5725557048649245,0.6361069454476248,0.6629529632215673,0.6836443207327868,0.7496619817109764,0.8662972478998231,1.0
nimgs,13,RMSF,0.0004607193315355069,AbsF,0.002336564912672032,RMSF_o,0.0002534370719720063,AbsF_o,0.0012163510729219613,RMSF_CI,0.0003750713256346923,AbsF_CI,0.00208068883000994,energies,-2062.2789515101354,-2062.281625649568,-2062.2822093604373,-2062.2823902442296,-2062.280945497631,-2062.27241324441,-2062.262792116248,-2062.2529736474908,-2062.2053325899287,-2062.265554341202,-2062.279225891154,-2062.283073756823,-2062.2828096549856,gradnorms,0.0016199583849742913,0.0014854997161013088,0.0034424111649130054,0.00686456343433553,0.0047453989580182095,0.004586510347690011,0.0020680588896936944,0.005588436887678622,0.0023558272065355643,0.004068857898806368,0.00345699558496638,orth_gradnorms,0.0015049801081265415,0.0014808996251897662,0.0014501899919564575,0.002316793925079543,0.0037761273254278845,0.0028608200243740167,0.0020507360787926044,0.0,0.002249131740875571,0.003139034971830089,0.002401684230331612,projcoords,-33.34677401201248,43.213102256953015,-31.61267208249149,43.844655424144904,-28.958250474698907,44.73621726529588,-25.311206560394616,45.43047243943683,-20.203162786527038,45.7425375049774,-16.381802126500887,45.348672428806246,-14.964034358596887,44.71665092033118,-13.98845877931754,43.71186219552107,-13.997252346143718,43.674157517142476,-13.920773378762284,43.734798210994576,-11.802860025134626,43.97316395876675,-8.02144084474481,44.00144901764256,-4.187142399600942,43.213102256953015,approx_rxn_crds,0.0,0.0684374389571446,0.15887416109806593,0.2624863149837252,0.3970390134571306,0.49891998978123964,0.5727197225055274,0.6361422925937157,0.6629636007093668,0.6836382001091744,0.7495069479842399,0.8661638928658331,1.0
nimgs,13,RMSF,0.00046052751819407296,AbsF,0.0023340276119978944,RMSF_o,0.00025276550671581884,AbsF_o,0.0012128971409765504,RMSF_CI,0.0003774787824078269,AbsF_CI,0.0021175043246716547,energies,-2062.2789515101354,-2062.2816294318754,-2062.2822137951953,-2062.282394212072,-2062.2809415968813,-2062.2723890446846,-2062.2628010182552,-2062.25295141581,-2062.2053508416348,-2062.2655301966797,-2062.2792335674835,-2062.2830781432203,-2062.2828096549856,gradnorms,0.0016180615218662673,0.0014843331962973198,0.0034549128106870094,0.006861705479915782,0.004730399041553237,0.004569928784914836,0.002078088178094382,0.0056243071857178285,0.0023302186585520603,0.004053442601901066,0.0034406624801195224,orth_gradnorms,0.0015034695139956955,0.0014795502921609001,0.001448818438841852,0.0023180509979689092,0.003766121228470697,0.0028612884215076617,0.0020582637730129413,0.0,0.0022237434894653847,0.0031295189125379493,0.0023936479636557178,projcoords,-33.34677401201248,43.213102256953015,-31.613356897841452,43.844024288298606,-28.957526813034335,44.73626702432656,-25.305347426527497,45.43111950917765,-20.189918101553978,45.742365180505146,-16.37300412254973,45.34637230088265,-14.958721229810468,44.713072899478824,-13.987709199895418,43.710481035455324,-13.996679526707517,43.67282013773773,-13.920196631938222,43.73344735500103,-11.809496106177225,43.973312171715044,-8.026694111595646,44.002557547213,-4.187142399600942,43.213102256953015,approx_rxn_crds,0.0,0.0683944293554951,0.15886745554863183,0.26259568158751745,0.3973092750178087,0.4990774495172956,0.5728802106862173,0.6361738443150632,0.6629877254164211,0.6836334165122658,0.7493541771972668,0.8660321417055885,1.0
nimgs,13,RMSF,0.0004603084781935609,AbsF,0.0023310321322415257,RMSF_o,0.0002520959443600796,AbsF_o,0.001209452473694234,RMSF_CI,0.0003762987768209319,AbsF_CI,0.002101553786426656,energies,-2062.2789515101354,-2062.281633205036,-2062.282218222014,-2062.2823981662054,-2062.280937650812,-2062.272364863735,-2062.262810025529,-2062.2529306749334,-2062.2053669343572,-2062.26550454341,-2062.2792411645337,-2062.283082524261,-2062.2828096549856,gradnorms,0.0016161440374404272,0.0014831817207058252,0.003467425579166735,0.006858441857412335,0.004715364200226455,0.004552817275176103,0.002096970583827882,0.005606725498452581,0.0023031517915839093,0.004038666330713958,0.003424382770266782,orth_gradnorms,0.0015019640828386198,0.0014782088595630038,0.001447466439343748,0.002319332023751405,0.0037561449740580676,0.0028620080063316627,0.002072317063736295,0.0,0.002200155104421943,0.003120108265990148,0.002385646827581192,projcoords,-33.34677401201248,43.213102256953015,-31.61404234217658,43.84339465220251,-28.95680060255327,44.736319116795414,-25.299461072842973,45.43176867287733,-20.176675552951572,45.74218795163982,-16.3642388878152,45.34407803395498,-14.953441469368375,44.70951325737331,-13.986957626939247,43.70911606250473,-13.996066352142886,43.67141180853088,-13.919622819848989,43.73210609864762,-11.81610476155036,43.97347004940432,-8.03191578424351,44.00366109962047,-4.187142399600942,43.213102256953015,approx_rxn_crds,0.0,0.06835120662022598,0.1588602139607146,0.2627046291716717,0.39757769524623005,0.4992320104856605,0.5730373908107137,0.6362020421024323,0.6630255741500152,0.683629857186143,0.7492035524753472,0.8659019327883373,1.0
nimgs,13,RMSF,0.00046005695077805977,AbsF,0.002327683243695348,RMSF_o,0.0002514296508745507,AbsF_o,0.0012060343780017112,RMSF_CI,0.0003712422732451371,AbsF_CI,0.002116168912495841,energies,-2062.2789515101354,-2062.281636969098,-2062.28222264095,-2062.2824021066726,-2062.280933659862,-2062.272340702053,-2062.26281914228,-2062.252911106416,-2062.205380197421,-2062.2654775903893,-2062.27924868255,-2062.2830868996884,-2062.2828096549856,gradnorms,0.0016141978508393438,0.0014820461659037542,0.003479941678452233,0.006854694183327493,0.004700279041724406,0.004535369594984109,0.002122893699274064,0.005531385292005628,0.0022772993057624444,0.0040243953305460715,0.003408146228127513,orth_gradnorms,0.001500463746820712,0.0014768752560678094,0.0014461337922491559,0.0023206361721228182,0.003746217424714622,0.0028629788129212663,0.0020906019705284103,0.0,0.00218096586962485,0.0031107967809326665,0.002377699045223458,projcoords,-33.34677401201248,43.213102256953015,-31.614728406140124,43.842766505148454,-28.9560718160038,44.73637354080084,-25.293547465846,45.43241992330114,-20.163435476727706,45.74200586070978,-16.355506336032697,45.34178964980698,-14.9481954028604,44.70597247826235,-13.986204166390442,43.70776556653446,-13.995408690041508,43.669945850863265,-13.919052571671308,43.73077231858992,-11.822686581919148,43.973637250714184,-8.037106164412373,44.004759701042225,-4.187142399600942,43.213102256953015,approx_rxn_crds,0.0,0.0683078305440015,0.15885257488456175,0.26281338482011385,0.3978446077245814,0.49938410759760143,0.573191750121181,0.6362276498900898,0.6630768365207952,0.6836272780165105,0.7490548374219478,0.8657731426593844,1.0
nimgs,13,RMSF,0.00045977252296753793,AbsF,0.002324116167178271,RMSF_o,0.0002507675251674222,AbsF_o,0.0012026608461084582,RMSF_CI,0.0003623444843465049,AbsF_CI,0.0021198296533570518,energies,-2062.2789515101354,-2062.2816407241226,-2062.282227052063,-2062.2824060335183,-2062.28092962456,-2062.272316560531,-2062.262828372702,-2062.252892349587,-2062.2053905888856,-2062.2654496004193,-2062.279256121562,-2062.283091269306,-2062.2828096549856,gradnorms,0.001612222276143378,0.001480926806936475,0.003492458244655294,0.006850456304397365,0.004685150543785333,0.00451782986911447,0.002154482245318229,0.005398811223284832,0.002256744206218308,0.00401050731614052,0.003391957260659669,orth_gradnorms,0.0014989683836450233,0.0014755494184896978,0.0014448201737913967,0.0023219607712568844,0.003736351973870744,0.0028641996047305066,0.0021112563130655615,0.0,0.002169934163601595,0.003101577428194368,0.0023698109200295625,projcoords,-33.34677401201248,43.213102256953015,-31.61541506966226,43.84213984090062,-28.955340421207808,44.73643029637481,-25.287606578948825,45.43307325278807,-20.150198274285312,45.74181895869953,-16.346806397376078,45.339507185038464,-14.942983367843794,44.702451063454994,-13.98544883608912,43.70642738122553,-13.994702255571895,43.66843471054039,-13.918486074055156,43.72944350110422,-11.829242204378346,43.97381341285,-8.042265524038605,44.00585337837697,-4.187142399600942,43.213102256953015,approx_rxn_crds,0.0,0.06826437101582537,0.158844699818235,0.26292221352725803,0.39811040247478025,0.49953424758749154,0.5733438590287718,0.6362515408741943,0.6631405949586158,0.6836254022265538,0.7489077573167764,0.8656456288453185,1.0
nimgs,13,RMSF,0.0004594597171058832,AbsF,0.00232049061983743,RMSF_o,0.00025010933800469995,AbsF_o,0.0011993391451630424,RMSF_CI,0.000350109125507923,AbsF_CI,0.0020653509209940255,energies,-2062.2789515101354,-2062.281644470182,-2062.2822314554123,-2062.2824099467844,-2062.2809255455118,-2062.272292440443,-2062.2628377208944,-2062.2528740140115,-2062.2053986993837,-2062.265420887106,-2062.27926348148,-2062.2830956329767,-2062.2828096549856,gradnorms,0.0016102241204538326,0.0014798232301579015,0.003504977849675997,0.006845795602028302,0.004669998645334773,0.004500482860343034,0.0021907800353572083,0.00521650848246131,0.0022461789559084615,0.003996894760063209,0.0033758325926139428,orth_gradnorms,0.001497477831878525,0.0014742312898305334,0.0014435251702606742,0.0023233017056142977,0.0037265452060168455,0.002865668528181967,0.002133005531243502,0.0,0.0021711302855292524,0.003092443794583015,0.0023619740862911636,projcoords,-33.34677401201248,43.213102256953015,-31.61610230251328,43.84151465740513,-28.954606381306107,44.73648938535236,-25.281638392257715,45.433728653249965,-20.136964407010712,45.741627304170464,-16.33813901646727,45.33723068914454,-14.937805689304202,44.69894950231514,-13.984691599084545,43.705099011015626,-13.993943034054059,43.66688984733392,-13.91792313781895,43.7281169324024,-11.835772278719531,43.973998154825935,-8.047394109277288,44.006942158790636,-4.187142399600942,43.213102256953015,approx_rxn_crds,0.0,0.068220906956568,0.15883677086479314,0.2630314144372425,0.3983755204438757,0.4996830018718897,0.5734943636322716,0.6362746787910171,0.6632153421705785,0.6836239219763964,0.7487620036266991,0.8655192316474262,1.0
nimgs,13,RMSF,0.0004591272394738367,AbsF,0.0023169814719017595,RMSF_o,0.00024945373116989304,AbsF_o,0.0011960642577009827,RMSF_CI,0.0003356681003369008,AbsF_CI,0.0019512456685337686,energies,-2062.2789515101354,-2062.281648207357,-2062.2822358510552,-2062.2824138465126,-2062.2809214233794,-2062.272268343337,-2062.2628471907774,-2062.252855695134,-2062.20540564864,-2062.265391809139,-2062.279270762182,-2062.2830999906,-2062.2828096549856,gradnorms,0.0016082164924631694,0.0014787343616697913,0.0035175080767071076,0.0068408417968817406,0.004654851385883233,0.004483638473106316,0.002231102550539239,0.005001342053449252,0.0022500082513417074,0.003983463755182686,0.0033598022471870576,orth_gradnorms,0.001495991915085102,0.0014729208161574213,0.0014422483329816287,0.0023246542991730173,0.003716776884182993,0.0028673843785905363,0.0021551952325549227,0.0,0.0021880505110484596,0.00308339191523396,0.0023541728950173505,projcoords,-33.34677401201248,43.213102256953015,-31.616790067276717,43.84089095554767,-28.953869656134785,44.736550810830764,-25.275642891221175,45.43438611624286,-20.123734376434577,45.74143096051889,-16.32950414811738,45.33496022107087,-14.932662653773587,44.69546824133351,-13.98393239804253,43.703777733795,-13.993127665300804,43.66532161861889,-13.91736325699401,43.726789878706036,-11.842277440435478,43.97419108028655,-8.052492148133554,44.00802606871871,-4.187142399600942,43.213102256953015,approx_rxn_crds,0.0,0.06817752430623071,0.15882898635668402,0.2631413138021016,0.39864044332208787,0.49983099314207846,0.5736439708562944,0.6362980908661438,0.6632990237923966,0.6836225040225209,0.7486172416105051,0.8653937775716009,1.0
nimgs,13,RMSF,0.00045878639572435496,AbsF,0.0023137668652045544,RMSF_o,0.0002487989217843211,AbsF_o,0.0011928264091452378,RMSF_CI,0.00032094089149504665,AbsF_CI,0.0017787696969009332,energies,-2062.2789515101354,-2062.2816519357293,-2062.28224023905,-2062.282417732743,-2062.2809172588395,-2062.2722442708605,-2062.262856786024,-2062.252836992174,-2062.205412877309,-2062.265362761126,-2062.279277963581,-2062.283104342087,-2062.2828096549856,gradnorms,0.0016062163540350232,0.0014776586302698443,0.00353006009628905,0.00683576333939285,0.004639744261305243,0.004467610999244229,0.0022745413168825117,0.0047819115837776675,0.0022710191473183476,0.003970127688236766,0.0033439100291123205,orth_gradnorms,0.0014945104683331645,0.0014716179430971322,0.001440989243677654,0.0023260143691273515,0.003707020444075139,0.002869347682596952,0.002177461687929862,0.0,0.0022223650830123075,0.0030744211665669472,0.0023463961472852315,projcoords,-33.34677401201248,43.213102256953015,-31.61747832418947,43.840268737189746,-28.953130204481415,44.73661457631767,-25.269620064361824,45.43504563309685,-20.11050869375383,45.74122999204687,-16.320901751728314,45.33269584495405,-14.927554483503876,44.69200765325903,-13.98317117755791,43.70246069379006,-13.992255239724022,43.66374197802584,-13.91680565219854,43.725459735969444,-11.848758289499425,43.97439178002922,-8.057559861032853,44.009105132695424,-4.187142399600942,43.213102256953015,approx_rxn_crds,0.0,0.06813431783496923,0.15882156551448537,0.2632522729699402,0.3989057063486784,0.4999789104646348,0.5737934661538713,0.6363228769366173,0.6633889854122396,0.6836207777234032,0.7484731034675848,0.865269075024739,1.0
nimgs,13,RMSF,0.00045844818135892394,AbsF,0.0023110128207645035,RMSF_o,0.0002481436638404019,AbsF_o,0.0011896216907890844,RMSF_CI,0.000308587632970566,AbsF_CI,0.0016976316831187738,energies,-2062.2789515101354,-2062.2816556553757,-2062.282244619454,-2062.282421605514,-2062.2809130525397,-2062.272220224553,-2062.262866509997,-2062.252817527646,-2062.2054217733776,-2062.2653341599107,-2062.279285085694,-2062.283108687332,-2062.2828096549856,gradnorms,0.0016042401044978165,0.0014765943636925896,0.0035426455156715676,0.006830724058843957,0.004624716268964359,0.004452690489983576,0.002317707862842807,0.004597852177198354,0.0023062932099650563,0.003956792249233819,0.003328205923603605,orth_gradnorms,0.0014930333603813022,0.001470322612753163,0.0014397475750971926,0.0023273790675347704,0.003697257320598435,0.00287156101753928,0.0021977683464728683,0.0,0.0022698713063119577,0.003065533499729238,0.0023386452294766173,projcoords,-33.34677401201248,43.213102256953015,-31.61816703691577,43.83964800285993,-28.952387986791344,44.73668068472861,-25.263569900502638,45.435707195080376,-20.097287844666432,45.741024459555526,-16.31233178497331,45.33043762533848,-14.922481312470914,44.688568008656446,-13.98240789348807,43.70114501119662,-13.99133949329235,43.662185388349094,-13.916249307428034,43.724124161826545,-11.855215372720494,43.97459983464987,-8.062597473176684,44.010179372517726,-4.187142399600942,43.213102256953015,approx_rxn_crds,0.0,0.06809142080333963,0.15881481813790627,0.2633648042771646,0.39917207478062966,0.5001277292633504,0.5739439662189493,0.6363504786004199,0.6634810730317355,0.6836181937395016,0.7483290782283937,0.8651448546909806,1.0
nimgs,13,RMSF,0.00045812043736892294,AbsF,0.002308857063784883,RMSF_o,0.0002474878789685255,AbsF_o,0.0011864582534804736,RMSF_CI,0.0003011605549842814,AbsF_CI,0.0016984070496484866,energies,-2062.2789515101354,-2062.2816593663642,-2062.2822489923246,-2062.282425464863,-2062.2809088050576,-2062.2721962056835,-2062.2628763657067,-2062.2527969709936,-2062.205433311655,-2062.265306418857,-2062.2792921287114,-2062.283113026197,-2062.2828096549856,gradnorms,0.0016022993124145569,0.0014755402329577796,0.0035552730219188893,0.006825840783375386,0.0046098030861209975,0.004439111723383949,0.0023561680447756685,0.004487191207538828,0.0023486873274904878,0.0039433447521650435,0.003312733158830176,orth_gradnorms,0.001491560506307351,0.0014690347617038937,0.0014385231312513398,0.002328747226932655,0.003687486346071993,0.0028740284783605663,0.002213634353782093,0.0,0.002322469381578578,0.0030567312167720166,0.0023309335905308164,projcoords,-33.34677401201248,43.213102256953015,-31.61885617770043,43.83902874971505,-28.951642967600208,44.73674913749767,-25.257492386213542,45.4363707935556,-20.084072258817436,45.74081441655282,-16.303794197986164,45.32818562241671,-14.917443166714547,44.685149452865524,-13.981642571146455,43.69982802153467,-13.990402030564992,43.660691963728695,-13.915693098131989,43.722781377510984,-11.861649165488107,43.974814817879356,-8.067605225987027,44.011248807096905,-4.187142399600942,43.213102256953015,approx_rxn_crds,0.0,0.06804896578149262,0.1588090538267449,0.2634794210092585,0.39944031734846025,0.5002784262095765,0.5740965919790841,0.6363822988146478,0.663570428781694,0.6836142005416151,0.7481846556191506,0.8650208459576054,1.0
nimgs,13,RMSF,0.0004578048670677346,AbsF,0.0023073933008197103,RMSF_o,0.00024683261507041045,AbsF_o,0.0011833541233042086,RMSF_CI,0.000299929829179404,AbsF_CI,0.0016424740765458396,energies,-2062.2789515101354,-2062.2816630687475,-2062.282253357714,-2062.2824293108233,-2062.280904516879,-2062.2721722151537,-2062.2628863557948,-2062.252775061325,-2062.2054476805824,-2062.265279915705,-2062.2792990930698,-2062.2831173585064,-2062.2828096549856,gradnorms,0.0016003962775725249,0.001474495778226384,0.0035679445198686984,0.006821138891784946,0.004595022212875653,0.004427023702556181,0.0023853207213886513,0.004468853806046042,0.0023885171876649705,0.003929645082662759,0.0032975095692334157,orth_gradnorms,0.001490091868935359,0.0014677543203846766,0.0014373158580920442,0.002330119172945093,0.0036777231338797687,0.0028767546456952655,0.0022226201069386713,0.0,0.002370059823833362,0.003048014603350476,0.0023232784571570386,projcoords,-33.34677401201248,43.213102256953015,-31.619545730501844,43.83841097032045,-28.950895117037277,44.73681993403765,-25.251387504162587,45.437036420083736,-20.070862291943968,45.74059990704916,-16.29528892937242,45.32593988806007,-14.912439951693212,44.68175199129654,-13.980875376626603,43.69850754115541,-13.98946865106067,43.65929913544294,-13.915135957685859,43.72143048369342,-11.868060050327315,43.975036300960994,-8.072583384657035,44.01231345299314,-4.187142399600942,43.213102256953015,approx_rxn_crds,0.0,0.06800705665522672,0.15880451684157698,0.26359652941648193,0.39971104287409753,0.5004317742117977,0.5742522335471699,0.6364194240979197,0.663652208152164,0.6836083691766786,0.7480394298297486,0.8648968320716394,1.0
nimgs,13,RMSF,0.0004574967323335858,AbsF,0.0023066651285644922,RMSF_o,0.00024617935685065614,AbsF_o,0.0011803275456608398,RMSF_CI,0.00030411295010433607,AbsF_CI,0.0018000635790558835,energies,-2062.2789515101354,-2062.2816667625652,-2062.2822577156794,-2062.282433143431,-2062.280900188397,-2062.2721482535367,-2062.2628964825476,-2062.2527516249165,-2062.2054642525463,-2062.2652549589748,-2062.27930597955,-2062.2831216840586,-2062.2828096549856,gradnorms,0.0015985236362118394,0.0014734615582957143,0.003580654256813506,0.006816547787648211,0.004580364453939977,0.004416478394418598,0.00240188179971093,0.0045311809040798675,0.0024169464519292645,0.003915536611172801,0.0032825194004466028,orth_gradnorms,0.0014886274498631467,0.001466481213912767,0.001436125820685271,0.002331496156382518,0.003667989805622065,0.0028797435677942107,0.002223250087594259,0.0,0.0024039198654437956,0.0030393805811367923,0.0023156903067843813,projcoords,-33.34677401201248,43.213102256953015,-31.620235690733583,43.83779465278019,-28.950144410748933,44.736893071782326,-25.245255233081657,45.437704066436176,-20.057658228318928,45.74038096586493,-16.28681590603243,45.32370046400742,-14.907471449173784,44.67837548564605,-13.9801066885442,43.69718210455571,-13.988560770861785,43.6580283281175,-13.914577062064785,43.72007172046466,-11.874448290432511,43.975263858313156,-8.077532238491813,44.01337332531081,-4.187142399600942,43.213102256953015,approx_rxn_crds,0.0,0.06796573902815056,0.15880131672577075,0.26371631324621925,0.3999845248675747,0.5005881233924,0.5744112991285809,0.6364623334904167,0.6637226510392518,0.6836005262318137,0.7478932105745789,0.864772709442467,1.0
nimgs,13,RMSF,0.00045718787362327194,AbsF,0.002306672501932942,RMSF_o,0.0002455291205636659,AbsF_o,0.0011773857930972552,RMSF_CI,0.00031139922186674564,AbsF_CI,0.00190990423353546,energies,-2062.2789515101354,-2062.2816704478455,-2062.282262066271,-2062.282436962716,-2062.2808958199416,-2062.2721243211986,-2062.2629067479293,-2062.2527265829644,-2062.2054819734617,-2062.265231761702,-2062.2793127893606,-2062.2831260026433,-2062.2828096549856,gradnorms,0.0015966689310182216,0.001472438757967457,0.003593392000410043,0.0068119458965095634,0.004565799336484611,0.004407444851757462,0.0024049951460318806,0.004639743908254599,0.002429016119063971,0.0039008781260001053,0.0032677226958200706,orth_gradnorms,0.001487167274130186,0.0014652153640199819,0.0014349531544038646,0.002332879704913319,0.003658301503148464,0.0028829982156694752,0.0022157285804688203,0.0,0.00241952155651004,0.0030308229802321787,0.002308166781474359,projcoords,-33.34677401201248,43.213102256953015,-31.62092606175878,43.837179782151495,-28.949390828295186,44.736968546788624,-25.23909554935323,45.438373724509795,-20.04446030225506,45.74015762134679,-16.27837504717135,45.3214673829083,-14.902537324065069,44.675019661253536,-13.979337132068805,43.6958510966619,-13.987686489659247,43.65687526333938,-13.914015970876632,43.71870655436729,-11.880814001663435,43.97549707401041,-8.082452093742308,44.01442843850016,-4.187142399600942,43.213102256953015,approx_rxn_crds,0.0,0.06792499288048019,0.15879941046943027,0.263838703445321,0.4002606546860167,0.5007473438959045,0.5745736496033994,0.6365108226970886,0.6637798383946414,0.683590785224803,0.7477460528320476,0.8646485035942828,1.0
nimgs,13,RMSF,0.0004568705000896742,AbsF,0.002307383850249564,RMSF_o,0.00024488191340532096,AbsF_o,0.0011745198456819845,RMSF_CI,0.00031921067505154494,AbsF_CI,0.0019428210733995065,energies,-2062.2789515101354,-2062.281674124618,-2062.2822664095434,-2062.282440768709,-2062.2808914118164,-2062.2721004184664,-2062.2629171536414,-2062.2526999481443,-2062.2054998444396,-2062.265210429857,-2062.2793195242075,-2062.283130314052,-2062.2828096549856,gradnorms,0.0015948203079912064,0.0014714286054651675,0.0036061475025498104,0.006807217137361344,0.004551287968018624,0.0043998351475752024,0.002396095062385787,0.004756131939385574,0.0024242906828964217,0.003885575785772665,0.0032530734265686285,orth_gradnorms,0.001485711374367874,0.0014639566914389902,0.0014337980074800142,0.0023342711859857183,0.003648658333675181,0.0028865206347581406,0.0022018300324366806,0.0,0.002416920170386281,0.0030223342032360953,0.002300694770523728,projcoords,-33.34677401201248,43.213102256953015,-31.621616849999906,43.83656634240605,-28.94863435087582,44.73704635458626,-25.232908429376998,45.4390453861973,-20.031268727619405,45.73992989920177,-16.26996627056008,45.319240671618374,-14.897637138968392,44.671684122999665,-13.978567536355808,43.694514730723505,-13.986838425890372,43.655812512253895,-13.913452654982574,43.71733751355836,-11.887157131457517,43.97573554789006,-8.08734326245293,44.0154788067397,-4.187142399600942,43.213102256953015,approx_rxn_crds,0.0,0.06788475694982841,0.1587986587117187,0.26396347078187016,0.40053908099383995,0.5009090019885006,0.5747388006272838,0.6365642360183137,0.6638234991958308,0.6835794331043471,0.747598168933545,0.864524322180886,1.0
nimgs,13,RMSF,0.0004565388361276623,AbsF,0.0023087446176650755,RMSF_o,0.00024423687502730967,AbsF_o,0.0011717085176010682,RMSF_CI,0.0003254855020268278,AbsF_CI,0.0019037534682221544,energies,-2062.2789515101354,-2062.2816777929056,-2062.2822707455475,-2062.2824445614397,-2062.280886964332,-2062.2720765457475,-2062.2629277011856,-2062.2526718135387,-2062.205517127904,-2062.2651909655588,-2062.2793261863144,-2062.283134618089,-2062.2828096549856,gradnorms,0.0015929689687443672,0.00147043208606919,0.003618912558461046,0.006802275455625251,0.004536792645397628,0.004393523570295165,0.002377863284773796,0.004849624755646941,0.0024054418130580457,0.0038695941343488455,0.0032385326271266376,orth_gradnorms,0.001484259778518469,0.001462705118133475,0.0014326604917080765,0.002335671679448328,0.0036390474783010813,0.0028903126413985267,0.0021841612635961293,0.0,0.002399170917101516,0.0030139072580163363,0.002293259053838932,projcoords,-33.34677401201248,43.213102256953015,-31.622308060750896,43.83595431811362,-28.947874959360973,44.73712649091845,-25.226693851696755,45.43971904327233,-20.01808372318494,45.73969782594951,-16.2615894984756,45.317020355445564,-14.892770373129935,44.668368376095486,-13.977798814378218,43.69317389294013,-13.985999317895079,43.65480143535812,-13.912887391888248,43.715967814980345,-11.89347745216341,43.97597890011283,-8.092206051880035,44.01652444388552,-4.187142399600942,43.213102256953015,approx_rxn_crds,0.0,0.06784496258257756,0.1587989043621045,0.2640903560364552,0.40081940654187437,0.5010726072628078,0.5749062060329899,0.6366217965326526,0.6638541340296291,0.6835667751196296,0.7474498043495785,0.8644002885814874,1.0
nimgs,13,RMSF,0.00045618862890683975,AbsF,0.002310680692209311,RMSF_o,0.00024359293428891711,AbsF_o,0.0011689291247767653,RMSF_CI,0.00032875065191351107,AbsF_CI,0.0017971647966769004,energies,-2062.2789515101354,-2062.2816814527423,-2062.282275074335,-2062.2824483409368,-2062.2808824778285,-2062.2720527036,-2062.2629383919275,-2062.2526423396034,-2062.2055332830237,-2062.265173278914,-2062.2793327783866,-2062.283138914572,-2062.2828096549856,gradnorms,0.001591108422001742,0.0014694500003986986,0.003631680468469345,0.00679705748555552,0.004522281827375073,0.0043883553084635785,0.002353219256859479,0.004898274393258303,0.0023765587764631928,0.0038529479207119544,0.0032240727369408956,orth_gradnorms,0.0014828125012255073,0.0014614605691253499,0.0014315406474102387,0.002337082012852408,0.003629452977388962,0.002894376577450275,0.002165395645705853,0.0,0.002370583578845089,0.003005536894723895,0.002285851621373306,projcoords,-33.34677401201248,43.213102256953015,-31.622999695449796,43.83534369554343,-28.947112632987594,44.73720895223733,-25.2204517984774,45.44039468731079,-20.004905529362627,45.739461431343734,-16.253244662052516,45.31480646228926,-14.887936443363671,44.66507184921387,-13.97703180539949,43.69182992318313,-13.98515007244793,43.65380395484733,-13.912320573594712,43.71460091740382,-11.899774570103673,43.97622677375908,-8.097040756856234,44.01756536325655,-4.187142399600942,43.213102256953015,approx_rxn_crds,0.0,0.06780555128786682,0.15880001344243938,0.26421913776383965,0.4011012906338248,0.5012377411719621,0.5750754048099008,0.6366827876239988,0.663872246493148,0.6835530571340329,0.747301172713296,0.8642765073207463,1.0
nimgs,13,RMSF,0.000455816353836948,AbsF,0.002313100780548236,RMSF_o,0.0002429494978239379,AbsF_o,0.001166167847049265,RMSF_CI,0.0003279789346078268,AbsF_CI,0.0016266957795012472,energies,-2062.2789515101354,-2062.281685104164,-2062.2822793959567,-2062.282452107227,-2062.280877952692,-2062.2720288927653,-2062.2629492271653,-2062.252611742798,-2062.2055478642574,-2062.265157202077,-2062.2793393035563,-2062.2831432033354,-2062.2828096549856,gradnorms,0.001589233282455397,0.001468483084277091,0.003644445067684621,0.00679151071194006,0.0045077341358190585,0.00438415195307923,0.002324804632788739,0.004886776064372063,0.002342258718366388,0.0038356896397344206,0.00320967697571355,orth_gradnorms,0.0014813695369221287,0.001460222973940889,0.0014304384205247541,0.0023385027278457413,0.0036198659899814804,0.002898715613100354,0.0021477952253666373,0.0,0.0023358357832468507,0.002997219246174557,0.002278475612636976,projcoords,-33.34677401201248,43.213102256953015,-31.623691749979436,43.83473446334475,-28.94634734852461,44.737293736020256,-25.214182256505822,45.44107230963411,-19.991734418734417,45.739220749933196,-16.244931704009325,45.31259902601655,-14.883134725766304,44.66179391881716,-13.97626712982423,43.69048439560768,-13.98427547739874,43.65278887258223,-13.911752495428205,43.71324012340196,-11.906047946577441,43.97647883569441,-8.101847655081428,44.01860157757848,-4.187142399600942,43.213102256953015,approx_rxn_crds,0.0,0.06776647297027819,0.15880187087741335,0.2643496252961187,0.4013844383522454,0.5014040436573637,0.5752460051262593,0.6367465521405652,0.6638780907907138,0.6835384785158536,0.7471524619613559,0.8641530677329992,1.0
nimgs,13,RMSF,0.00045541928321896373,AbsF,0.002315900622779228,RMSF_o,0.00024230674165397998,AbsF_o,0.0011634240619760896,RMSF_CI,0.0003225827745335995,AbsF_CI,0.0014982577021495763,energies,-2062.2789515101354,-2062.2816887472163,-2062.282283710464,-2062.2824558603374,-2062.2808733893644,-2062.2720051141882,-2062.2629602081906,-2062.252580286393,-2062.205560529197,-2062.2651425025856,-2062.2793457652924,-2062.283147484236,-2062.2828096549856,gradnorms,0.001587339375873758,0.001467531986804063,0.0036572008556843565,0.006785594492978768,0.004493141953504193,0.004380719420008009,0.0022948822693617814,0.004806375090078438,0.002307479488799241,0.003817902415228993,0.0031953372530390844,orth_gradnorms,0.001479930853957042,0.001458992267647308,0.0014293536498791153,0.0023399338770464487,0.0036102891387415257,0.0029033334306686055,0.0021330245396540266,0.0,0.0022997843848151915,0.0029889505033985904,0.0022711417839607726,projcoords,-33.34677401201248,43.213102256953015,-31.62438421344911,43.83412661301758,-28.945579079659097,44.73738084099336,-25.20788521796108,45.44175190125901,-19.97857070343068,45.738975822064766,-16.236650579879402,45.310398088568874,-14.878364577528686,44.65853393396197,-13.975505088132888,43.689138932451,-13.983366532242407,43.65173340331097,-13.911183179593994,43.71188828716399,-11.912296926271281,43.976734776036956,-8.106627004571529,44.019633099215724,-4.187142399600942,43.213102256953015,approx_rxn_crds,0.0,0.06772767640865154,0.1588043581310469,0.26448162151225824,0.4016685439242668,0.5015711424958643,0.5754176025917701,0.6368124151361297,0.6638718186720995,0.6835232408474451,0.7470038691507499,0.8640300631057023,1.0
nimgs,13,RMSF,0.0004549962525855236,AbsF,0.0023189686986717305,RMSF_o,0.00024166539580562494,AbsF_o,0.0011607074065422144,RMSF_CI,0.0003125877196999595,AbsF_CI,0.0017084795067900018,energies,-2062.2789515101354,-2062.2816923819532,-2062.2822880179087,-2062.282459600294,-2062.2808687883453,-2062.271981369031,-2062.2629713363476,-2062.252548272196,-2062.205571133639,-2062.2651288959783,-2062.2793521672947,-2062.2831517571626,-2062.2828096549856,gradnorms,0.0015854248872810837,0.0014665971134445724,0.0036699441137948447,0.006779291478498697,0.004478512287024107,0.00437785808502875,0.0022653279621926295,0.004657452127140218,0.0022771785111633403,0.0037996980775956493,0.0031810518568511836,orth_gradnorms,0.0014784963915508477,0.0014577683912531292,0.001428286067349593,0.0023413747575167353,0.0036007333008201874,0.0029082335677826873,0.0021220440896319056,0.0,0.0022671916926849086,0.002980725848149527,0.002263860495529741,projcoords,-33.34677401201248,43.213102256953015,-31.625077067427654,43.83352013918731,-28.94480779659586,44.737470267265614,-25.201560680946557,45.44243345285587,-19.96541473943809,45.73872669434385,-16.228401257626793,45.30820370044563,-14.873625358059355,44.65529124061127,-13.97474561232615,43.68779506133048,-13.982421724530667,43.65062384551452,-13.91061226165102,43.71054762830524,-11.918520770381914,43.9769943063428,-8.111379042845554,44.02065994054651,-4.187142399600942,43.213102256953015,approx_rxn_crds,0.0,0.06768909982967962,0.15880733102695832,0.26461488582643045,0.40195323441610004,0.5017385831881426,0.5755896991326254,0.6368796037814175,0.6638537912498629,0.6835075951933124,0.7468556349459592,0.8639076097031156,1.0
nimgs,13,RMSF,0.00045454835745819004,AbsF,0.002322191632358322,RMSF_o,0.0002410262380846912,AbsF_o,0.0011580306411368404,RMSF_CI,0.0002989208872540183,AbsF_CI,0.0018575418208364584,energies,-2062.2789515101354,-2062.2816960084374,-2062.2822923183403,-2062.282463327122,-2062.2808641502,-2062.2719576586687,-2062.262982613086,-2062.2525160314917,-2062.205579816815,-2062.2651160586124,-2062.279358513382,-2062.2831560220407,-2062.2828096549856,gradnorms,0.0015834913971601704,0.0014656784646443473,0.003682674011804347,0.006772617991403498,0.0044638636319163415,0.004375372179489032,0.002237171298540894,0.004453820909932724,0.0022546505086606353,0.0037812156829057602,0.0031668235268196075,orth_gradnorms,0.0014770660621532957,0.0014565512911830453,0.0014272353156321513,0.002342823790102581,0.003591210065263146,0.00291341890079848,0.00211452529246532,0.0,0.0022411026067912076,0.002972539575856566,0.002256634833325307,projcoords,-33.34677401201248,43.213102256953015,-31.62577028598191,43.83291503955229,-28.944033466045525,44.73756201631263,-25.19520864957626,45.44311695473084,-19.9522669257793,45.7384734193521,-16.2201837155868,45.30601591956188,-14.868916448544072,44.6520652043023,-13.97398826949182,43.686454123892304,-13.981452871596495,43.649462346215955,-13.910038959941092,43.70921963922242,-11.924718693419695,43.977257156484,-8.116103987805833,44.02168211418925,-4.187142399600942,43.213102256953015,approx_rxn_crds,0.0,0.0676506576659163,0.1588105885994838,0.2647490821518024,0.4022379906432649,0.5019057304774364,0.5757615893077911,0.6369471285183278,0.6638250980279593,0.6834919057718751,0.7467080924477667,0.8637858735314069,1.0
nimgs,13,RMSF,0.00045408076993733,AbsF,0.002325463367586633,RMSF_o,0.00024038964629670195,AbsF_o,0.0011554030348986304,RMSF_CI,0.0002835702485277378,AbsF_CI,0.0019347814728759819,energies,-2062.2789515101354,-2062.2816996267375,-2062.2822966118097,-2062.2824670408463,-2062.2808594755434,-2062.271933984647,-2062.262994040001,-2062.252483912097,-2062.2055872247247,-2062.2651036414163,-2062.2793648073575,-2062.283160278826,-2062.2828096549856,gradnorms,0.0015815465719319942,0.0014647752367028053,0.00369539541181359,0.006765651094253014,0.004449228620295491,0.004373086588995806,0.002211675912166395,0.0042251015441902,0.0022434526192906894,0.0037626281121213127,0.0031526660180507832,orth_gradnorms,0.0014756397601323765,0.0014553409177377684,0.0014262009847153632,0.00234427869076455,0.0035817250612459176,0.002918891564037909,0.002110290323377421,0.0,0.00222486055874977,0.0029643863035215432,0.0022494591736329705,projcoords,-33.34677401201248,43.213102256953015,-31.62646383682216,43.83231131439512,-28.94325605174843,44.73765609076159,-25.188829133436755,45.443802396844724,-19.939127696924647,45.738216054483026,-16.21199793907069,45.3038348088916,-14.864237269212968,44.64885523022731,-13.97323234026253,43.68511727247158,-13.980470789812804,43.64825089525179,-13.909462189568307,43.70790512865722,-11.930889902985546,43.97752307028012,-8.120802040266256,44.022699632863485,-4.187142399600942,43.213102256953015,approx_rxn_crds,0.0,0.06761226296156063,0.15881392565459818,0.26488386637854366,0.4025222801418663,0.5020719344230501,0.5759325500928099,0.6370139977799055,0.6637874476604478,0.6834765445812109,0.7465615825620081,0.8636650253390998,1.0
nimgs,13,RMSF,0.0004536017437337493,AbsF,0.002328686752202752,RMSF_o,0.00023975552898030847,AbsF_o,0.001152828440276025,RMSF_CI,0.00026958687004384273,AbsF_CI,0.0019337026666153517,energies,-2062.2789515101354,-2062.2817032369267,-2062.2823008983664,-2062.2824707414893,-2062.2808547650156,-2062.271910348586,-2062.2630056188627,-2062.252452264812,-2062.205594382147,-2062.265091286281,-2062.279371052871,-2062.2831645274964,-2062.2828096549856,gradnorms,0.0015796026424131381,0.0014638859381015188,0.0037081178904924818,0.00675851376456852,0.00443464766150201,0.004370848884187228,0.0021902861245044368,0.004016753897241893,0.0022464756248532372,0.0037441294503721832,0.0031386030467712668,orth_gradnorms,0.0014742173765092054,0.0014541372225847391,0.0014251826682768667,0.0023457369673470863,0.003572276926025096,0.00292465336231483,0.002109414151029748,0.0,0.0022212862122168884,0.0029562626988098428,0.0022423239067003694,projcoords,-33.34677401201248,43.213102256953015,-31.62715768444067,43.83170896532368,-28.942475515964777,44.73775249382733,-25.182422145915687,45.44448976890127,-19.92599750365993,45.737954659363474,-16.203843915054197,45.301660432844464,-14.859587292873313,44.64566077909733,-13.97247688882382,43.68378546824519,-13.979485012796719,43.64699156285887,-13.908880674810888,43.706604249243576,-11.93703364410256,43.977791799749795,-8.125473389611106,44.02371250888498,-4.187142399600942,43.213102256953015,approx_rxn_crds,0.0,0.06757383183511692,0.15881714349452697,0.2650189043808906,0.4028055849564387,0.5022365646276858,0.5761018793466154,0.6370792651663942,0.663743113681935,0.6834618699384689,0.7464164357795803,0.8635452312336792,1.0
nimgs,13,RMSF,0.00045312027922252764,AbsF,0.002331771744141718,RMSF_o,0.0002391236161550022,AbsF_o,0.0011503078710765168,RMSF_CI,0.0002605844121707616,AbsF_CI,0.0018523590204730929,energies,-2062.2789515101354,-2062.281706839076,-2062.2823051780615,-2062.2824744290747,-2062.2808500192496,-2062.2718867520407,-2062.263017351635,-2062.2524214295995,-2062.205602399465,-2062.265078643491,-2062.279377253263,-2062.283168768031,-2062.2828096549856,gradnorms,0.001577672893335343,0.001463008797728402,0.00372085274929992,0.006751340104918409,0.00442016088641078,0.004368524368569265,0.0021734194976906246,0.003882620295926021,0.002262622042754147,0.0037259131526168007,0.0031246635466328655,orth_gradnorms,0.0014727988151420623,0.0014529401559249245,0.001424180026647738,0.0023471965360249876,0.0035628616369817044,0.0029307062712397073,0.002110974723188979,0.0,0.0022294830872546232,0.00294816847154588,0.002235222656930833,projcoords,-33.34677401201248,43.213102256953015,-31.627851794569743,43.83110799351105,-28.941691821615414,44.73785122851867,-25.17598770172782,45.44517906048538,-19.912876786591454,45.73768929238604,-16.195721626051757,45.299492853107076,-14.854966054809779,44.642481379017326,-13.971720825899311,43.682459479586235,-13.978514610630912,43.645700812870345,-13.908293057098096,43.70531652125857,-11.943149244619327,43.978063098628446,-8.130118221600757,44.02472075355471,-4.187142399600942,43.213102256953015,approx_rxn_crds,0.0,0.06753527253799213,0.15882002455053926,0.2651538298792895,0.40308733818053943,0.5023989304338289,0.5762688035056024,0.6371419321922873,0.6636954525350687,0.6834482777656123,0.7462730115051459,0.8634266742168635,1.0
nimgs,13,RMSF,0.0004526432521040639,AbsF,0.002334633442118034,RMSF_o,0.0002384938610574582,AbsF_o,0.0011478435008404513,RMSF_CI,0.00025904441419436354,AbsF_CI,0.0016966232804679594,energies,-2062.2789515101354,-2062.2817104332494,-2062.282309450942,-2062.282478103622,-2062.28084523883,-2062.271863196369,-2062.2630292404856,-2062.252391717385,-2062.2056121157398,-2062.265065389469,-2062.279383411441,-2062.2831730003923,-2062.2828096549856,gradnorms,0.0015757673856080445,0.0014621423405411825,0.0037336089771385344,0.0067442325609313155,0.004405799484397054,0.004365989804883455,0.0021597019578695237,0.0038596748428613536,0.0022855532854232376,0.0037081464784521523,0.0031108731276700613,orth_gradnorms,0.0014713840048340243,0.001451749664174848,0.001423192837653745,0.0023486561797260437,0.0035534784973578933,0.0029370525163406242,0.0021124895999678505,0.0,0.002243643478790328,0.0029401057140801545,0.002228156946096077,projcoords,-33.34677401201248,43.213102256953015,-31.62854613864102,43.83050839795045,-28.940904934444923,44.73795229684486,-25.16952581435185,45.445870261209365,-19.899765950093915,45.73742000731929,-16.18763104463534,45.297332124769724,-14.850373159820112,44.63931663437768,-13.970963026520069,43.68113994744591,-13.977590395389345,43.644414766673236,-13.907698108576067,43.70404098611683,-11.949236156114216,43.97833671610223,-8.134736726344254,44.02572437678084,-4.187142399600942,43.213102256953015,approx_rxn_crds,0.0,0.06749649418504453,0.15882235320964866,0.26528827934028165,0.40336697754647877,0.5025583471236623,0.5764325528926465,0.6372010357242993,0.6636490479848046,0.6834361598575996,0.7461316637410954,0.8633095360570877,1.0
nimgs,13,RMSF,0.0004521730923589749,AbsF,0.002337192778401513,RMSF_o,0.00023786665537908888,AbsF_o,0.0011454405348864686,RMSF_CI,0.0002645687771591459,AbsF_CI,0.0014812917882147364,energies,-2062.2789515101354,-2062.2817140195007,-2062.282313717058,-2062.2824817651504,-2062.280840424274,-2062.2718396826513,-2062.263041287788,-2062.252363386744,-2062.205623813295,-2062.2650512444116,-2062.2793895297787,-2062.2831772245263,-2062.2828096549856,gradnorms,0.0015738895284492201,0.0014612859159967336,0.0037463896711980964,0.006737227338502993,0.004391577972445163,0.004363131618030854,0.0021470193243276503,0.00394198599720266,0.0023071321014698724,0.0036909486575966983,0.003097244097707272,orth_gradnorms,0.0014699729034977,0.0014505656888538223,0.0014222210185028806,0.00235011565446572,0.0035441333432242646,0.0029436940497241312,0.002111371251782342,0.0,0.002256365458913118,0.0029320768062316375,0.002221135252223626,projcoords,-33.34677401201248,43.213102256953015,-31.629240696756252,43.82991017430387,-28.94011482448617,44.73805569928404,-25.163036494231147,45.44656336081809,-19.886665345311982,45.737146851078165,-16.179572130051007,45.295178293548446,-14.845808287257,44.636166232789094,-13.970202513383175,43.679827532552295,-13.976739816290035,43.643171652252754,-13.907095063161943,43.70277653054307,-11.955293984295928,43.9786123917866,-8.139329103972443,44.02672338713903,-4.187142399600942,43.213102256953015,approx_rxn_crds,0.0,0.06745743854928375,0.15882399090097482,0.26542201759395473,0.4036441368407975,0.5027143738597275,0.5765926342170058,0.6372559516667087,0.6636085457337795,0.68342575251747,0.7459926201104767,0.8631939323929697,1.0
nimgs,13,RMSF,0.00045170755214203427,AbsF,0.0023393817244405308,RMSF_o,0.00023724270231032668,AbsF_o,0.0011477846390722294,RMSF_CI,0.00027434201047821715,AbsF_CI,0.0012259918147569098,energies,-2062.2789515101354,-2062.281717597872,-2062.2823179764537,-2062.282485413679,-2062.2808355760267,-2062.271816211688,-2062.2630534961236,-2062.252336623349,-2062.2056371935405,-2062.265035986766,-2062.2793956100736,-2062.283181440358,-2062.2828096549856,gradnorms,0.0015720357714813045,0.0014604398363460868,0.003759191269580529,0.006730290945493887,0.004377492369702183,0.004359853400535399,0.0021339537828580575,0.004087603894011394,0.002321149323572491,0.003674384075321749,0.003083770877147112,orth_gradnorms,0.0014685654937761819,0.0014493881669496948,0.0014212646106641965,0.0023515754305533233,0.0035348366518822894,0.0029506317182460733,0.0021064047335290193,0.0,0.002262159710140778,0.0029240821476720458,0.0022141672917573097,projcoords,-33.34677401201248,43.213102256953015,-31.62993545809112,43.82931331475962,-28.93932146629638,44.73816143470455,-25.156519748403536,45.447258349215254,-19.87357526826232,45.73686986343981,-16.17154482796551,45.293031394762124,-14.841271194500075,44.63302995043045,-13.969438622224892,43.67852304468604,-13.975974094824561,43.64199377009625,-13.90648389057936,43.701522222460845,-11.961322504445969,43.97888985277513,-8.143895565933704,44.02771779232457,-4.187142399600942,43.213102256953015,approx_rxn_crds,0.0,0.06741809424738687,0.15882490976739,0.2655549944689019,0.40391873227839287,0.5028669207204632,0.5767489531722222,0.6373065309788837,0.6635773477319314,0.68341706832297,0.745855927156933,0.8630798833541292,1.0
nimgs,13,RMSF,0.000451242129299251,AbsF,0.0023411524846174364,RMSF_o,0.0002366226443203207,AbsF_o,0.001157403316289165,RMSF_CI,0.0002852064507016834,AbsF_CI,0.0013940384967302993,energies,-2062.2789515101354,-2062.2817211684,-2062.282322229178,-2062.282489049224,-2062.280830694473,-2062.2717927840736,-2062.2630658682683,-2062.252311529473,-2062.2056516810703,-2062.265019460983,-2062.2794016535404,-2062.2831856478097,-2062.2828096549856,gradnorms,0.0015701992326641017,0.001459604938834725,0.003772006756567782,0.006723356301320337,0.004363527500280653,0.004356092667274406,0.0021207834906314367,0.004249480407514676,0.002325277750263211,0.0036584754570944335,0.0030704357713400836,orth_gradnorms,0.001467161773232047,0.0014482170324608655,0.0014203237343559504,0.0023530362458757453,0.0035255979959066945,0.0029578646193134522,0.0020984679635132225,0.0,0.0022592386439922022,0.0029161190737215644,0.0022072575681481325,projcoords,-33.34677401201248,43.213102256953015,-31.63063041884336,43.828717808851025,-28.938524838002692,44.73826950072364,-25.14997558156775,45.44795521641175,-19.86049597216913,45.736589078637444,-16.163549073154115,45.29089145415222,-14.836761718387187,44.6299076550438,-13.96867108088664,43.67722746566149,-13.97528370494329,43.64087752798043,-13.90586537373682,43.70027750648297,-11.9673216616919,43.979168812926815,-8.148436331736132,44.02870759973387,-4.187142399600942,43.213102256953015,approx_rxn_crds,0.0,0.06737848521005324,0.1588251656542969,0.2656872999783003,0.40419089432099503,0.5030161635268946,0.5769017168475418,0.6373529908861806,0.6635569957408453,0.683409950965019,0.7457214930871691,0.8629673365569086,1.0
nimgs,13,RMSF,0.0004507724782053104,AbsF,0.002342483094309563,RMSF_o,0.00023600673235851528,AbsF_o,0.001166956671889857,RMSF_CI,0.00029498787355461333,AbsF_CI,0.0015631021955605522,energies,-2062.2789515101354,-2062.2817247311123,-2062.2823264752756,-2062.2824926718,-2062.2808257799707,-2062.2717694002954,-2062.2630784071757,-2062.2522881257873,-2062.2056667233796,-2062.2650015775,-2062.2794076608398,-2062.283189846804,-2062.2828096549856,gradnorms,0.001568373282731939,0.0014587820954442658,0.0037848290749348864,0.006716358657623434,0.004349664270145743,0.004351832000408842,0.0021092051803048985,0.004395220325629707,0.0023201722206651143,0.003643220320001429,0.0030572170602809596,orth_gradnorms,0.0014657617444598303,0.0014470522183448395,0.0014193985333926865,0.0023544987380528888,0.0035164211143599877,0.0029653900144295388,0.0020898878461315913,0.0,0.0022486076975347545,0.002908182609928607,0.0022004026592501186,projcoords,-33.34677401201248,43.213102256953015,-31.63132557922544,43.82812364465076,-28.937724919873585,44.73837989424235,-25.14340399776662,45.448653952443166,-19.84742768528634,45.73630452775478,-16.155584793438287,45.288758489817305,-14.83227977327543,44.62679930481332,-13.96789997933125,43.675941832760095,-13.974645461427967,43.639799411898004,-13.905240953328573,43.6990421804828,-11.973291560993214,43.9794489737347,-8.152951623511001,44.02969281686971,-4.187142399600942,43.213102256953015,approx_rxn_crds,0.0,0.06733864473715379,0.15882483693043362,0.2658190621455357,0.40446081201762424,0.5031623501705621,0.5770512119135899,0.6373956685431127,0.6635476902130056,0.6834042004865236,0.7455891857371006,0.8628562198127359,1.0
nimgs,13,RMSF,0.00045029501358216607,AbsF,0.0023433761869388757,RMSF_o,0.00023539475261797656,AbsF_o,0.0011764259637677829,RMSF_CI,0.00030250087509898707,AbsF_CI,0.0016794103103858569,energies,-2062.2789515101354,-2062.281728286037,-2062.282330714791,-2062.282496281422,-2062.2808208328615,-2062.2717460608137,-2062.2630911159445,-2062.252266360751,-2062.205681865316,-2062.264982307686,-2062.2794136321213,-2062.2831940372757,-2062.2828096549856,gradnorms,0.0015665524406689591,0.0014579720750385985,0.0037976520380873496,0.006709244594963415,0.004335881531914635,0.004347097438727125,0.0021014017367255947,0.004507161527471028,0.002307744865804601,0.0036285981582526764,0.003044093289927413,orth_gradnorms,0.001464365408500564,0.0014458936582400748,0.0014184891283046679,0.0023559633063984097,0.0035073028215906027,0.0029732037802615266,0.002083291895155399,0.0,0.002232424294769096,0.002900267474789708,0.0021935938750908984,projcoords,-33.34677401201248,43.213102256953015,-31.632020940848136,43.82753080981487,-28.93692169306617,44.738492611918744,-25.13680500190808,45.449354547299215,-19.834370626399696,45.73601624090963,-16.147651913436057,45.286632514555166,-14.82782534502377,44.623704942169866,-13.96712566814159,43.67466703862805,-13.974032707724682,43.63872904563567,-13.904612436270787,43.69781620796305,-11.979232451993976,43.97973002602343,-8.157441660791791,44.030673451426736,-4.187142399600942,43.213102256953015,approx_rxn_crds,0.0,0.06729859843925617,0.15882398409294232,0.26595037934385213,0.40472862975117285,0.5033056724665105,0.577197658090677,0.6374348583225115,0.6635491930457208,0.6833996579859163,0.7454588977299507,0.8627464761457282,1.0
nimgs,13,RMSF,0.0004498064141833335,AbsF,0.002343854653168515,RMSF_o,0.00023478620372679418,AbsF_o,0.0011857953437248076,RMSF_CI,0.00030711638199575216,AbsF_CI,0.0017458849206103749,energies,-2062.2789515101354,-2062.2817318332036,-2062.2823349477685,-2062.2824998781025,-2062.2808158534945,-2062.271722766122,-2062.2631039977778,-2062.252246121394,-2062.2056966871564,-2062.264961677821,-2062.2794195670763,-2062.2831982191665,-2062.2828096549856,gradnorms,0.0015647316309131648,0.0014571756461734164,0.003810469557873204,0.006701964627882187,0.004322155978564623,0.0043419505694416985,0.002099278283980221,0.004575931031387568,0.0022902670689351336,0.0036145708131128606,0.0030310452861632246,orth_gradnorms,0.0014629727611334493,0.0014447412878150735,0.001417595582686578,0.002357430152868319,0.003498235647325322,0.0029813010670415993,0.002080791248960147,0.0,0.0022131688962937087,0.0028923699391980966,0.002186823078493743,projcoords,-33.34677401201248,43.213102256953015,-31.632716504758037,43.826939292368856,-28.936115138677817,44.738607650528984,-25.13017860094436,45.45005699087049,-19.82132501644179,45.735724248965084,-16.139750357861494,45.28451353838863,-14.823398481423112,44.62062468312279,-13.966348636605552,43.67340363557502,-13.973421646210557,43.637639217127145,-13.903981693245884,43.69659947514509,-11.985144710935138,43.980011652150736,-8.16190665631796,44.0316495111485,-4.187142399600942,43.213102256953015,approx_rxn_crds,0.0,0.06725836278260855,0.15882264612528485,0.2660813140338501,0.4049944374152337,0.5034462543129492,0.5773411950800522,0.6374707967498877,0.6635613674995068,0.6833962165242974,0.7453305529876999,0.862638067168403,1.0
nimgs,13,RMSF,0.00044930332491896713,AbsF,0.002343958455477306,RMSF_o,0.00023418056207069433,AbsF_o,0.0011950522764804282,RMSF_CI,0.0003084756344571619,AbsF_CI,0.001764325499666962,energies,-2062.2789515101354,-2062.281735372642,-2062.282339174254,-2062.282503461856,-2062.280810842236,-2062.2716995167925,-2062.2631170559425,-2062.252227242284,-2062.2057107675028,-2062.2649397647806,-2062.2794254650044,-2062.283202392429,-2062.2828096549856,gradnorms,0.0015629057375791578,0.0014563936444294144,0.0038232751557340213,0.006694468766666931,0.004308464077565727,0.004336482284683629,0.002104109873021045,0.00459618343693245,0.0022703017974425046,0.0036010826170612825,0.003018058342190181,orth_gradnorms,0.0014615837898087453,0.001443595045883469,0.0014167178789747117,0.002358899344371969,0.0034892117898871772,0.0029896768063512455,0.002083652684986423,0.0,0.0021935863334954743,0.0028844884195810203,0.0021800875467997242,projcoords,-33.34677401201248,43.213102256953015,-31.633412269785623,43.826349081363,-28.935305236935374,44.73872500727301,-25.12352480489978,45.45076127289796,-19.80829108813951,45.73542858494666,-16.131880054596945,45.28240157121726,-14.81899928010605,44.61755870340387,-13.965569401254704,43.672151703560004,-13.972793252480583,43.63651019695236,-13.90335041874906,43.695391575078126,-11.991028819831877,43.98029352866578,-8.166346812774504,44.03262100367685,-4.187142399600942,43.213102256953015,approx_rxn_crds,0.0,0.06721795182308565,0.15882085621667183,0.26621191894768553,0.40525831002164914,0.5035842012373036,0.5774819399475057,0.6375037247456086,0.66358425110012,0.6833937923552736,0.7452040822281182,0.8625309596814545,1.0
nimgs,13,RMSF,0.00044878226632070984,AbsF,0.002343742538774282,RMSF_o,0.00023357746881682675,AbsF_o,0.0012041880121673356,RMSF_CI,0.0003063803835604195,AbsF_CI,0.0017591128617330243,energies,-2062.2789515101354,-2062.2817389043876,-2062.28234339429,-2062.2825070326926,-2062.280805799485,-2062.2716763135177,-2062.2631302937225,-2062.252209512558,-2062.205723672032,-2062.2649166939636,-2062.2794313248874,-2062.2832065570283,-2062.2828096549856,gradnorms,0.0015610694722204593,0.0014556269992168445,0.0038360617676544678,0.0066867051684067445,0.004294784045935335,0.004330808069908032,0.002115999069124669,0.004564964901683234,0.0022501228125147606,0.003588060080030529,0.0030051223943912257,orth_gradnorms,0.0014601984699929493,0.0014424548753457665,0.0014158559009109502,0.002360370778809269,0.0034802259027871163,0.0029983259578871806,0.0020918089160151254,0.0,0.002176035516933048,0.0028766227161340315,0.002173390823800947,projcoords,-33.34677401201248,43.213102256953015,-31.63410823100224,43.82576016747131,-28.934491966425696,44.738844680057014,-25.11684362786135,45.45146738291701,-19.795269094830537,45.735129285267234,-16.124040937465345,45.28029662536081,-14.814627874707798,44.614507222405734,-13.96478841647862,43.6709107971984,-13.972135798616414,43.63533539528389,-13.90271997175261,43.69419165831326,-11.996885343065841,43.98057532934159,-8.170762320495106,44.033587936567656,-4.187142399600942,43.213102256953015,approx_rxn_crds,0.0,0.06717739072683575,0.15881867359343316,0.26634229037615137,0.4055203886344865,0.5037197011460355,0.5776201032634151,0.6375340136324497,0.6636178579410872,0.6833922629920756,0.7450793725253548,0.8624250982116267,1.0
nimgs,13,RMSF,0.0004482404714442786,AbsF,0.002343277010738985,RMSF_o,0.0002329767489005873,AbsF_o,0.001213197967736875,RMSF_CI,0.00030083885362024144,AbsF_CI,0.001784774060979034,energies,-2062.2789515101354,-2062.2817424284817,-2062.282347607921,-2062.282510590626,-2062.2808007256826,-2062.2716531571496,-2062.263143714377,-2062.2521926822474,-2062.205735056098,-2062.2648926378597,-2062.279437145482,-2062.283210712945,-2062.2828096549856,gradnorms,0.0015592186158662862,0.0014548765329866513,0.0038488230866860935,0.0066786326065603275,0.00428109985422828,0.004325067582812723,0.002133584140538467,0.004482397965169326,0.002231161707433502,0.003575416835537778,0.002992232917421205,orth_gradnorms,0.0014588167614046452,0.001441320723859078,0.0014150094233232923,0.0023618440416172184,0.0034712753776212834,0.003007243531321495,0.002103662734679678,0.0,0.0021618270223630154,0.002868772676907869,0.002166739394968795,projcoords,-33.34677401201248,43.213102256953015,-31.634804378216263,43.82517254356018,-28.93367530333305,44.738966667764366,-25.110135088974666,45.45217531019456,-19.782259318821175,45.73482639079511,-16.116232948567617,45.27819871777272,-14.810284419883885,44.611470485627386,-13.964006026619433,43.66967998461198,-13.971446170572982,43.634124104165195,-13.902091314589821,43.69299841052458,-12.002714901434736,43.98085672849341,-8.17515335600627,44.03455031748816,-4.187142399600942,43.213102256953015,approx_rxn_crds,0.0,0.06713672853304076,0.15881621367700513,0.2664726188106343,0.4057809573642475,0.5038531199575991,0.5777560993920456,0.6375622819813835,0.6636617742423414,0.6833914073017999,0.7449562194205703,0.8623203788354229,1.0
nimgs,13,RMSF,0.0004476782080110877,AbsF,0.0023426497587317892,RMSF_o,0.00023237830361006858,AbsF_o,0.0012220815694626733,RMSF_CI,0.00029218987057070894,AbsF_CI,0.0017655345178669555,energies,-2062.2789515101354,-2062.281745944973,-2062.2823518151904,-2062.282514135666,-2062.2807956213223,-2062.2716300487273,-2062.2631573211,-2062.252176470169,-2062.2057449481354,-2062.264867812599,-2062.279442925408,-2062.283214860182,-2062.2828096549856,gradnorms,0.0015573534536883376,0.0014541423697292833,0.003861557482611402,0.006670255070086912,0.004267409940775671,0.004319429781627021,0.002155693242909582,0.00435353102010728,0.002216037180003061,0.0035630690456652067,0.002979396585434863,orth_gradnorms,0.001457438606456227,0.0014401925439082666,0.0014141781162588987,0.002363318259781306,0.0034623587436153833,0.003016424285805346,0.0021178281723775246,0.0,0.0021532992847182186,0.002860937372766829,0.002160137834332654,projcoords,-33.34677401201248,43.213102256953015,-31.635500694943367,43.82458620506155,-28.932855220903228,44.73909097043642,-25.103399213166053,45.45288504367664,-19.769262076807152,45.73451994746215,-16.108456039652214,45.27610787153867,-14.805969075372019,44.608448745768946,-13.9632224720281,43.66845797127581,-13.970721028965702,43.63288500699831,-13.90146504874047,43.69181019001069,-12.008518145114436,43.98113740431586,-8.17952008182615,44.03550815445185,-4.187142399600942,43.213102256953015,approx_rxn_crds,0.0,0.06709602124748801,0.15881360816176518,0.26660312211621073,0.4060403415843957,0.503984875056518,0.5778904019959997,0.6375892273008479,0.6637151114658223,0.6833909837681871,0.7448343915004871,0.8622166836393197,1.0
nimgs,13,RMSF,0.0004470986995108055,AbsF,0.0023419622260125164,RMSF_o,0.00023178202959212284,AbsF_o,0.0012308419973286202,RMSF_CI,0.0002811927861885781,AbsF_CI,0.0016998365356094246,energies,-2062.2789515101354,-2062.281749453916,-2062.2823560161423,-2062.282517667824,-2062.2807904869433,-2062.271606989459,-2062.2631711169793,-2062.252160574364,-2062.205753737907,-2062.2648424736544,-2062.2794486632324,-2062.2832189987603,-2062.2828096549856,gradnorms,0.0015554786458324926,0.0014534238858689098,0.0038742682119740613,0.006661620587900836,0.004253725532681823,0.004314084850158335,0.0021813802939668926,0.00418967815315186,0.002207982955192785,0.003550937140088031,0.0029666285843091287,orth_gradnorms,0.0014560639341402062,0.0014390702917847359,0.0014133615764530133,0.002364792124588454,0.0034534744608421975,0.0030258627216223155,0.0021332665200137057,0.0,0.002153239755663729,0.0028531156165421514,0.0021535860163186113,projcoords,-33.34677401201248,43.213102256953015,-31.6361971590504,43.82400114969509,-28.932031689733655,44.739217589149845,-25.096636030811837,45.453596571993316,-19.756277715665416,45.734210005571924,-16.100710171260303,45.2740241159003,-14.801681988722788,44.60544224192298,-13.962437901990105,43.66724320354146,-13.96995714590728,43.63162607369019,-13.90084144927853,43.69062516950382,-12.014295729634146,43.98141704164385,-8.18386264916377,44.03646145589803,-4.187142399600942,43.213102256953015,approx_rxn_crds,0.0,0.06705533060285268,0.15881100218211663,0.26673404087297214,0.4062989009484789,0.5041154264170906,0.5780235343981681,0.6376156068565997,0.6637765304435312,0.6833907343263985,0.7447136354713864,0.8621138830447198,1.0
nimgs,13,RMSF,0.0004465075132122284,AbsF,0.002341323458995478,RMSF_o,0.0002311878081613498,AbsF_o,0.0012394858478938647,RMSF_CI,0.00026911262415441105,AbsF_CI,0.0015881498163047645,energies,-2062.2789515101354,-2062.281752955369,-2062.282360210819,-2062.2825211871095,-2062.2807853231125,-2062.2715839806638,-2062.26318510496,-2062.2521446846313,-2062.2057620997016,-2062.2648169098984,-2062.2794543575415,-2062.283223128713,-2062.2828096549856,gradnorms,0.0015536023058791914,0.0014527197988287843,0.0038869627360105276,0.006652812110438937,0.004240067527732658,0.004309233095135605,0.0022098737280470014,0.004009687792634069,0.0022101286944228044,0.0035389455449264633,0.002953950400243382,orth_gradnorms,0.0014546926686377537,0.0014379539256187178,0.0014125593815537284,0.0023662641089499466,0.0034446207609290886,0.0030355533301793056,0.0021493330584761057,0.0,0.0021641863874390338,0.002845307308897652,0.0021470799254198385,projcoords,-33.34677401201248,43.213102256953015,-31.63689374488474,43.823417376618465,-28.931204678808022,44.73934652562319,-25.08984557642438,45.454309883518214,-19.743306599786848,45.733896617979354,-16.092995310121328,45.27194748501714,-14.797423277636113,44.602451177916684,-13.961652393933711,43.666033951622346,-13.969151717071771,43.6303544545066,-13.9002204961642,43.68944147687703,-12.020048295011724,43.98169533425386,-8.18818120283222,44.0374102305444,-4.187142399600942,43.213102256953015,approx_rxn_crds,0.0,0.06701472218128546,0.15880855006925668,0.2668656314028472,0.406557019045927,0.5042452633605776,0.5781560548305833,0.637642213088151,0.6638442859044583,0.6833903905357432,0.7445936834420811,0.8620118393007982,1.0
nimgs,13,RMSF,0.000445911513035739,AbsF,0.0023408429787896362,RMSF_o,0.00023059556161772563,AbsF_o,0.0012480227725862798,RMSF_CI,0.00025775540793666115,AbsF_CI,0.001433110931578745,energies,-2062.2789515101354,-2062.281756449391,-2062.2823643992633,-2062.2825246935327,-2062.2807801304,-2062.271561023688,-2062.263199287809,-2062.2521284964496,-2062.205770862873,-2062.2647914353256,-2062.2794600070056,-2062.2832272500723,-2062.2828096549856,gradnorms,0.0015517344379484916,0.0014520283835646496,0.003899651234124924,0.006643931907811556,0.004226462443340986,0.004305071764928499,0.002240471916985617,0.0038404690821788943,0.0022247774977084698,0.0035270203437483645,0.0029413878797154144,orth_gradnorms,0.0014533247399982669,0.0014368434029375491,0.0014117711546249932,0.0023677328052392204,0.0034357964861717774,0.0030454909883879705,0.00216574285263417,0.0,0.002187768793641242,0.002837514534680851,0.0021406151295612517,projcoords,-33.34677401201248,43.213102256953015,-31.637590426445946,43.82283488518275,-28.93037415706248,44.73947778163341,-25.08302788660564,45.45502496647007,-19.730349092628032,45.73357983751126,-16.085311425465278,45.26987801582388,-14.793193012987487,44.59947570116666,-13.960865972449351,43.66482837954631,-13.96830263657691,43.62907637726598,-13.899601899499405,43.68825732081056,-12.025776447681203,43.98197198693801,-8.19247588755274,44.03835448709338,-4.187142399600942,43.213102256953015,approx_rxn_crds,0.0,0.06697426294163288,0.1588064097571204,0.26699815655403036,0.40681508974606423,0.5043748870851581,0.5782885367315501,0.6376698438776339,0.6639162890356906,0.683389682277534,0.7444742623196389,0.8619104111245168,1.0
nimgs,13,RMSF,0.00044531754651250206,AbsF,0.002340623188827934,RMSF_o,0.00023000533903628833,AbsF_o,0.0012564650922992332,RMSF_CI,0.00024934298810423407,AbsF_CI,0.0013505538041479156,energies,-2062.2789515101354,-2062.281759936037,-2062.2823685815183,-2062.2825281871,-2062.2807749093486,-2062.2715381198136,-2062.2632136680936,-2062.2521117254405,-2062.205780850833,-2062.264766378164,-2062.2794656104375,-2062.283231362859,-2062.2828096549856,gradnorms,0.0015498849917667847,0.001451347788924284,0.003912344530251058,0.006635082005935195,0.004212937787221359,0.004301781075106894,0.0022724220811982097,0.0037151268496671956,0.0022527818070913665,0.0035150852827460955,0.0029289684446326177,orth_gradnorms,0.001451960093467649,0.0014357386783858013,0.0014109966228096848,0.0023691972482283506,0.0034270023677718613,0.003055671339257458,0.002182470349542301,0.0,0.0022241853676584593,0.0028297415620195244,0.002134190367301035,projcoords,-33.34677401201248,43.213102256953015,-31.638287180970053,43.82225367354018,-28.92954009517522,44.73961135835707,-25.076182997660432,45.455741809036226,-19.717405536222376,45.73325971413414,-16.07765848498886,45.26781574544175,-14.788991203682,44.59651588358543,-13.960078620493412,43.6636246115026,-13.967408724168873,43.62779705449344,-13.898985117332025,43.6870710879013,-12.031480744362794,43.98224671762052,-8.196746854731398,44.03929423397245,-4.187142399600942,43.213102256953015,approx_rxn_crds,0.0,0.06693401824392317,0.1588047360028399,0.2671318744841616,0.4070735005175995,0.5045047894346072,0.5784215446435792,0.6376992684460318,0.663990186153393,0.683388349055882,0.7443551050575992,0.8618094593740566,1.0
nimgs,13,RMSF,0.00044472923487415484,AbsF,0.0023407474377129703,RMSF_o,0.00022941738194195052,AbsF_o,0.0012648273039218016,RMSF_CI,0.00024591117351077977,AbsF_CI,0.0013509555934848882,energies,-2062.2789515101354,-2062.2817634153535,-2062.2823727576247,-2062.282531667821,-2062.2807696604455,-2062.271515270178,-2062.2632282481622,-2062.252094121436,-2062.2057924904802,-2062.2647420674302,-2062.279471166859,-2062.283235467069,-2062.2828096549856,gradnorms,0.0015480591392855242,0.0014506769094560252,0.0039250484709848306,0.0066263163599460575,0.004199509542899212,0.004299501843675719,0.0023020082992354363,0.003663993963853331,0.002288208179395358,0.003503045974435357,0.002916709298177731,orth_gradnorms,0.0014505986947170278,0.0014346397021868338,0.0014102356557418136,0.0023706570958562747,0.003418242004369488,0.003066091011710215,0.0021970240736215547,0.0,0.0022668203663710577,0.002821993687039639,0.0021278088535941738,projcoords,-33.34677401201248,43.213102256953015,-31.63898399220866,43.821673737382895,-28.92870246722287,44.73974725576714,-25.069310943339893,45.456460399493466,-19.70447623282059,45.732936292432896,-16.070036451201826,45.265760708651804,-14.784817784447903,44.59357170607732,-13.959290278588188,43.66242080037679,-13.966488312858907,43.626546941045696,-13.898369367471616,43.68588140581332,-12.037161676680062,43.98251925975442,-8.20099426865924,44.04022947927467,-4.187142399600942,43.213102256953015,approx_rxn_crds,0.0,0.06689408423906551,0.15880375751129616,0.2672671686073944,0.40733283082965566,0.5046356982352722,0.5785559156655234,0.6377315307818507,0.6640622933497443,0.6833859845079778,0.7442358267458626,0.8617087796918436,1.0
nimgs,13,RMSF,0.0004441460987989582,AbsF,0.0023412726575265477,RMSF_o,0.00022883206536587723,AbsF_o,0.0012731254095177955,RMSF_CI,0.0002479887724757671,AbsF_CI,0.0013069684272436618,energies,-2062.2789515101354,-2062.281766887377,-2062.2823769276242,-2062.2825351356983,-2062.280764384114,-2062.271492475746,-2062.2632430301483,-2062.252075485247,-2062.2058057082313,-2062.2647188066994,-2062.2794766755705,-2062.283239562676,-2062.2828096549856,gradnorms,0.0015462560082009087,0.0014500157008359837,0.0039377620425170914,0.006617627828111077,0.004186178362393608,0.004298322312858622,0.0023248103788443483,0.00369494949124293,0.002321986357237629,0.0034907924950050135,0.0029046126805483442,orth_gradnorms,0.0014492405282213326,0.001433546420024502,0.0014094882646479999,0.002372112554289055,0.003409520983803166,0.0030767475620153504,0.0022063957361345868,0.0,0.0023062242530465906,0.0028142751243202466,0.002121476263701035,projcoords,-33.34677401201248,43.213102256953015,-31.639680851716417,43.82109506945864,-28.927861251354056,44.73988547239312,-25.06241175386189,45.45718072626424,-19.691561438066323,45.732609610667474,-16.062445279961857,45.263712936586835,-14.780672608473509,44.590643049030156,-13.958500932516898,43.66121534042357,-13.96556715963246,43.625360736108505,-13.897753800360828,43.68468743398339,-12.042819652375545,43.98278936566574,-8.205218309214128,44.04116023096456,-4.187142399600942,43.213102256953015,approx_rxn_crds,0.0,0.06685454568884697,0.15880367705173606,0.2674043797922952,0.4075935966177469,0.5047682602291471,0.5786923960854945,0.637767534832291,0.6641286766956888,0.6833822318547369,0.7441160856595016,0.8616081892213063,1.0
nimgs,13,RMSF,0.0004435639251752141,AbsF,0.002342225782260522,RMSF_o,0.00022824973915533959,AbsF_o,0.001281376037639536,RMSF_CI,0.0002541808147183073,AbsF_CI,0.0014108145061644004,energies,-2062.2789515101354,-2062.281770352138,-2062.282381091555,-2062.2825385907377,-2062.28075908072,-2062.2714697373426,-2062.2632580159748,-2062.252055682743,-2062.205819977759,-2062.264696844595,-2062.2794821362304,-2062.283243649635,-2062.2828096549856,gradnorms,0.001544469242809241,0.0014493651747403778,0.003950477561736523,0.006608953636479766,0.004172929786146278,0.004298272516293281,0.0023375059431850493,0.0037872088427668565,0.0023457326639749684,0.0034782111596128353,0.0028926647207561896,orth_gradnorms,0.001447885590154428,0.0014324587742913302,0.0014087545638640571,0.002373564106556527,0.0034008445186798357,0.003087639220116196,0.0022084773352139078,0.0,0.002334002048630724,0.0028065873207325526,0.002115196897077534,projcoords,-33.34677401201248,43.213102256953015,-31.64037775785919,43.82051765997006,-28.92701642932498,44.740026005499445,-25.055485456461774,45.45790277789515,-19.67866136715199,45.73227970163045,-16.054884921444895,45.26167245691158,-14.776555445774477,44.58772968989634,-13.957710718213821,43.66000709195157,-13.96466743116231,43.62426173151561,-13.897137718645833,43.68348916087596,-12.048454974310815,43.98305681066671,-8.209419170415893,44.04208649724801,-4.187142399600942,43.213102256953015,approx_rxn_crds,0.0,0.066815446698563,0.15880460173908612,0.26754368875537415,0.4078560708049206,0.504902819221852,0.5788313872082664,0.6378077515991152,0.6641861858126725,0.6833769186515206,0.7439956962408311,0.8615075875389613,1.0
nimgs,13,RMSF,0.0004429769841105365,AbsF,0.002343606934190604,RMSF_o,0.00022767055262602935,AbsF_o,0.0012895954322644566,RMSF_CI,0.0002620489097497898,AbsF_CI,0.001491766142754254,energies,-2062.2789515101354,-2062.28177380966,-2062.282385249458,-2062.2825420329414,-2062.2807537505987,-2062.271447055732,-2062.2632732073807,-2062.252034651984,-2062.2058345918404,-2062.264676351245,-2062.279487548932,-2062.2832477278944,-2062.2828096549856,gradnorms,0.001542690275902761,0.0014487268525235253,0.003963184280355628,0.006600208411578377,0.004159741698245964,0.00429933194026945,0.0023390352223310565,0.0039044408184058664,0.0023547949714854723,0.0034652066035748864,0.002880842070398121,orth_gradnorms,0.0014465338789757128,0.0014313767062261635,0.00140803470747777,0.0023750121879355054,0.0033922148337531977,0.003098764607303966,0.0022029587675280403,0.0,0.0023457359729191388,0.00279892868396636,0.00210897065738298,projcoords,-33.34677401201248,43.213102256953015,-31.641074712937066,43.81994149770064,-28.92616798508002,44.74016885161397,-25.04853207726942,45.458626542969014,-19.6657762115166,45.73194659499698,-16.04735532314598,45.25963929534122,-14.772465987416302,44.584831307936874,-13.956919986974551,43.65879552600402,-13.963798515047873,43.62325205097884,-13.896520747428598,43.68228755295154,-12.054067820729507,43.98332139736345,-8.213597055291416,44.04300828692045,-4.187142399600942,43.213102256953015,approx_rxn_crds,0.0,0.06677678181633465,0.1588065213638633,0.26768507899010274,0.40812022627150235,0.5050393465348014,0.578972865755568,0.6378521258125928,0.6642331055316473,0.6833700963309958,0.7438746649451371,0.8614069760434183,1.0
nimgs,13,RMSF,0.000442380390989515,AbsF,0.0023453957036725483,RMSF_o,0.00022709438262743438,AbsF_o,0.001297798448827558,RMSF_CI,0.000269306180609979,AbsF_CI,0.0015095077709936441,energies,-2062.2789515101354,-2062.2817772599665,-2062.282389401372,-2062.282545462312,-2062.2807483940783,-2062.2714244317017,-2062.263288605947,-2062.2520124020134,-2062.205848949618,-2062.264657407436,-2062.279492914244,-2062.283251797401,-2062.2828096549856,gradnorms,0.0015409118040499402,0.001448102117471756,0.003975872527185501,0.006591319374276445,0.004146593196674609,0.004301443145174787,0.0023305560927806028,0.004012571718869469,0.002348908546085492,0.0034517211747071386,0.0028691210753996103,orth_gradnorms,0.0014451853877588184,0.0014303001581184387,0.001407328824437608,0.0023764569745566783,0.003383630094121947,0.003110122592237283,0.0021912833041388036,0.0,0.002341463019162515,0.0027912958768969392,0.002102792943220996,projcoords,-33.34677401201248,43.213102256953015,-31.64177171977174,43.819366571344105,-28.925315903049373,44.740314007160045,-25.04155164362684,45.45935200999635,-19.652906158360512,45.73161032011996,-16.039856433499985,45.25761347769156,-14.768403854402024,44.58194749459602,-13.956129289815241,43.65758073815648,-13.962954895611556,43.62231376607647,-13.89590287771172,43.6810844699805,-12.059658232527827,43.98358295914722,-8.217752169292163,44.04392560953476,-4.187142399600942,43.213102256953015,approx_rxn_crds,0.0,0.06673851171131903,0.15880934509468028,0.2678283979948979,0.4083858286314955,0.5051775569920471,0.5791165168316847,0.6379002263485855,0.6642690390596393,0.683361965055661,0.7437531318778637,0.8613064264963681,1.0
nimgs,13,RMSF,0.0004417709337034752,AbsF,0.002347555752360283,RMSF_o,0.0002265209192906596,AbsF_o,0.00130599768843818,RMSF_CI,0.0002743421193901724,AbsF_CI,0.001467706064359731,energies,-2062.2789515101354,-2062.2817807030838,-2062.2823935473352,-2062.282548878852,-2062.280743011505,-2062.2714018661186,-2062.263304213131,-2062.2519890056924,-2062.2058626557787,-2062.2646400066214,-2062.2794982332184,-2062.283255858109,-2062.2828096549856,gradnorms,0.0015391289975548981,0.0014474919535179028,0.003988535289557327,0.006582238665232623,0.004133468765075902,0.0043045218977393485,0.0023145164220209403,0.004087605516762978,0.0023308281303579793,0.0034377405151179642,0.002857483006044657,orth_gradnorms,0.0014438401005750614,0.0014292290749141829,0.0014066369714304105,0.0023778983592625657,0.003375085682843531,0.0031217123298181294,0.0021758945449759843,0.0,0.002324182193928812,0.002783685826051459,0.0020966575042032525,projcoords,-33.34677401201248,43.213102256953015,-31.642468779064448,43.81879287053272,-28.924460166820353,44.740461468951146,-25.034544185942334,45.46007916733157,-19.64005140562137,45.73127090823739,-16.03238820474178,45.25559503159185,-14.76436860951645,44.579077767400776,-13.95533928201018,43.65636334434512,-13.962121373319466,43.62141822605407,-13.895284369506838,43.67988238000688,-12.065226111889356,43.98384136202383,-8.221884714666391,44.044838475358766,-4.187142399600942,43.213102256953015,approx_rxn_crds,0.0,0.0667005873415551,0.158812958584229,0.2679734531512543,0.40865258202391286,0.5053170900695502,0.5792619413898342,0.6379514860802639,0.6642942648650351,0.6833527599875965,0.743631279058301,0.8612060315617093,1.0
nimgs,13,RMSF,0.0004411466396462621,AbsF,0.002350037177496958,RMSF_o,0.00022594984285147457,AbsF_o,0.0013142028384564271,RMSF_CI,0.00027616040452828116,AbsF_CI,0.0013701671835346884,energies,-2062.2789515101354,-2062.2817841390424,-2062.2823976873865,-2062.2825522825624,-2062.2807376032542,-2062.271379359965,-2062.263320030299,-2062.251964590579,-2062.205875466622,-2062.264624064651,-2062.279503507355,-2062.2832599099797,-2062.2828096549856,gradnorms,0.0015373388573661309,0.0014468970387902132,0.004001167531374888,0.006572936893277156,0.004120358372334578,0.004308462610696052,0.00229371799293219,0.0041146973551511295,0.0023046941665466423,0.0034232878800035537,0.002845915080890318,orth_gradnorms,0.0014424979921586981,0.0014281634050898118,0.001405959108023999,0.002379336048462672,0.0033665768355382215,0.003133533377044009,0.00215944378774734,0.0,0.0022981733682722583,0.0027760971169547245,0.0020905602146921412,projcoords,-33.34677401201248,43.213102256953015,-31.643165887885807,43.81822038642313,-28.923600758368966,44.74061123447776,-25.027509738799278,45.460808003124725,-19.62721217041807,45.730928393766554,-16.02495059456826,45.25358398750099,-14.760359770857887,44.576221585899425,-13.954550588316739,43.65514431442425,-13.961280296578156,43.62053555233912,-13.89466556717429,43.678683991075786,-12.070771232512755,43.98409650458754,-8.225994886742008,44.0457468952291,-4.187142399600942,43.213102256953015,approx_rxn_crds,0.0,0.06666296388302292,0.1588172569714808,0.268120067259229,0.40892021361685876,0.5054576147010815,0.5794087759998962,0.638005347964051,0.6643091679140943,0.6833426872619874,0.7435092770347438,0.8611058761459237,1.0
nimgs,13,RMSF,0.0004405062496081292,AbsF,0.002352778551773648,RMSF_o,0.0002253809702294953,AbsF_o,0.001322420218423393,RMSF_CI,0.00027421715143255085,AbsF_CI,0.0012816226655342881,energies,-2062.2789515101354,-2062.2817875678766,-2062.2824018215633,-2062.2825556734447,-2062.2807321697405,-2062.271356914337,-2062.263336058758,-2062.251939330462,-2062.205887225192,-2062.2646094319343,-2062.2795087385393,-2062.2832639529834,-2062.2828096549856,gradnorms,0.0015355394355352128,0.0014463178790936003,0.004013765288943267,0.006563395296607382,0.004107256892024304,0.004313142771232267,0.0022707921960964774,0.004085743536130445,0.002275113409504659,0.0034084157079885954,0.0028344099946166945,orth_gradnorms,0.0014411590285772252,0.001427103101020466,0.001405295088089057,0.0023807696510739934,0.003358100824369733,0.0031455857341362286,0.0021442915671547186,0.0,0.002268076422793567,0.002768529963760993,0.0020845011839336607,projcoords,-33.34677401201248,43.213102256953015,-31.64386303895053,43.81764911197133,-28.922737657680315,44.74076330204669,-25.020448341533445,45.46153850529412,-19.61438869295572,45.73058281491433,-16.01754356684606,45.25158037909109,-14.756376826313033,44.573378368857,-13.953763675354532,43.65392479604131,-13.960416696108043,43.61964004830771,-13.894046697046939,43.67749190885035,-12.076293258652402,43.9843483164296,-8.230082871866543,44.046650880454365,-4.187142399600942,43.213102256953015,approx_rxn_crds,0.0,0.06662560135847254,0.15882214635635883,0.26826808102981015,0.4091884773552898,0.5055988339474052,0.5795566977181532,0.6380612838180171,0.6643140339774687,0.6833319236858894,0.743387282015574,0.8610060361476107,1.0
nimgs,13,RMSF,0.0004398492251104846,AbsF,0.002355709833900864,RMSF_o,0.00022481429583903393,AbsF_o,0.0013306524974120062,RMSF_CI,0.0002684042067202607,AbsF_CI,0.0013149085475188873,energies,-2062.2789515101354,-2062.2817909896276,-2062.2824059499044,-2062.282559051499,-2062.280726711416,-2062.271334530445,-2062.263352299787,-2062.2519134380395,-2062.205897861645,-2062.264595905504,-2062.27951392896,-2062.283267987102,-2062.2828096549856,gradnorms,0.001533729845674654,0.0014457547891087467,0.0040263257659003526,0.00655360585207298,0.004094164443195872,0.004318428719249284,0.0022480310118410183,0.003999132610591876,0.002246857936379611,0.003393199499961789,0.0028229654411301647,orth_gradnorms,0.001439823167544631,0.001426048119029625,0.0014046446621100092,0.0023821986816577076,0.003349657566113191,0.0031578697386706626,0.002132291870744703,0.0,0.0022386065240183393,0.0027609850379429566,0.0020784839525685626,projcoords,-33.34677401201248,43.213102256953015,-31.644560220316293,43.81707904203557,-28.92187084257797,44.74091767083759,-25.013360038518456,45.46227066150659,-19.60158123795246,45.73023421386843,-16.010167091633278,45.24958424314167,-14.752419248375707,44.57054751210238,-13.952978759507204,43.65270595866826,-13.959520579545647,43.61871193321152,-13.893427697994397,43.67630837393147,-12.081791769740828,43.98459675533121,-8.23414884653813,44.047550442851055,-4.187142399600942,43.213102256953015,approx_rxn_crds,0.0,0.06658845902884017,0.1588275304354633,0.2684173305279867,0.4094571195504217,0.5057404424688384,0.5797053748149776,0.6381187511276387,0.664309130420376,0.6833206461780394,0.7432654567841729,0.8609065901497016,1.0
nimgs,13,RMSF,0.0004391752700381843,AbsF,0.0023587537907256606,RMSF_o,0.00022424993724777498,AbsF_o,0.0013388985599785735,RMSF_CI,0.00025917992436205994,AbsF_CI,0.0014425281914610373,energies,-2062.2789515101354,-2062.281794404341,-2062.282410072448,-2062.2825624167263,-2062.28072122877,-2062.271312209605,-2062.263368754668,-2062.251887157989,-2062.20590733527,-2062.2645832406797,-2062.2795190810166,-2062.283272012327,-2062.2828096549856,gradnorms,0.00153190956011427,0.001445208025421159,0.004038846476218475,0.0065435641476576725,0.0040810836795549124,0.004324178231019901,0.002226367930172178,0.0038616938988863076,0.0022223586263573334,0.003377728928042211,0.0028115802439826944,orth_gradnorms,0.0014384903588564478,0.0014249984190645476,0.0014040074912116945,0.0023836224996132537,0.003341248812487643,0.00317038585519097,0.002123592262578985,0.0,0.002212074534863405,0.002753462236048689,0.0020725125959388134,projcoords,-33.34677401201248,43.213102256953015,-31.645257415472706,43.81651017332267,-28.92100028874806,44.74107434088327,-25.006244879170204,45.463004459166264,-19.58879009381773,45.729882636609354,-16.002821144539233,45.247595618992705,-14.748486508648725,44.56772840628344,-13.95219575789057,43.65148887043861,-13.958598286824582,43.617748572521286,-13.89280811002244,43.67513508476442,-12.08726628830747,43.98484180343482,-8.238192977553082,44.04844559487647,-4.187142399600942,43.213102256953015,approx_rxn_crds,0.0,0.06655147892735506,0.15883327120847848,0.2685675807210308,0.40972577752869865,0.505882001395765,0.5798543228154344,0.6381770431220256,0.6642951070914567,0.6833091125161397,0.7431440334882072,0.8608076538423067,1.0
nimgs,13,RMSF,0.000438486355828622,AbsF,0.0023618338475041903,RMSF_o,0.00022368802304448878,AbsF_o,0.001347153584726065,RMSF_CI,0.00024772877406677624,AbsF_CI,0.00151699309125719,energies,-2062.2789515101354,-2062.281797812068,-2062.2824141892315,-2062.2825657691274,-2062.2807157223306,-2062.2712899532194,-2062.263385424708,-2062.251860756905,-2062.2059158785255,-2062.264571161705,-2062.27952419722,-2062.2832760286665,-2062.2828096549856,gradnorms,0.001530081378867614,0.0014446771263350942,0.004051329333358241,0.006533299557117064,0.004068026150091791,0.004330255236862305,0.002206576182683905,0.003691075602197737,0.0022041168311240007,0.0033621151798347896,0.002800260006343141,orth_gradnorms,0.0014371605455850457,0.0014239539639903434,0.0014033831710143973,0.002385040244645075,0.003332876479422615,0.003183134414574975,0.0021180062609620245,0.0,0.002190854409970177,0.002745960116240975,0.0020665887224931194,projcoords,-33.34677401201248,43.213102256953015,-31.645954603525965,43.81594250429354,-28.920125969810513,44.74123331302893,-24.99910291787635,45.463739885403704,-19.57601557121145,45.72952813259517,-15.995505705847194,45.24561454785031,-14.744578091792782,44.56492045421392,-13.951414336289695,43.650274471408565,-13.95765902477807,43.61675069915967,-13.892187141456667,43.673973196484596,-12.09271630846749,43.98508346273636,-8.242215422373143,44.04933634974626,-4.187142399600942,43.213102256953015,approx_rxn_crds,0.0,0.06651459606408001,0.158839213243444,0.2687185663492329,0.40999404198376954,0.5060230155173484,0.5800029924701073,0.6382353909368697,0.6642731300642182,0.6832976130441134,0.7430232737600507,0.8607093588393594,1.0
nimgs,13,RMSF,0.000437786717188818,AbsF,0.0023648772884157557,RMSF_o,0.0002231286543778654,AbsF_o,0.0013554093069528322,RMSF_CI,0.0002359932115470213,AbsF_CI,0.0015324941417536816,energies,-2062.2789515101354,-2062.2818012128614,-2062.282418300292,-2062.282569108702,-2062.28071019265,-2062.271267762746,-2062.263402311261,-2062.2518345118415,-2062.2059239956725,-2062.264559374769,-2062.279529280079,-2062.2832800361393,-2062.2828096549856,gradnorms,0.001528251413358771,0.0014441608498162268,0.0040637809534326075,0.006522875176164695,0.004055011415954519,0.00433653524262024,0.0021895373323265357,0.0035162196588059635,0.0021948212461687816,0.0033464864108157188,0.0027890164391423515,orth_gradnorms,0.0014358336686283724,0.0014229147180371932,0.0014027712784106493,0.0023864509005452933,0.0033245420739996473,0.003196115444868134,0.0021154308445427315,0.0,0.002177558903394898,0.0027384767048991895,0.0020607105943216708,projcoords,-33.34677401201248,43.213102256953015,-31.646651760583616,43.815376034611866,-28.919247858009612,44.74139458866628,-24.9919342130249,45.46447692711202,-19.563257994959486,45.729170753509166,-15.988220758422205,45.243641071380225,-14.740693507522137,44.562123086033026,-13.950633969089889,43.649063567790925,-13.956711193664933,43.61571908476196,-13.891563768742728,43.672823342275464,-12.098141326933629,43.985321749514846,-8.246216331338445,44.050222721416446,-4.187142399600942,43.213102256953015,approx_rxn_crds,0.0,0.06647774517163396,0.15884519985224385,0.2688700192911353,0.4102614988916301,0.5061629849059235,0.5801508283982209,0.6382930326576225,0.6642448192367426,0.6832864382195024,0.7429034417713903,0.86061183844455,1.0
nimgs,13,RMSF,0.00043708196212026846,AbsF,0.0023678164680905143,RMSF_o,0.00022257195252349906,AbsF_o,0.0013636544696393137,RMSF_CI,0.00022649867278724863,AbsF_CI,0.0014866967646080802,energies,-2062.2789515101354,-2062.2818046067764,-2062.2824224056667,-2062.2825724354493,-2062.2807046402822,-2062.271245639628,-2062.2634194157426,-2062.251808698509,-2062.205932354553,-2062.2645475828476,-2062.2795343319835,-2062.28328403477,-2062.2828096549856,gradnorms,0.0015264277711064108,0.0014436574058379126,0.004076211166744534,0.006512374562140958,0.004042063822481055,0.004342906663875027,0.0021761905292185997,0.0033747542174080614,0.002196622435007878,0.0033309781248245505,0.0027778651362820013,orth_gradnorms,0.0014345096738570947,0.001421880644611431,0.0014021714348643522,0.0023878534881938366,0.0033162474031843956,0.0032093285977662254,0.0021159032207482987,0.0,0.00217437665276039,0.0027310110307158463,0.002054874722984939,projcoords,-33.34677401201248,43.213102256953015,-31.647348862240385,43.814810764178446,-28.91836592548244,44.741558169260394,-24.984738825168414,45.465215571029766,-19.550517689986034,45.728810551176416,-15.98096628466058,45.24167522971069,-14.736832300319497,44.55933577169287,-13.949853990016754,43.647856829279334,-13.9557621525002,43.61465472283839,-13.890936830502724,43.67168564646915,-12.103540875274465,43.98555668799228,-8.250195851472245,44.05110472441752,-4.187142399600942,43.213102256953015,approx_rxn_crds,0.0,0.06644086411144334,0.15885108141925217,0.2690216827818612,0.41052775150337895,0.5063014316920856,0.5802972992482281,0.6383492507450907,0.6642121823102463,0.683275862103358,0.7427847898977242,0.8605152201980912,1.0
nimgs,13,RMSF,0.00043637787055180935,AbsF,0.0023705893618188485,RMSF_o,0.00022201813815493315,AbsF_o,0.0013718754513275641,RMSF_CI,0.00022180080604200714,AbsF_CI,0.001380858894246045,energies,-2062.2789515101354,-2062.2818079938647,-2062.282426505394,-2062.282575749368,-2062.2806990657627,-2062.2712235852227,-2062.2634367396413,-2062.251783579491,-2062.2059416412867,-2062.2645355009327,-2062.27953935509,-2062.2832880245796,-2062.2828096549856,gradnorms,0.0015246187885493718,0.001443164821292887,0.004088630760445331,0.0065018838340459165,0.004029208646642861,0.004349270637561513,0.0021674465772843323,0.003304757579387067,0.002210473151651816,0.0033157216341288156,0.0027668230643113356,orth_gradnorms,0.001433188519297038,0.0014208517040750098,0.001401583369413459,0.002389247300178384,0.003307995754938603,0.003222773107463676,0.0021196052759552366,0.0,0.002182454998043868,0.0027235642172772725,0.0020490785847338,projcoords,-33.34677401201248,43.213102256953015,-31.648045886597103,43.81424669197195,-28.917480145818146,44.74172405577589,-24.97751681472555,45.46595580385126,-19.537794964529812,45.72844757511698,-15.973742263099249,45.23971705917864,-14.732994056964582,44.55655803084137,-13.949073636144805,43.646654787126,-13.954818017111592,43.61355897158363,-13.890305115775165,43.670559740408244,-12.108914550934664,43.9857883037911,-8.254154131040654,44.05198237363632,-4.187142399600942,43.213102256953015,approx_rxn_crds,0.0,0.06640389681465575,0.15885672268293358,0.26917332393065524,0.4107924398029415,0.5064379235790537,0.5804419241638206,0.6384034052064408,0.6641775181384637,0.6832661283527284,0.7426675460630363,0.8604196192894729,1.0
nimgs,13,RMSF,0.0004356776661347742,AbsF,0.002373136447081396,RMSF_o,0.00022146757787259,AbsF_o,0.0013800570166984361,RMSF_CI,0.00022337581281252908,AbsF_CI,0.0012215853449086956,energies,-2062.2789515101354,-2062.281811374169,-2062.2824305995073,-2062.282579050455,-2062.2806934695773,-2062.271201600738,-2062.263454284521,-2062.251759392867,-2062.2059522321383,-2062.26452287028,-2062.279544351222,-2062.28329200558,-2062.2828096549856,gradnorms,0.0015228290427462313,0.001442681873016246,0.004101045849374405,0.006491451023202664,0.0040164623302129405,0.004355533491011068,0.0021621977307906947,0.00332822465173613,0.0022317522673712,0.0033008234286026586,0.002755899759908322,orth_gradnorms,0.0014318701796247257,0.0014198278521697165,0.001401006962975757,0.002390632066131127,0.003299792591485544,0.003236447724556665,0.002124752283603141,0.0,0.0021975640395161056,0.0027161393580544843,0.0020433225115004425,projcoords,-33.34677401201248,43.213102256953015,-31.648742817124962,43.8136838149602,-28.916590495555347,44.74189224813212,-24.97026823973747,45.466697612338685,-19.52509009453157,45.72808187029024,-15.966548665320559,45.23776659020791,-14.729178412092546,44.55378944035487,-13.94829208901623,43.645457829023464,-13.953900122167413,43.61245292465775,-13.88966744590899,43.669444791268575,-12.114262044227978,43.98601661781364,-8.258091323924491,44.05285568418054,-4.187142399600942,43.213102256953015,approx_rxn_crds,0.0,0.06636678297683077,0.15886197832069401,0.26932469253562336,0.41105517798205155,0.506571996302634,0.5805841835186154,0.6384548392545903,0.6641441085610691,0.6832574998462825,0.7425519524982227,0.8603251598182439,1.0
nimgs,13,RMSF,0.0004349809284703571,AbsF,0.0023754024091065264,RMSF_o,0.00022092071495103126,AbsF_o,0.0013881832108088277,RMSF_CI,0.0002303954708017847,AbsF_CI,0.0010220450894915228,energies,-2062.2789515101354,-2062.2818147477265,-2062.2824346880443,-2062.282582338706,-2062.280687852159,-2062.2711796872113,-2062.263472052025,-2062.251736335527,-2062.20596406388,-2062.264509471401,-2062.279549321807,-2062.283295977768,-2062.2828096549856,gradnorms,0.001521057775119911,0.001442208536489266,0.004113455287691631,0.0064810698658100685,0.0040038279037641605,0.004361608365571945,0.002157953573000966,0.003432815200159583,0.002252486173951232,0.0032863541746214818,0.0027450931853108154,orth_gradnorms,0.0014305546450216022,0.001418809039908549,0.0014004422498039798,0.002392007932878062,0.003291644517467433,0.0032503505320048125,0.0021284747010710766,0.0,0.0022122409574516087,0.002708739796656119,0.0020376093079112565,projcoords,-33.34677401201248,43.213102256953015,-31.649439643903634,43.81312212764082,-28.915696954848222,44.742062744966525,-24.962993154829487,45.467440983378665,-19.512403317249046,45.72771347618414,-15.959385454542584,45.235823846226744,-14.725385052713914,44.5510296406522,-13.94750860567038,43.644266288761116,-13.953035189596251,43.611368153997596,-13.889022931209357,43.66833972504975,-12.119583156320978,43.98624164155764,-8.262007591462245,44.05372467141952,-4.187142399600942,43.213102256953015,approx_rxn_crds,0.0,0.06632947827716129,0.15886674143359353,0.2694756033424043,0.41131568012053715,0.5067033083647274,0.5807236960240537,0.6385030759427455,0.6641155875827516,0.6832501610138494,0.7424381866366362,0.8602319320876582,1.0
nimgs,13,RMSF,0.00043428461025874757,AbsF,0.0023773424762304693,RMSF_o,0.00022037791039645907,AbsF_o,0.0013962382457534412,RMSF_CI,0.00024027595649052624,AbsF_CI,0.0011339976696739514,energies,-2062.2789515101354,-2062.2818181145667,-2062.2824387710384,-2062.2825856141167,-2062.280682213889,-2062.2711578455337,-2062.263490043878,-2062.251714546004,-2062.205976757878,-2062.264495134419,-2062.2795542678477,-2062.2832999411357,-2062.2828096549856,gradnorms,0.0015193003913703195,0.0014417457270161553,0.004125852385750515,0.006470694958123547,0.003991297327538546,0.00436742615138799,0.0021528838688516408,0.0035800311212852705,0.002266330472874334,0.0032723506775037196,0.0027343921141931987,orth_gradnorms,0.0014292419147847223,0.0014177952150233783,0.0013998893735076854,0.002393375269873382,0.003283556911755538,0.003264478715795253,0.002128999813053879,0.0,0.0022206236790630663,0.002701366917673391,0.0020319419557224203,projcoords,-33.34677401201248,43.213102256953015,-31.650136362783982,43.812561622378695,-28.914799507056337,44.742235543794145,-24.955691611782264,45.468185903963025,-19.499734836425276,45.72734242759927,-15.952252586297197,45.2338888439823,-14.721613721629584,44.54827834067566,-13.94672267916398,43.64308057179838,-13.952237145363569,43.61032546092446,-13.888371273219466,43.66724354092468,-12.124877806335693,43.98646337433543,-8.26590310099581,44.05458935117549,-4.187142399600942,43.213102256953015,approx_rxn_crds,0.0,0.06629197055407034,0.1588709823579132,0.2696260020430599,0.41157386087344455,0.5068317649483244,0.5808603606841247,0.6385479739740937,0.6640946972150253,0.683244139118679,0.7423262978126968,0.8601399583667969,1.0
nimgs,13,RMSF,0.0004335849084775283,AbsF,0.002378928677108229,RMSF_o,0.00022006055541373495,AbsF_o,0.0014042072274047693,RMSF_CI,0.00025032821499141315,AbsF_CI,0.0013019334317913298,energies,-2062.2789515101354,-2062.281821474714,-2062.2824428485246,-2062.282588876681,-2062.2806765551186,-2062.271136076514,-2062.2635082618776,-2062.2516940950786,-2062.205989846167,-2062.264479744463,-2062.27955918993,-2062.2833038956715,-2062.2828096549856,gradnorms,0.0015175512006846555,0.001441294697098311,0.004138228593473073,0.006460269636385278,0.003978857103518829,0.0043729469894872725,0.002146787886147936,0.003729806399669392,0.0022706135579898,0.003258824791263465,0.0027237815031345355,orth_gradnorms,0.0014279319890826917,0.0014167863242778192,0.0013993485177960431,0.002394734422124736,0.0032755318950700757,0.0032788284290091074,0.0021264519545124323,0.0,0.002220406449892573,0.0026940190198789108,0.0020263211980879985,projcoords,-33.34677401201248,43.213102256953015,-31.650832973211177,43.81200229025527,-28.913898137629282,44.74241064142638,-24.948363661190584,45.468932361120785,-19.487084834790892,45.726968756533935,-15.945150010511453,45.23196159492537,-14.717864218758203,44.54553532026134,-13.945934125766154,43.64190120293774,-13.951502032989175,43.60932659334242,-13.887712897111918,43.66615551205845,-12.130146029336483,43.98668180217791,-8.269778022225674,44.05544973994086,-4.187142399600942,43.213102256953015,approx_rxn_crds,0.0,0.0662542725058472,0.15887473122372758,0.2697759358972008,0.41182979045003576,0.5069574623774517,0.5809942932391927,0.6385896566683367,0.6640828330850405,0.6832393397172782,0.7422162353704607,0.8600492081602271,1.0
nimgs,13,RMSF,0.00043287869664951784,AbsF,0.0023801527889979273,RMSF_o,0.00022103818717500779,AbsF_o,0.0014120767205339552,RMSF_CI,0.0002587112825924257,AbsF_CI,0.001421181777360116,energies,-2062.2789515101354,-2062.281824828191,-2062.282446920536,-2062.282592126393,-2062.2806708761905,-2062.271114380933,-2062.2635267078867,-2062.251674986073,-2062.206002943707,-2062.264463241842,-2062.2795640882387,-2062.2833078413682,-2062.2828096549856,gradnorms,0.00151580550775736,0.0014408565358781592,0.004150576483496896,0.006449747317134426,0.003966493404987052,0.004378165899629024,0.0021409242957995383,0.003854711293782867,0.002265847944729749,0.0032457723115494165,0.002713247280688113,orth_gradnorms,0.0014266248625598372,0.00141578231571084,0.00139881983945927,0.002396085542544488,0.0032675680333883812,0.0032933948141840295,0.0021224520005376966,0.0,0.0022123517687045163,0.002686691961070474,0.0020207447626406595,projcoords,-33.34677401201248,43.213102256953015,-31.65152947584012,43.81144412199491,-28.91299283287397,44.742588034432934,-24.941009354335748,45.46968034184251,-19.47445348754694,45.72659249424565,-15.938077673962002,45.230042107031615,-14.714136399433459,44.5428004286491,-13.945143073645603,43.64072876433737,-13.95081272500665,43.60835745772459,-13.8870488661398,43.66507520202974,-12.135387968517431,43.98689689786801,-8.27363252315228,44.056305854990605,-4.187142399600942,43.213102256953015,approx_rxn_crds,0.0,0.06621640526446021,0.15887803853833618,0.2699254869139431,0.41208359239084447,0.5070805623261271,0.581125682227007,0.638628352719104,0.6640803593881687,0.6832356279891739,0.7421079127173847,0.8599596329309214,1.0
nimgs,13,RMSF,0.0004321637486431506,AbsF,0.0023810251069046524,RMSF_o,0.00022202997784851657,AbsF_o,0.0014198352276606515,RMSF_CI,0.0002644220972272284,AbsF_CI,0.0014933342611569247,energies,-2062.2789515101354,-2062.2818281750224,-2062.282450987107,-2062.282595363244,-2062.280665177454,-2062.2710927595917,-2062.2635453838166,-2062.2516571616625,-2062.2060157748338,-2062.264445618939,-2062.2795689625955,-2062.2833117782266,-2062.2828096549856,gradnorms,0.001514059937143299,0.0014404320694126065,0.004162890284290075,0.006439094831757695,0.003954194063989523,0.004383110424936619,0.002137214329081354,0.003939800515439097,0.002254245752740768,0.003233176676067809,0.0027027780682678374,orth_gradnorms,0.0014253205215527542,0.001414783140188574,0.0013983034218504951,0.0023974285588372994,0.0032596618232622956,0.0033081721623999007,0.002119175432400991,0.0,0.0021988509750260274,0.0026793810447079225,0.002015208678617945,projcoords,-33.34677401201248,43.213102256953015,-31.6522258707325,43.81088710866498,-28.91208357901771,44.74276771949416,-24.933628744632088,45.470429833025385,-19.46184097243777,45.726213672826205,-15.931035522362748,45.2281303865001,-14.710430169394487,44.54007357871964,-13.944349881240809,43.63956375909368,-13.950147092356925,43.60739701205768,-13.88638064992503,43.6640023338717,-12.14060386442763,43.98710862161149,-8.277466766933522,44.057157714338786,-4.187142399600942,43.213102256953015,approx_rxn_crds,0.0,0.06617838726189831,0.15888094838053188,0.2700747262862692,0.4123353738154227,0.5072012061465552,0.5812546911068734,0.6386642881414205,0.6640872033494424,0.6832328856993516,0.742001251160499,0.859871189807356,1.0
nimgs,13,RMSF,0.0004314383712868755,AbsF,0.0023815715265031656,RMSF_o,0.00022303550218967123,AbsF_o,0.0014274736345542289,RMSF_CI,0.000266977140532754,AbsF_CI,0.0015204669962693275,energies,-2062.2789515101354,-2062.281831515235,-2062.282455048269,-2062.282598587229,-2062.2806594592707,-2062.2710712133326,-2062.2635642916066,-2062.2516405127285,-2062.2060281285762,-2062.2644269164075,-2062.2795738124923,-2062.2833157062546,-2062.2828096549856,gradnorms,0.0015123118935641666,0.0014400219776157944,0.004175165133855872,0.006428286952567157,0.003941948811737764,0.004387834863894815,0.0021375305036500252,0.0039778698032846916,0.002238699712475568,0.003221009470759546,0.002692365447111443,orth_gradnorms,0.0014240189440811145,0.0014137887522170458,0.0013977992503090527,0.002398763230505691,0.0032518096834517167,0.0033231541376550293,0.0021185982312111333,0.0,0.002182936555010114,0.0026720828662561476,0.0020097096157015537,projcoords,-33.34677401201248,43.213102256953015,-31.65292215619307,43.810331242125756,-28.911170361600185,44.742949693629335,-24.926221888576904,45.47118082143812,-19.44924747609747,45.72583232621077,-15.924023501961377,45.22622643910891,-14.706745476997195,44.537354737586035,-13.943555029592961,43.63840646390109,-13.949483835307236,43.60642476842514,-13.885709854872076,43.662936597986025,-12.145794042310346,43.98731692217921,-8.28128090990334,44.058005336593006,-4.187142399600942,43.213102256953015,approx_rxn_crds,0.0,0.06614023263820563,0.15888349447031802,0.27022370761791203,0.4125852149475811,0.5073195021715745,0.5813814440671606,0.6386976703613119,0.6641032407142197,0.6832310220544334,0.7418961867275708,0.8597838451537299,1.0
nimgs,13,RMSF,0.0004307012093204817,AbsF,0.00238183118985752,RMSF_o,0.0002240543078911381,AbsF_o,0.0014349856019937168,RMSF_CI,0.0002662001836930455,AbsF_CI,0.0015395600362522466,energies,-2062.2789515101354,-2062.281834848857,-2062.282459104058,-2062.2826017983402,-2062.2806537220304,-2062.2710497430617,-2062.263583433201,-2062.251624886651,-2062.2060398347294,-2062.264407220288,-2062.279578637145,-2062.2833196254674,-2062.2828096549856,gradnorms,0.0015105592744059496,0.0014396268549598606,0.00418739667295326,0.006417303486640463,0.003929749496265922,0.004392415442723819,0.00214331697958499,0.003966293407099742,0.0022224533387527803,0.0032092308462225794,0.0026820044050018927,orth_gradnorms,0.0014227201007404613,0.0014127991102705873,0.0013973072021142303,0.002400089212764008,0.0032440090807066423,0.0033383340007219283,0.002122132356089302,0.0,0.0021679474442477093,0.002664796061657839,0.002004246586371077,projcoords,-33.34677401201248,43.213102256953015,-31.653618327978634,43.80977651533021,-28.910253165054705,44.74313395435027,-24.9187888464055,45.47193329369339,-19.436673198166005,45.72544849081491,-15.91704156077775,45.22433027121677,-14.703082303446184,44.53464391455413,-13.942759018669987,43.63725681882333,-13.948804906552802,43.60542461433518,-13.885037990139097,43.661877470331845,-12.150958897646973,43.987521738519334,-8.28507510049478,44.05884874081148,-4.187142399600942,43.213102256953015,approx_rxn_crds,0.0,0.06610195508836374,0.1588857093276649,0.27037248242102246,0.4128331926883998,0.507435554837696,0.5815060597955997,0.6387287245082842,0.6641283785201446,0.6832299574816876,0.7417926557419526,0.8596975665623788,1.0
nimgs,13,RMSF,0.0004299502841464355,AbsF,0.0023818525166115516,RMSF_o,0.00022508592808431863,AbsF_o,0.001442367837693906,RMSF_CI,0.0002621213112109825,AbsF_CI,0.0015640844402663476,energies,-2062.2789515101354,-2062.2818381759216,-2062.282463154504,-2062.2826049965706,-2062.280647966146,-2062.2710283497586,-2062.263602810528,-2062.251610094578,-2062.206050648612,-2062.2643866603366,-2062.2795834355434,-2062.2833235358894,-2062.2828096549856,gradnorms,0.0015087990693132837,0.00143924757978077,0.004199578871151908,0.006406114953538326,0.003917586546277331,0.00439694229580435,0.0021539872557889096,0.0039055195758815717,0.0022065744388561404,0.003197784272229208,0.002671689730325463,orth_gradnorms,0.0014214239553645798,0.0014118141768121018,0.0013968270462231677,0.0024014060752458348,0.003236258357234082,0.003353704795415147,0.002129077538236379,0.0,0.002154896409871937,0.0026575208040283374,0.001998820977460484,projcoords,-33.34677401201248,43.213102256953015,-31.654314378737844,43.80922292252777,-28.90933197240585,44.74332049976675,-24.911329682564755,45.47268723622109,-19.42411835400494,45.72506220591166,-15.910089649525775,45.22244189043709,-14.699440651669837,44.531941147271915,-13.941962280727196,43.63611437242134,-13.948104817619166,43.60439905058427,-13.884366296642192,43.660824079772844,-12.156098879984738,43.98772300179342,-8.288849478917307,44.05968794644003,-4.187142399600942,43.213102256953015,approx_rxn_crds,0.0,0.06606358820707224,0.1588876731615668,0.2705211833202513,0.41307950761224804,0.5075496207875356,0.5816288307866435,0.6387578885459049,0.6641623364809511,0.6832295273232962,0.7416905157686006,0.8596122796822534,1.0
nimgs,13,RMSF,0.00042918514155526903,AbsF,0.0023816958713849833,RMSF_o,0.0002261298883166834,AbsF_o,0.001449620227339067,RMSF_CI,0.00025508741431236163,AbsF_CI,0.0015502172369494468,energies,-2062.2789515101354,-2062.2818414964668,-2062.2824671996414,-2062.282608181913,-2062.280642192065,-2062.271007034494,-2062.2636224254784,-2062.251595918175,-2062.2060605081015,-2062.26436540632,-2062.279588206532,-2062.2833274375525,-2062.2828096549856,gradnorms,0.0015070304952181058,0.0014388844796302334,0.004211708925229835,0.006394714585692096,0.003905455550186902,0.0044015245436529096,0.002168533212731152,0.003800716872486788,0.0021924848129790953,0.0031866090213215955,0.002661422668845089,orth_gradnorms,0.0014201304646225387,0.0014108339182581221,0.0013963584445772976,0.002402713249756595,0.0032285553394542153,0.0033692594525512112,0.0021383078295581968,0.0,0.0021450191972984755,0.0026502574354215777,0.001993434938070406,projcoords,-33.34677401201248,43.213102256953015,-31.65501029712966,43.80867045958212,-28.908406764787365,44.74350932875177,-24.90384446646747,45.47344263522165,-19.41158317903203,45.72467351420198,-15.903167722718571,45.22056130637007,-14.695820534743078,44.529246487226004,-13.941165164362905,43.634978348809135,-13.947380671535239,43.603354509468794,-13.883695730058694,43.659775270467165,-12.161214473654727,43.98792063805678,-8.292604176593738,44.06052297333526,-4.187142399600942,43.213102256953015,approx_rxn_crds,0.0,0.06602517564876534,0.1588894902718858,0.2706699840256792,0.41332442278746007,0.5076620335485463,0.581750137470826,0.6387857124090752,0.66420442531426,0.6832295286897896,0.7415895843258913,0.8595278889853327,1.0
nimgs,13,RMSF,0.00042840736610755725,AbsF,0.0023814318942505385,RMSF_o,0.00022718571282442527,AbsF_o,0.001456745790900881,RMSF_CI,0.00024580959508023714,AbsF_CI,0.001496983813440851,energies,-2062.2789515101354,-2062.2818448105345,-2062.2824712395027,-2062.282611354359,-2062.2806364002718,-2062.270985798429,-2062.2636422798837,-2062.251582118097,-2062.2060695947976,-2062.264343663187,-2062.2795929488752,-2062.283331330501,-2062.2828096549856,gradnorms,0.001505255743185674,0.001438537077402419,0.0042237886683796876,0.0063831259925226005,0.0038933584006791743,0.00440628709616036,0.002186062270692706,0.0036624804793253508,0.002182417059126801,0.0031756441109109038,0.002651211336691545,orth_gradnorms,0.0014188395794454865,0.0014098583041936685,0.0013959009766265121,0.0024040100133202497,0.0032208967036761824,0.003384990883409049,0.002148871511666389,0.0,0.002140254095600712,0.0026430056789332073,0.0019880896221404036,projcoords,-33.34677401201248,43.213102256953015,-31.655706067849636,43.80811912394026,-28.90747752143774,44.74370044092983,-24.896333272501316,45.47419947665119,-19.399067928086186,45.72428246162155,-15.896275738889006,45.21868853080642,-14.692221963349873,44.52655998396419,-13.94036793416972,43.63384773648424,-13.946629489375988,43.602296907424474,-13.883026976254278,43.65872970970213,-12.166306178980765,43.98811457084869,-8.296339317180841,44.06135384179629,-4.187142399600942,43.213102256953015,approx_rxn_crds,0.0,0.06598676573734699,0.15889127614915569,0.270819077458456,0.4135682303929797,0.5077731623743724,0.5818704014774515,0.6388127991174346,0.6642535735777574,0.6832297456001588,0.7414896602503687,0.8594442890868241,1.0
nimgs,13,RMSF,0.0004276202432295038,AbsF,0.002381137595425798,RMSF_o,0.00022825293168916066,AbsF_o,0.0014637505081279028,RMSF_CI,0.00023539970056083736,AbsF_CI,0.0014052131394629312,energies,-2062.2789515101354,-2062.2818481181703,-2062.282475274119,-2062.2826145139034,-2062.280630591271,-2062.2709646427897,-2062.263662375499,-2062.251568444126,-2062.206078293245,-2062.2643216654124,-2062.279597661321,-2062.283335214782,-2062.2828096549856,gradnorms,0.0015034794818592526,0.0014382041645931531,0.004235824078597191,0.006371398125777773,0.0038813024882353247,0.004411363316950711,0.0022058149105434344,0.0035073765442788256,0.0021789077587731393,0.0031648286364622164,0.0026410687505325236,orth_gradnorms,0.0014175512491123082,0.0014088873056895782,0.0013954541906903131,0.0024052955527311777,0.0032132786757748393,0.003400892086362438,0.0021600745078755442,0.0,0.0021427501373486066,0.0026357649826942195,0.0019827844728886285,projcoords,-33.34677401201248,43.213102256953015,-31.656401672774134,43.8075689141776,-28.906544220293583,44.74389383644683,-24.888796179084167,45.47495774625113,-19.386572868766805,45.7238890962372,-15.889413659818118,45.21682357734305,-14.688644932685033,44.52388166851961,-13.939570773923982,43.63272136486315,-13.945848484880932,43.60123154666457,-13.882360465561273,43.65768599673151,-12.171374494972985,43.988304723528856,-8.300055019302068,44.062180572532995,-4.187142399600942,43.213102256953015,approx_rxn_crds,0.0,0.06594840999354294,0.1588931540492908,0.270968670023591,0.41381124309781525,0.507883401405763,0.5819900735965109,0.638839784324378,0.6643083678728138,0.6832299548779177,0.7413905296463337,0.8593613676584839,1.0
nimgs,13,RMSF,0.0004268281030027643,AbsF,0.0023808916386560694,RMSF_o,0.0002293310890006075,AbsF_o,0.0014706430689516187,RMSF_CI,0.00022536510583122784,AbsF_CI,0.0012775797813997477,energies,-2062.2789515101354,-2062.28185141942,-2062.2824793035243,-2062.282617660537,-2062.2806247655744,-2062.270943568818,-2062.263682713984,-2062.2515546464774,-2062.206087112123,-2062.2642996699506,-2062.279602342663,-2062.283339090447,-2062.2828096549856,gradnorms,0.001501707895268115,0.0014378840159980026,0.004247823983324699,0.006359595502221215,0.00386929948394123,0.0044168863010388155,0.0022271355076415463,0.0033578644501592314,0.002184198398589131,0.003154101397653649,0.002631010714301957,orth_gradnorms,0.0014162654270958315,0.001407920893034172,0.0013950176720151438,0.002406569098837985,0.003205698508805066,0.0034169562685011654,0.002171504365992827,0.0,0.002154302295828072,0.002628535585559484,0.00197751784749568,projcoords,-33.34677401201248,43.213102256953015,-31.65709709294552,43.80701982922834,-28.90560683904029,44.74408951557506,-24.88123326696885,45.47571742961457,-19.37409827034988,45.72349346648367,-15.882581449037371,45.214966460518035,-14.685089409590766,44.52121153701179,-13.938773794259067,43.631597966911244,-13.945035314614003,43.600163023330495,-13.881696384129798,43.656642766986664,-12.176419903440525,43.98849102146944,-8.303751400421548,44.06300318655333,-4.187142399600942,43.213102256953015,approx_rxn_crds,0.0,0.06591016122080837,0.15889525055232587,0.27111897417658726,0.4140537829131525,0.5079931556358172,0.5821096180202943,0.638867312222304,0.6643671083800989,0.6832299336045237,0.7412919734656298,0.8592790092127112,1.0
nimgs,13,RMSF,0.000426035460907691,AbsF,0.002380769259231708,RMSF_o,0.0002304197512888418,AbsF_o,0.0014774345697074313,RMSF_CI,0.00021748595831467605,AbsF_CI,0.0011186198744062026,energies,-2062.2789515101354,-2062.281854714328,-2062.282483327749,-2062.282620794253,-2062.280618923679,-2062.2709225777244,-2062.263703296888,-2062.2515404876262,-2062.206096581414,-2062.2642779474104,-2062.2796069917945,-2062.283342957539,-2062.2828096549856,gradnorms,0.0014999474295180858,0.0014375747167065757,0.004259798172429919,0.006347785400994899,0.003857363383641116,0.004422979612496532,0.0022494136769654356,0.0032404677962016176,0.0021996591039708598,0.003143399841805038,0.0026210535761656806,orth_gradnorms,0.0014149820768275844,0.001406959033450594,0.0013945911105731417,0.0024078300807041267,0.0031981557815936837,0.003433176971268828,0.002182996998911747,0.0,0.00217583064266644,0.002621319425949741,0.001972288380288152,projcoords,-33.34677401201248,43.213102256953015,-31.657792310971416,43.80647186746673,-28.90466535639801,44.74428747823643,-24.87364461714636,45.47647851227463,-19.36164439068566,45.72309561911232,-15.87577906993322,45.213117194602376,-14.681555320793176,44.5185495355214,-13.93797704169463,43.63047623180206,-13.944188294628443,43.599095146286054,-13.881034680883149,43.65559878126471,-12.181442854293751,43.988673394271224,-8.30742858116697,44.06382170501625,-4.187142399600942,43.213102256953015,approx_rxn_crds,0.0,0.06587207120876241,0.15889769021067696,0.2712701994350624,0.4142961677013952,0.5081028239836596,0.5822294932089647,0.6388960082854946,0.664427877509027,0.6832294680576625,0.741193776546225,0.8591970996908218,1.0
nimgs,13,RMSF,0.00042524610966767463,AbsF,0.002380837306843498,RMSF_o,0.00023151851465572735,AbsF_o,0.001484138134124285,RMSF_CI,0.0002134801758777416,AbsF_CI,0.0011230541040485372,energies,-2062.2789515101354,-2062.2818580029325,-2062.282487346825,-2062.28262391504,-2062.280613066044,-2062.2709016706385,-2062.263724125644,-2062.2515257539344,-2062.2061071439266,-2062.2642567713146,-2062.2796116077643,-2062.283346816091,-2062.2828096549856,gradnorms,0.00149820347242505,0.001437274540632534,0.004271755259129012,0.006336024332404604,0.003845507758593245,0.004429748439970866,0.002272021199666117,0.003180782982128726,0.0022253524837594226,0.003132658598643123,0.0026112116709787097,orth_gradnorms,0.0014137011754031164,0.0014060016894349367,0.0013941743500199512,0.002409078236785719,0.0031906527908196615,0.003449548176718731,0.00219456121020898,0.0,0.0022070101767040114,0.002614120187549786,0.001967096078565277,projcoords,-33.34677401201248,43.213102256953015,-31.65848731333673,43.8059250258314,-28.903719753374478,44.744487723543585,-24.866030308781287,45.47724097979642,-19.34921146385752,45.72269559727986,-15.869006483822133,45.21127579226225,-14.678042543080783,44.515895547348784,-13.937180504606218,43.629354853245616,-13.94330657535803,43.5980308729415,-13.880375070663817,43.654552990919406,-12.18644375166928,43.98885177816811,-8.311086689352202,44.064636149127914,-4.187142399600942,43.213102256953015,approx_rxn_crds,0.0,0.0658341881669484,0.15890058951779149,0.27142254219651046,0.41453869584159525,0.5082127801755627,0.5823501301833668,0.6389264498475573,0.6644886196293426,0.6832283639866179,0.7410957377377562,0.8591155316780681,1.0
nimgs,13,RMSF,0.00042446107813965653,AbsF,0.0023811471248316295,RMSF_o,0.00023262700880427646,AbsF_o,0.0014907684220778874,RMSF_CI,0.0002143378281976096,AbsF_CI,0.0010993290266404399,energies,-2062.2789515101354,-2062.281861285266,-2062.2824913607824,-2062.2826270228893,-2062.280607193082,-2062.2708808485795,-2062.263745201558,-2062.251510266359,-2062.2061189118117,-2062.2642364056096,-2062.2796161898323,-2062.283350666121,-2062.2828096549856,gradnorms,0.0014964773903382387,0.0014369828606560938,0.0042836975486162665,0.0063243276260735,0.0038337384536499663,0.0044372667254128145,0.002292585839650372,0.003193561713888726,0.0022566135697949944,0.0031218013796228466,0.0026014899648752225,orth_gradnorms,0.001412422713967663,0.0014050488181830416,0.001393767404745447,0.0024103136376347114,0.003183193888154529,0.0034660643675500217,0.0022046970338423753,0.0,0.0022428402727484946,0.002606942414116348,0.0019619424114760615,projcoords,-33.34677401201248,43.213102256953015,-31.65918209213824,43.80537929917814,-28.90277001421972,44.74469024945592,-24.858390417616807,45.47800481785322,-19.336799691250043,45.72229343918473,-15.862263648374865,45.20944226337983,-14.674550896155301,44.513249383651605,-13.936384113330018,43.62823257706549,-13.942401883470804,43.59698627739037,-13.879717036486465,43.653504576296456,-12.191422940450032,43.98902611872485,-8.314725862956823,44.065446540139334,-4.187142399600942,43.213102256953015,approx_rxn_crds,0.0,0.06579657074996052,0.15890409087902702,0.2715762438582777,0.4147817351451383,0.5083234815315041,0.5824720573261094,0.6389592981936733,0.6645466423296343,0.6832263774018934,0.740997614824073,0.8590341741828882,1.0
nimgs,13,RMSF,0.00042367766981091183,AbsF,0.0023817295166592093,RMSF_o,0.0002337448951531143,AbsF_o,0.001497341033145028,RMSF_CI,0.0002194582779386356,AbsF_CI,0.0010975816928470252,energies,-2062.2789515101354,-2062.281864561353,-2062.2824953696518,-2062.282630117789,-2062.2806013051504,-2062.270860112459,-2062.2637665258108,-2062.251493891268,-2062.2061315526253,-2062.264217084673,-2062.279620737533,-2062.283354507631,-2062.2828096549856,gradnorms,0.0014947651378221123,0.0014367006621749086,0.004295618254177233,0.0063126551048668655,0.0038220492020668404,0.004445568461336968,0.0023072677212203183,0.0032698546967389395,0.002284525756660022,0.0031107407217895303,0.0025918798136413844,orth_gradnorms,0.0014111466935563361,0.0014041003726298767,0.001393370428550171,0.00241153657840888,0.003175783618812083,0.0034827204990138336,0.002210537320995009,0.0,0.0022742186171838016,0.002599789837693963,0.0019568291940028903,projcoords,-33.34677401201248,43.213102256953015,-31.659876645147634,43.80483468027242,-28.90181612648329,44.74489505276813,-24.85072501584566,45.478770012241306,-19.3244092417841,45.721889178136074,-15.855550517329686,45.20761661472331,-14.671080139259722,44.51061077892195,-13.935587798385741,43.62710832502932,-13.941498601555459,43.595988568846316,-13.879059947785432,43.652453109884924,-12.196380691030807,43.98919637423468,-8.318346250284304,44.06625289944994,-4.187142399600942,43.213102256953015,approx_rxn_crds,0.0,0.06575927561869714,0.15890833262837742,0.27173153967540165,0.4150256447282837,0.5084353731267307,0.5825957906753909,0.6389951698660453,0.6645988809062263,0.6832232721226796,0.7408991736749054,0.8589528991813509,1.0
nimgs,13,RMSF,0.0004228914708220067,AbsF,0.0023825964185266086,RMSF_o,0.00023487185995439317,AbsF_o,0.0015038718313107624,RMSF_CI,0.00022685007990863048,AbsF_CI,0.001188509053044754,energies,-2062.2789515101354,-2062.2818678312133,-2062.282499373462,-2062.2826331997258,-2062.280595402578,-2062.270839463131,-2062.2637880994635,-2062.2514765495353,-2062.2061445299937,-2062.264198988059,-2062.279625250748,-2062.2833583406164,-2062.2828096549856,gradnorms,0.001493060181778272,0.0014364297659353415,0.0043075060274514,0.006300941003760314,0.0038104267977858907,0.004454651956607342,0.0023135866582969173,0.00337999006559347,0.0023019511468522174,0.0030993961300922503,0.002582365094583845,orth_gradnorms,0.0014098731173092147,0.0014031563040010147,0.0013929836373190246,0.002412747372311373,0.00316842433349002,0.0034995118963725225,0.002210356366063601,0.0,0.0022940556064002704,0.00259266376824642,0.001951756961666793,projcoords,-33.34677401201248,43.213102256953015,-31.660570973802095,43.80429116056759,-28.90085807994341,44.74510212951304,-24.843034173857497,45.47953654881455,-19.312040263259654,45.721482844366,-15.848867041880872,45.20579885080743,-14.667629972176993,44.50797939209045,-13.93479160248422,43.62598137336313,-13.940614797268847,43.59505332943251,-13.878403290720096,43.651398814570705,-12.201317182598865,43.98936251974492,-8.321948006602964,44.067055248753235,-4.187142399600942,43.213102256953015,approx_rxn_crds,0.0,0.06572232567686563,0.1589133720596348,0.2718885269478437,0.41527057345631835,0.5085486413124531,0.5827215515825198,0.6390343171476152,0.6646431152589134,0.6832189699765545,0.7408003142384426,0.8588716501061878,1.0
nimgs,13,RMSF,0.00042209825356054407,AbsF,0.0023837440591445015,RMSF_o,0.0002360076071584202,AbsF_o,0.0015103762334576424,RMSF_CI,0.00023423469230396678,AbsF_CI,0.001225127736233213,energies,-2062.2789515101354,-2062.2818710948663,-2062.2825033722424,-2062.2826362686887,-2062.2805894856847,-2062.2708189014456,-2062.263809923467,-2062.251458219819,-2062.206157331153,-2062.264182222943,-2062.2796297297505,-2062.283362165069,-2062.2828096549856,gradnorms,0.0014913562670918828,0.0014361720214412252,0.004319349533021382,0.006289122332747807,0.003798856602375669,0.0044644868265257456,0.0023111605658921084,0.003490018312198225,0.0023057872600716913,0.0030877101793483712,0.002572928466433088,orth_gradnorms,0.0014086019830696595,0.0014022165647109026,0.0013926072212594573,0.002413946171737111,0.003161115022786618,0.0035164341485850103,0.0022041897581266106,0.0,0.0022994243168733912,0.0025855628603267174,0.0019467241445467994,projcoords,-33.34677401201248,43.213102256953015,-31.661265080422993,43.80374873127281,-28.89989586510413,44.745311475522826,-24.835317962740646,45.48030441338883,-19.29969289767299,45.72107446749281,-15.842213172729634,45.20398897533221,-14.664200039802209,44.50535481224997,-13.933995738763567,43.624851451383805,-13.939755538524079,43.59417893852584,-13.87774681889034,43.65034266521053,-12.206232490155712,43.989524550613886,-8.3255312893236,44.06785361012604,-4.187142399600942,43.213102256953015,approx_rxn_crds,0.0,0.06568570951039616,0.1589191836197746,0.2720471613977963,0.4155164541004139,0.508663207464154,0.582849259561886,0.639076616953614,0.6646782819758839,0.6832135517131922,0.7407010741174263,0.8587904438265936,1.0
nimgs,13,RMSF,0.00042129517195944996,AbsF,0.0023851564097771417,RMSF_o,0.00023715185291754847,AbsF_o,0.0015168685424295125,RMSF_CI,0.0002398558665266849,AbsF_CI,0.00120914862106103,energies,-2062.2789515101354,-2062.281874352333,-2062.2825073660224,-2062.2826393246646,-2062.280583554804,-2062.270798428299,-2062.2638319986677,-2062.2514389360617,-2062.2061696092487,-2062.2641668183583,-2062.2796341752314,-2062.2833659809835,-2062.2828096549856,gradnorms,0.001489649151098471,0.0014359287536601303,0.004331140504088656,0.00627715668638501,0.0037873270230528665,0.004475021333918047,0.0023013722312352288,0.0035737719217954086,0.002296844636198025,0.0030756579307637086,0.0025635560848399487,orth_gradnorms,0.0014073332791569788,0.001401281110607118,0.0013922412770014298,0.0024151328985974815,0.00315385207333479,0.003533483026416611,0.0021935502950464858,0.0,0.0022913225387073952,0.002578484355804094,0.001941727673690093,projcoords,-33.34677401201248,43.213102256953015,-31.661958965785026,43.803207384283,-28.898929471871124,44.745523086922866,-24.8275764565213,45.48107359165894,-19.287367294409243,45.72066407867337,-15.835588861932488,45.20218699258855,-14.660789939289499,44.502736567708766,-13.933200567007344,43.62371873380001,-13.938913531259526,43.59334972279119,-13.877090563687055,43.649286286980704,-12.211126579327406,43.989682484704545,-8.329096253539253,44.06864800600637,-4.187142399600942,43.213102256953015,approx_rxn_crds,0.0,0.06564939565499872,0.1589256930205546,0.2722073150724126,0.4157630915210564,0.5087788367357239,0.582978656801797,0.6391217114427927,0.6647042099105742,0.6832071874849791,0.7406015733520797,0.8587093406853831,1.0
nimgs,13,RMSF,0.00042048080247259444,AbsF,0.0023868073122773332,RMSF_o,0.00023830432084078517,AbsF_o,0.0015233613861387403,RMSF_CI,0.0002426371682075564,AbsF_CI,0.0011677121027031093,energies,-2062.2789515101354,-2062.2818776036374,-2062.28251135483,-2062.2826423676406,-2062.280577610295,-2062.270778044651,-2062.263854325828,-2062.2514187815477,-2062.2061811875037,-2062.2641527294604,-2062.279638588284,-2062.2833697883625,-2062.2828096549856,gradnorms,0.001487936659142258,0.001435700702748471,0.004342873990860478,0.006265022854312291,0.003775831138520059,0.004486186939752726,0.002286529928521208,0.0036152123835071722,0.0022783941172984145,0.0030632469665775753,0.0025542389198452103,orth_gradnorms,0.0014060669838933167,0.0014003499020882795,0.001391885774017532,0.002416307285401722,0.0031466313459015847,0.0035506544117342802,0.002180698642335686,0.0,0.0022731533678583735,0.0025714258931357078,0.0019367645963257625,projcoords,-33.34677401201248,43.213102256953015,-31.662652627663967,43.80266711273156,-28.897958888753127,44.74573696042958,-24.819809733539177,45.48184406915012,-19.27506361795819,45.72025171189127,-15.828994064019021,45.200392908368386,-14.657399228818566,44.50012413714766,-13.93240650359259,43.62258375021209,-13.938074654318303,43.59254340138882,-13.87643471809496,43.648231705381214,-12.215999310675112,43.9898363627697,-8.332643049045766,44.06943845908119,-4.187142399600942,43.213102256953015,approx_rxn_crds,0.0,0.06561334781233667,0.15893281384423827,0.2723688387641038,0.41601025786760404,0.5088952550001808,0.5831094419315229,0.6391691637122723,0.6647211344597117,0.6832000636475198,0.7405019547623329,0.8586284121634709,1.0
nimgs,13,RMSF,0.00041965468757513473,AbsF,0.0023886619083763787,RMSF_o,0.0002394647357214284,AbsF_o,0.0015298652844119526,RMSF_CI,0.0002420427396486521,AbsF_CI,0.0011530645043174802,energies,-2062.2789515101354,-2062.281880848809,-2062.282515338695,-2062.282645397606,-2062.2805716525527,-2062.270757751533,-2062.263876905632,-2062.251397882091,-2062.206192004124,-2062.264139847203,-2062.27964297035,-2062.2833735872127,-2062.2828096549856,gradnorms,0.0014862180184772246,0.0014354881959861285,0.0043545473253352234,0.006252714019563028,0.0037643666263734925,0.004497901285092351,0.002269167921245572,0.003606355597454415,0.0022548350761419163,0.003050512221479265,0.002544972241147924,orth_gradnorms,0.0014048030673901575,0.001399422904254485,0.0013915405505339781,0.0024174689595349115,0.00313945013966449,0.003567944204050513,0.0021680074349229063,0.0,0.0022493738443089013,0.0025643866627648227,0.0019318335552405746,projcoords,-33.34677401201248,43.213102256953015,-31.66334606029057,43.80212791119323,-28.896984102554303,44.745953093463164,-24.812017876995007,45.48261583119902,-19.262782050602937,45.719837404419415,-15.822428736357717,45.19860673024804,-14.654027437380137,44.49751696213402,-13.931613906622127,43.6214472557697,-13.937223705552523,43.59173738976896,-13.875779456330113,43.647181047214225,-12.220850452438716,43.98998624713689,-8.3361718188818,44.07022499216086,-4.187142399600942,43.213102256953015,approx_rxn_crds,0.0,0.065577531666843,0.1589404639913415,0.2725315901223533,0.4162577354756309,0.5090122014410148,0.5832413299592872,0.639218534169644,0.6647293696464931,0.683192350737057,0.7404023568380227,0.8585477263220113,1.0
nimgs,13,RMSF,0.0004188170545684419,AbsF,0.0023906783445045723,RMSF_o,0.000240632814916895,AbsF_o,0.0015363883400340336,RMSF_CI,0.0002379787524328716,AbsF_CI,0.0011211012699640652,energies,-2062.2789515101354,-2062.2818840878813,-2062.2825193176454,-2062.2826484145467,-2062.280565681999,-2062.270737550035,-2062.2638997386975,-2062.2513763996376,-2062.2062020784574,-2062.264128009732,-2062.27964732316,-2062.283377377547,-2062.2828096549856,gradnorms,0.0014844934479754455,0.0014352912512363594,0.004366159511056645,0.006240233568851373,0.0037529352834663053,0.004510071528216326,0.002251678189808011,0.003545803551708742,0.002230982553736069,0.0030375101073431463,0.002535754933207823,orth_gradnorms,0.0014035414937638273,0.0013985000864735273,0.0013912053273999615,0.0024186174995445733,0.0031323079128652525,0.0035853481920856667,0.00215759197108857,0.0,0.002224787457752437,0.002557367301345917,0.0019269351529973896,projcoords,-33.34677401201248,43.213102256953015,-31.664039254370806,43.801589775666,-28.896005098374783,44.7461714841421,-24.80420097496575,45.48338886294944,-19.25052279197449,45.71942119673742,-15.815892838954946,45.196828467317125,-14.650674075170894,44.49491446051082,-13.930822973779877,43.62031009741465,-13.936348020509795,43.59091213207235,-13.875124752020795,43.64613626996871,-12.225679699323194,43.99013221905068,-8.339682698958114,44.071007628112824,-4.187142399600942,43.213102256953015,approx_rxn_crds,0.0,0.06554191408586908,0.15894856375894234,0.2726954303755129,0.41650531187904594,0.5091294224169394,0.5833740448637303,0.6392693824264521,0.6647292326506781,0.6831842086533305,0.7403029163845757,0.858467349511311,1.0
nimgs,13,RMSF,0.00041796786680508094,AbsF,0.0023928078242531374,RMSF_o,0.00024180825890340803,AbsF_o,0.0015429360506774383,RMSF_CI,0.00023082556960805805,AbsF_CI,0.0012168517897914787,energies,-2062.2789515101354,-2062.281887320891,-2062.282523291709,-2062.2826514184517,-2062.280559699086,-2062.2707174412926,-2062.263922825593,-2062.251354526276,-2062.2062113977863,-2062.264117013947,-2062.279651648645,-2062.283381159385,-2062.2828096549856,gradnorms,0.0014827627802419733,0.0014351100183478361,0.004377708756135887,0.0062275809561428384,0.00374153934909994,0.00452259432909879,0.002235017897281635,0.0034392235280429717,0.0022090340147051307,0.0030243081668563225,0.002526585529866184,orth_gradnorms,0.0014022822230329243,0.0013975814215759135,0.0013908797335407713,0.002419752441440679,0.0031252056532512294,0.0036028619130359786,0.0021498829256268713,0.0,0.00220152602527097,0.002550368895747894,0.0019220710627277215,projcoords,-33.34677401201248,43.213102256953015,-31.66473219746735,43.801052703412,-28.895021859809084,44.74639213120087,-24.79635912006818,45.48416314935576,-19.238286056638575,45.71900313208976,-15.809386333826675,45.19505812948159,-14.647338644171043,44.492316040156396,-13.930033672641791,43.61917309430157,-13.935450521360426,43.59006304637742,-13.874470234811882,43.64509895366499,-12.230486694993669,43.990274374996076,-8.343175818448698,44.07178638987367,-4.187142399600942,43.213102256953015,approx_rxn_crds,0.0,0.06550645140738494,0.15895700745971986,0.2728601756437309,0.416752705503332,0.5092465805927187,0.5835072150697752,0.6393211611913053,0.6647212888268066,0.6831758448014519,0.7402038142850204,0.8583873716252326,1.0
nimgs,13,RMSF,0.00041710835682952526,AbsF,0.002395000224642784,RMSF_o,0.00024299074103578282,AbsF_o,0.0015495113014452823,RMSF_CI,0.0002215542246843429,AbsF_CI,0.0012681736144719094,energies,-2062.2789515101354,-2062.2818905478784,-2062.2825272609157,-2062.2826544093105,-2062.2805537042914,-2062.2706974264775,-2062.2639461668464,-2062.2513324757665,-2062.206220100239,-2062.26410662531,-2062.279655948857,-2062.283384932754,-2062.2828096549856,gradnorms,0.0014810276887610501,0.0014349440230042286,0.004389196654546551,0.006214774545936473,0.0037301849769631576,0.004535366318545288,0.0022197799171093883,0.0033010835999042233,0.002190857862828415,0.0030109888873926867,0.0025174665892400225,orth_gradnorms,0.0014010252122117121,0.0013966668849791782,0.0013905633326149493,0.0024208732394457168,0.0031181442773077998,0.003620480499997809,0.00214478594838839,0.0,0.0021813783038258936,0.0025433916734473165,0.0019172424702425385,projcoords,-33.34677401201248,43.213102256953015,-31.665424874175883,43.80051669287252,-28.89403436902856,44.74661503394687,-24.788492409309704,45.48493867517371,-19.22607207273843,45.71858325617972,-15.802909184451357,45.19329572676833,-14.644020648870082,44.489721113091235,-13.929245769976834,43.618036999199354,-13.934538735179345,43.58919014973121,-13.873815229830257,43.64407026655301,-12.235271055017202,43.99041282255389,-8.346651299941554,44.07256130050079,-4.187142399600942,43.213102256953015,approx_rxn_crds,0.0,0.06547109305711189,0.15896567214575957,0.2730256118072276,0.41699958841585594,0.5093632828572001,0.5836404050423087,0.6393732563244461,0.6647065309168981,0.6831674967620588,0.7401052606736266,0.8583078983670482,1.0
nimgs,13,RMSF,0.0004162412903188136,AbsF,0.0023972071743280123,RMSF_o,0.0002441798998405417,AbsF_o,0.0015561145133488796,RMSF_CI,0.00021172017812831913,AbsF_CI,0.0012710667111133702,energies,-2062.2789515101354,-2062.281893768887,-2062.282531225292,-2062.2826573871107,-2062.2805476981107,-2062.270677506777,-2062.263969762954,-2062.2513104735253,-2062.2062285063757,-2062.264096589419,-2062.2796602258704,-2062.2833886976864,-2062.2828096549856,gradnorms,0.0014792920703808547,0.0014347919882049301,0.004400629125784566,0.006201855545892063,0.003718882110212593,0.0045482894862894805,0.0022066261541153816,0.0031545596062722532,0.002178699146045749,0.002997646807747433,0.002508404956385049,orth_gradnorms,0.0013997704178812234,0.001395756453134358,0.0013902556700026022,0.0024219792746479,0.003111123743613731,0.0036381985671376437,0.0021422352224234184,0.0,0.002166535048482155,0.002536434667564789,0.0019124491100648243,projcoords,-33.34677401201248,43.213102256953015,-31.666117266999766,43.79998174332115,-28.893042607253395,44.74684019207509,-24.780600943261945,45.48571542497988,-19.213881076988102,45.71816161627852,-15.796461354711834,45.19154126832855,-14.640719606006478,44.48712910847082,-13.928458886407572,43.61690248371102,-13.933619638448985,43.58829357177356,-13.873158850325936,43.64305097493195,-12.240032391273225,43.99054767547955,-8.35010926064494,44.073332383190326,-4.187142399600942,43.213102256953015,approx_rxn_crds,0.0,0.06543578739236586,0.1589744318240554,0.2731915189011384,0.4172456236928927,0.5094791259269522,0.5837731671416586,0.6394250481665806,0.6646863226254656,0.6831594038475516,0.7400074710607043,0.8582290385537193,1.0
nimgs,13,RMSF,0.000415370363819994,AbsF,0.0023993833197251424,RMSF_o,0.00024537533323025837,AbsF_o,0.0015627439202170698,RMSF_CI,0.00020331484582582684,AbsF_CI,0.0012243884581451185,energies,-2062.2789515101354,-2062.2818969839595,-2062.282535184867,-2062.2826603518415,-2062.28054168104,-2062.270657683353,-2062.26399361439,-2062.2512887462885,-2062.206237047441,-2062.2640866453967,-2062.2796644816854,-2062.2833924542197,-2062.2828096549856,gradnorms,0.0014775611667431359,0.001434652080663978,0.004412015016149349,0.006188879033320157,0.003707642677688013,0.004561272949431273,0.002196237745672274,0.0030293229755781904,0.0021746108235497913,0.0029843814738224872,0.0024994098429566066,orth_gradnorms,0.0013985178005392904,0.0013948501013075973,0.001389956339406962,0.002423069939744652,0.0031041434212419937,0.0036560101234877616,0.002142224109857845,0.0,0.0021590628146140023,0.002529496558569717,0.0019076894866986796,projcoords,-33.34677401201248,43.213102256953015,-31.666809358022554,43.79944785422079,-28.892046555673893,44.74706760532074,-24.772684824439985,45.48649338322791,-19.20171330557566,45.71773825969165,-15.790042807356294,45.18979476119073,-14.637435052838528,44.48453948381373,-13.92767254287923,43.61577012602288,-13.932699442611238,43.587373705173114,-13.872500083929062,43.64204144611501,-12.24477033703095,43.99067904818144,-8.35354981472176,44.07409966122426,-4.187142399600942,43.213102256953015,approx_rxn_crds,0.0,0.06540048458845563,0.15898316459061712,0.2733576834619051,0.41749048445463827,0.5095937193568701,0.5839050676023905,0.6394759442109675,0.664662340022897,0.6831517931296167,0.739910653985513,0.8581508976592666,1.0
nimgs,13,RMSF,0.00041449939955259015,AbsF,0.0024014871314649673,RMSF_o,0.00024657659232428796,AbsF_o,0.0015693959446556774,RMSF_CI,0.000198363982292504,AbsF_CI,0.0011299093517375734,energies,-2062.2789515101354,-2062.2819001931375,-2062.282539139667,-2062.282663303489,-2062.280535653562,-2062.270637957304,-2062.2640177216153,-2062.2512675118187,-2062.206246169358,-2062.2640765398223,-2062.2796687181285,-2062.2833962023888,-2062.2828096549856,gradnorms,0.0014758403955703195,0.0014345222925919575,0.004423364010030883,0.006175901958009019,0.0036964788850827133,0.00457423373136019,0.0021892579181696306,0.002955556770313991,0.0021798774282846545,0.0029712897800251805,0.0024904908788018925,orth_gradnorms,0.0013972673293309642,0.0013939478012491785,0.0013896650522772812,0.0024241447639963376,0.0030972031938258865,0.003673908480877184,0.002144817220295276,0.0,0.0021603607698234602,0.0025225769384193985,0.0019029619615430129,projcoords,-33.34677401201248,43.213102256953015,-31.667501130974728,43.79891502443979,-28.891046196604055,44.7472972730311,-24.76474415525866,45.4872725343272,-19.189568983181474,45.71731323194083,-15.783653502307768,45.1880562089624,-14.634166553895138,44.48195173436319,-13.926886198427177,43.61464040265811,-13.93178340528208,43.586431320439004,-13.871837872163969,43.64104165174878,-12.249484570853973,43.990807050074565,-8.356973076137407,44.07486315787003,-4.187142399600942,43.213102256953015,approx_rxn_crds,0.0,0.06536513918196367,0.15899175898209067,0.2735239095924972,0.41773387097168463,0.5097067060913835,0.5840357097310331,0.6395254084095529,0.6646364895481015,0.6831448672909703,0.7398149999605895,0.8580735720201318,1.0
nimgs,13,RMSF,0.00041363151093490156,AbsF,0.002403481515163511,RMSF_o,0.00024778317418671075,AbsF_o,0.001576065631675181,RMSF_CI,0.00019827979238871532,AbsF_CI,0.0009921875796869047,energies,-2062.2789515101354,-2062.281903396456,-2062.28254308972,-2062.282666242041,-2062.2805296161227,-2062.2706183296245,-2062.2640420850767,-2062.2512469690328,-2062.2062562332662,-2062.264066039924,-2062.27967293677,-2062.283399942224,-2062.2828096549856,gradnorms,0.0014741341410810834,0.001434400871100868,0.004434684328705696,0.006162970708846529,0.0036854014349987,0.004587097133615758,0.0021862209709675546,0.0029543023689995026,0.002194595036436701,0.0029584582757493866,0.002481656109144861,orth_gradnorms,0.0013960189853071763,0.0013930495194666387,0.0013893816888513957,0.0024252035173455075,0.003090304423989567,0.0036918861457294816,0.0021501267449624785,0.0,0.0021707491637325414,0.0025156770543144583,0.001898265861702124,projcoords,-33.34677401201248,43.213102256953015,-31.66819257321098,43.79838325151034,-28.89004151459761,44.7475291937566,-24.75677903604039,45.48805286272508,-19.17744831271498,45.71688657508375,-15.777293395127629,45.186325610656176,-14.630913706263705,44.479365400619244,-13.926099281533823,43.61351368188354,-13.930875677854832,43.585467641299275,-13.871171182676004,43.64005118097247,-12.254174837484317,43.99093178032215,-8.360379161359619,44.07562289629561,-4.187142399600942,43.213102256953015,approx_rxn_crds,0.0,0.06532971213110896,0.15900011916537682,0.27369002806006687,0.4179755247469817,0.5098177793013117,0.5841647529102908,0.6395729855319761,0.664610807802986,0.6831387950236831,0.7397206723696514,0.8579971440676889,1.0
nimgs,13,RMSF,0.0004127674590184571,AbsF,0.002405332467137705,RMSF_o,0.00024899451472622025,AbsF_o,0.0015827471018936465,RMSF_CI,0.00020313906292371815,AbsF_CI,0.0008197322327607386,energies,-2062.2789515101354,-2062.281906593945,-2062.282547035053,-2062.282669167483,-2062.280523569121,-2062.270598801183,-2062.264066705214,-2062.251227288901,-2062.206267319656,-2062.2640549449748,-2062.2796771388553,-2062.2834036737477,-2062.2828096549856,gradnorms,0.0014724433770604034,0.0014342872216222815,0.00444597791839798,0.0061500966252450795,0.0036744147626111808,0.004599793372432061,0.0021863129799889833,0.003026703869324986,0.002215010394612772,0.0029459511395347492,0.0024729066124552636,orth_gradnorms,0.001394772761827477,0.001392155216684955,0.0013891063137195512,0.002426246242747433,0.003083450112170168,0.0037099347132734813,0.002157013012640959,0.0,0.002186800227978978,0.002508799530951111,0.0018936018393767276,projcoords,-33.34677401201248,43.213102256953015,-31.668883677134932,43.797852531103054,-28.889032497266577,44.74776336495633,-24.748789563541447,45.488834352973655,-19.165351468203802,45.7164583265662,-15.770962435894011,45.18460295981648,-14.6276761435099,44.47678007412318,-13.925311218331078,43.61239021573525,-13.929988913598809,43.584494683263706,-13.870499073325806,43.639069270004185,-12.258840963988192,43.991053323439395,-8.36376819128606,44.07637889955768,-4.187142399600942,43.213102256953015,approx_rxn_crds,0.0,0.06529416819534156,0.15900815870351234,0.2738558857176039,0.41821521248683263,0.5099266625601812,0.5842918896806072,0.6396182791701743,0.6645877519369029,0.6831337243929885,0.7396278171681588,0.8579216877830155,1.0
nimgs,13,RMSF,0.0004119047834118694,AbsF,0.00240700951820323,RMSF_o,0.0002502099811352732,AbsF_o,0.001589434059338578,RMSF_CI,0.00021133723412586905,AbsF_CI,0.0009781038233962964,energies,-2062.2789515101354,-2062.281909785629,-2062.2825509756904,-2062.282672079801,-2062.2805175129133,-2062.270579372728,-2062.2640915824572,-2062.251208603336,-2062.2062791248477,-2062.264043095226,-2062.2796813252726,-2062.2834073969757,-2062.2828096549856,gradnorms,0.0014707644106773533,0.001434182466506877,0.004457237551130136,0.006137243048198641,0.0036635137655856953,0.004612257696369583,0.0021870812133342418,0.0031488538691418935,0.0022335391157330435,0.0029338024751594397,0.0024642330475480962,orth_gradnorms,0.0013935286609250523,0.0013912648490709847,0.0013888391379139958,0.002427273176819954,0.003076643766398189,0.003728044754889144,0.0021628362943202097,0.0,0.0022012978580729565,0.002501946939042711,0.001888971152011294,projcoords,-33.34677401201248,43.213102256953015,-31.669574440173236,43.79732285705249,-28.888019135288772,44.74799978300502,-24.74077583091966,45.48961698974246,-19.153278595434703,45.716028519355135,-15.764660569103754,45.18288824439923,-14.624453538717233,44.474195402077804,-13.924521513101611,43.61127018400201,-13.92914455989612,43.583536735455816,-13.869820860049815,43.6380949496932,-12.263482868390273,43.991171746451016,-8.367140291040498,44.077131190676724,-4.187142399600942,43.213102256953015,approx_rxn_crds,0.0,0.06525848391085588,0.15901582001043962,0.2740213790730726,0.4184527773515352,0.5100331722841434,0.5844169171945868,0.6396610314278262,0.6645700322781934,0.6831297441361723,0.7395365307342457,0.8578472512834623,1.0
nimgs,13,RMSF,0.0004110400634911884,AbsF,0.0024084925965899132,RMSF_o,0.0002514288645362101,AbsF_o,0.0015961203476036784,RMSF_CI,0.00022050371761876098,AbsF_CI,0.001127900640034801,energies,-2062.2789515101354,-2062.2819129715253,-2062.2825549116587,-2062.282674978978,-2062.2805114478215,-2062.2705600449253,-2062.2641167172255,-2062.251190993041,-2062.2062912309134,-2062.2640303776116,-2062.279685496552,-2062.2834111119214,-2062.2828096549856,gradnorms,0.0014690921603178783,0.0014340883242858341,0.00446845296226179,0.006124359011558232,0.0036526892383290663,0.004624443136626284,0.0021870419985850656,0.0032854313971501722,0.0022449272858993743,0.0029220259118027006,0.0024556226714652647,orth_gradnorms,0.0013922866862931492,0.0013903783711385173,0.001388580429256436,0.002428284579729909,0.0030698873781855283,0.003746205708537222,0.0021661856932027657,0.0,0.002209299148547472,0.002495119946074283,0.0018843743226447246,projcoords,-33.34677401201248,43.213102256953015,-31.670264862915523,43.79679422207259,-28.887001421375096,44.74823844358278,-24.732737929578494,45.49040075775842,-19.14122982215818,45.715597183657174,-15.75838773488254,45.181181447663256,-14.62124560671688,44.47161109084211,-13.923729877988507,43.61015379337264,-13.92835149593662,43.58260737945309,-13.869136377948035,43.637127312131646,-12.268100559538503,43.99128709796598,-8.370495587018622,44.07787979275269,-4.187142399600942,43.213102256953015,approx_rxn_crds,0.0,0.06522265746107131,0.15902309836116343,0.27418649571564196,0.4186882020230764,0.5101372946983395,0.5845398254445939,0.6397012185531442,0.6645594967384447,0.6831268353423283,0.7394468204716304,0.8577738353922492,1.0
nimgs,13,RMSF,0.0004101703061568936,AbsF,0.0024097755292985966,RMSF_o,0.0002526503782301741,AbsF_o,0.0016028004346661825,RMSF_CI,0.0002286251410753855,AbsF_CI,0.0012347890887539285,energies,-2062.2789515101354,-2062.2819161516527,-2062.2825588429832,-2062.2826778649987,-2062.280505374163,-2062.2705408184092,-2062.2641421099233,-2062.251174482445,-2062.2063032712026,-2062.264016727522,-2062.279689652882,-2062.283414818601,-2062.2828096549856,gradnorms,0.001467422164994248,0.00143400637956198,0.004479614748016558,0.006111399919145403,0.00364193111811315,0.00463632712770645,0.0021861992238467885,0.0034064378813133027,0.002247405272015386,0.0029106211992605624,0.0024470635888940557,orth_gradnorms,0.001391046836965683,0.0013894957388302617,0.001388330418325067,0.002429280593498956,0.0030631802503907797,0.0037644058526687457,0.002167263417844999,0.0,0.00220925873233342,0.0024883166811292654,0.001879810346940864,projcoords,-33.34677401201248,43.213102256953015,-31.670954946876172,43.79626661861215,-28.8859793490133,44.748479342147235,-24.72467595144334,45.491185641731526,-19.129205270127585,45.71516434896555,-15.752143870518715,45.17948254944382,-14.618052104209404,44.469026906566064,-13.922936288139764,43.609041305738394,-13.92760434176559,43.58170603623208,-13.86844606918283,43.63616565517852,-12.272694131875745,43.99139940840912,-8.373834203399563,44.07862472903898,-4.187142399600942,43.213102256953015,approx_rxn_crds,0.0,0.06518670044387267,0.1590300217959646,0.27435127976728063,0.41892155571264406,0.5102391213231889,0.5846607234704871,0.6397389689349008,0.6645570175819965,0.6831249127696505,0.7393586378008767,0.8577014116395136,1.0
nimgs,13,RMSF,0.00040929354330309454,AbsF,0.00241086657115885,RMSF_o,0.0002538736612667875,AbsF_o,0.0016094698229012843,RMSF_CI,0.00023443704220104004,AbsF_CI,0.0012984419503186489,energies,-2062.2789515101354,-2062.2819193260298,-2062.282562769689,-2062.2826807378474,-2062.2804992922624,-2062.270521693811,-2062.2641677609327,-2062.251159041707,-2062.206315001446,-2062.2640021275197,-2062.2796937941353,-2062.283418517037,-2062.2828096549856,gradnorms,0.0014657514465150133,0.0014339377327108208,0.0044907161750966694,0.006098336446842834,0.0036312304891225307,0.004647912591052365,0.0021857012605050346,0.003493033257761202,0.0022419976942550444,0.0028995784552167925,0.00243854702618838,orth_gradnorms,0.0013898091039278163,0.0013886169117646137,0.0013880892306460885,0.0024302611887212764,0.0030565193466309004,0.003782632359411999,0.0021674071978912773,0.0,0.002202354464158568,0.002481533626352086,0.0018752770164385485,projcoords,-33.34677401201248,43.213102256953015,-31.671644692697377,43.79574003954001,-28.884952911450746,44.74872247431613,-24.716589990826137,45.49197162629686,-19.117205064631726,45.71473004570604,-15.74592891181488,45.17779152742643,-14.614872827246792,44.46644267223699,-13.9221409566259,43.607932987199675,-13.92688820764573,43.58082177739644,-13.867750889596962,43.63520947636946,-12.277263757486189,43.99150869091653,-8.37715625937119,44.079366022925825,-4.187142399600942,43.213102256953015,approx_rxn_crds,0.0,0.06515062784939608,0.15903662661860246,0.27451578963912543,0.4191529294720133,0.5103387702801263,0.5847797493823229,0.6397744638291107,0.664562807897239,0.6831238761836138,0.7392719185313695,0.8576299442385046,1.0
nimgs,13,RMSF,0.0004084087107021049,AbsF,0.0024117867279527957,RMSF_o,0.0002550977852894189,AbsF_o,0.00161612538411199,RMSF_CI,0.00023729578818178364,AbsF_CI,0.0013337687252930673,energies,-2062.2789515101354,-2062.2819224946784,-2062.2825666918006,-2062.282683597509,-2062.280493202462,-2062.2705026717804,-2062.2641936705922,-2062.251144592934,-2062.2063262850456,-2062.263986604728,-2062.279697919902,-2062.283422207257,-2062.2828096549856,gradnorms,0.001464078332671561,0.0014338830339791805,0.004501752929590368,0.006085152738015123,0.00362058032826118,0.004659224785745413,0.002187181314306861,0.0035356276135527468,0.0022313487665536736,0.00288887961697434,0.002430067704187841,orth_gradnorms,0.0013885734698197932,0.0013877418542976399,0.0013878568556000808,0.0024312261927044825,0.0030499007093761524,0.0038008713965647085,0.0021683594913123228,0.0,0.002191336792625776,0.002474767326929313,0.0018707720715446952,projcoords,-33.34677401201248,43.213102256953015,-31.672334099086278,43.79521447854861,-28.883922101088054,44.748967836095375,-24.7084801455469,45.492758695982275,-19.105229339990654,45.714294306204096,-15.739742794060213,45.17610835818761,-14.61170760617566,44.463858261256135,-13.921344258378943,43.60682901079694,-13.926184702679217,43.57993948435458,-13.867052106448567,43.63425836143629,-12.281809676748974,43.9916149426274,-8.380461867573839,44.08010369784646,-4.187142399600942,43.213102256953015,approx_rxn_crds,0.0,0.06511445313225138,0.15904294530604593,0.2746800771261535,0.41938240417133915,0.510436347405522,0.584897026040169,0.6398078885020895,0.6645767942988507,0.6831236370874387,0.7391866029896852,0.8575594009655378,1.0
nimgs,13,RMSF,0.00040751537246036323,AbsF,0.002412567560078667,RMSF_o,0.00025632176294688276,AbsF_o,0.001622765601285088,RMSF_CI,0.00023696970657282622,AbsF_CI,0.0013814281841913203,energies,-2062.2789515101354,-2062.281925657623,-2062.2825706093427,-2062.282686443968,-2062.280487105125,-2062.270483752996,-2062.264219839188,-2062.2511310177306,-2062.206337060014,-2062.263970228387,-2062.279702029526,-2062.283425889296,-2062.2828096549856,gradnorms,0.0014624020572779654,0.0014338426104414089,0.0045127223959124454,0.006071842297994481,0.0036099758340727415,0.004670307150845283,0.0021922340849933547,0.0035307691070038724,0.0022189288673677096,0.0028784988629671293,0.002421623671257348,orth_gradnorms,0.0013873399103935629,0.001386870535637111,0.0013876331444218778,0.0024321753473917017,0.0030433208815399512,0.003819108252925537,0.0021717315342451252,0.0,0.0021797411471505966,0.0024680158121923876,0.0018662943354269647,projcoords,-33.34677401201248,43.213102256953015,-31.673023162344354,43.79468993032868,-28.88288690920581,44.74921542397972,-24.700346517436646,45.49354683519311,-19.093278241796703,45.7138571650799,-15.733585452658811,45.17443301792363,-14.608556298582066,44.46127358826039,-13.92054663692407,43.6057293562943,-13.925475944793439,43.57904452702545,-13.866351070280329,43.633311834302624,-12.286332187929892,43.99171814632931,-8.383751133629744,44.080837777165335,-4.187142399600942,43.213102256953015,approx_rxn_crds,0.0,0.06507818856339252,0.1590490073237795,0.2748441887692888,0.41961005254008005,0.5105319487997648,0.5850126642446644,0.6398394353155558,0.664598815352814,0.6831241190674865,0.739102635017546,0.8574897524663107,1.0
nimgs,13,RMSF,0.0004066126557133145,AbsF,0.0024132473481174193,RMSF_o,0.0002575445571982191,AbsF_o,0.0016293906940488478,RMSF_CI,0.00023350094931837663,AbsF_CI,0.0013957228362305345,energies,-2062.2789515101354,-2062.2819288148917,-2062.2825745223395,-2062.282689277211,-2062.2804810006387,-2062.270464938159,-2062.264246266925,-2062.2511181646005,-2062.206347211673,-2062.263953108161,-2062.279706122149,-2062.2834295631937,-2062.2828096549856,gradnorms,0.001460721216422139,0.0014338170693219507,0.004523620447189625,0.0060583921213919496,0.00359941185809527,0.004681213976837487,0.0022008261087620795,0.003479085787938183,0.0022062322711349927,0.0028683979481205152,0.0024132128224203207,orth_gradnorms,0.0013861083963079912,0.0013860029293878888,0.0013874178256628057,0.002433108349129698,0.0030367775131747714,0.0038373274769321866,0.0021774403071820702,0.0,0.0021690216321415636,0.0024612790145366295,0.0018618440807586776,projcoords,-33.34677401201248,43.213102256953015,-31.673711876276837,43.794166390595535,-28.881847325906023,44.749465234969534,-24.692189212432254,45.49433602820452,-19.08135192706775,45.713418659254586,-15.727456823474556,45.17276548285692,-14.605418780838798,44.45868859799682,-13.919748515356694,43.60463373695463,-13.924754612267474,43.57813560169167,-13.865649013670726,43.632369219396175,-12.290831635694527,43.99181827246717,-8.38702415648617,44.08156828410824,-4.187142399600942,43.213102256953015,approx_rxn_crds,0.0,0.065041859199411,0.15905487327392817,0.27500822487853605,0.4198360292719153,0.5106257704247068,0.5851268886176324,0.639869440399323,0.664628564010748,0.6831251909012643,0.7390199062633449,0.8574209416478678,1.0
nimgs,13,RMSF,0.00040570042720806764,AbsF,0.0024138716640633383,RMSF_o,0.00025876508923280067,AbsF_o,0.0016360026607159259,RMSF_CI,0.00022727005796032378,AbsF_CI,0.00137507895721833,energies,-2062.2789515101354,-2062.281931966516,-2062.2825784308166,-2062.282692097223,-2062.2804748894146,-2062.270446228004,-2062.2642729539093,-2062.251105855581,-2062.206356713101,-2062.263935390553,-2062.279710196767,-2062.2834332289967,-2062.2828096549856,gradnorms,0.0014590354754629826,0.0014338066131383506,0.004534445066174989,0.0060448002227841665,0.0035888858002446618,0.0046920117447553375,0.0022121897828072195,0.003386247597629881,0.002194338242996194,0.0028585327817478388,0.002404836391888463,orth_gradnorms,0.0013848788937946025,0.001385139013120226,0.0013872105191545928,0.002434024832109297,0.0030302687096622157,0.003855512994668331,0.0021846654233600668,0.0,0.002160108922735749,0.0024545579054791,0.0018574223516428544,projcoords,-33.34677401201248,43.213102256953015,-31.67440023182875,43.79364385621198,-28.880803339892573,44.749717266641845,-24.68400834095636,45.4951262591348,-19.069450565712827,45.71297882813772,-15.721356843286543,45.1711057296143,-14.602294939154222,44.45610325344909,-13.918950267135795,43.60354162140512,-13.924017962236329,43.57721724273715,-13.864946988648509,43.631429654425666,-12.2953083971592,43.99191528182128,-8.390281028536638,44.08229524175549,-4.187142399600942,43.213102256953015,approx_rxn_crds,0.0,0.06500550032265306,0.15906062870207502,0.2751723289483165,0.42006055481658566,0.5107180882527862,0.5852400151800595,0.6398983544713593,0.664665379689552,0.6831266791330256,0.7389382666307637,0.8573528891745462,1.0
nimgs,13,RMSF,0.00040477995417407533,AbsF,0.002414492485651922,RMSF_o,0.0002599822466547045,AbsF_o,0.0016426052278996203,RMSF_CI,0.00021901650242526358,AbsF_CI,0.0013195140217916678,energies,-2062.2789515101354,-2062.28193511253,-2062.2825823347976,-2062.282694903991,-2062.28046877189,-2062.270427623294,-2062.2642999001228,-2062.2510938939076,-2062.2063657041663,-2062.2639172536665,-2062.279714252292,-2062.2834368867543,-2062.2828096549856,gradnorms,0.0014573465259012162,0.0014338106095878856,0.004545198555161123,0.006031085483464728,0.003578398712861593,0.004702777711434457,0.002225617113662374,0.003263272389838182,0.002185032874157232,0.0028488575027021215,0.0023965003404070972,orth_gradnorms,0.0013836513658028965,0.0013842787674093423,0.0013870107662016444,0.002434924351217931,0.0030237921781869907,0.003873648231808011,0.002192688969422164,0.0,0.002154563093341634,0.0024478534034984285,0.0018530299373696465,projcoords,-33.34677401201248,43.213102256953015,-31.6750882171698,43.79312232514035,-28.879754938506547,44.74997151712542,-24.675804017823424,45.49591751193287,-19.05757433965871,45.71253771340274,-15.715285449879286,45.1694537353096,-14.599184660000724,44.45351752307456,-13.918152210955691,43.60245229687464,-13.923263157156434,43.5762935502914,-13.864245862119425,43.63049217051884,-12.299762867463913,43.9920091283596,-8.393521836512434,44.08301867306547,-4.187142399600942,43.213102256953015,approx_rxn_crds,0.0,0.0649691508959026,0.15906636815745664,0.275336660193814,0.4202838734496773,0.5108092071354398,0.5853523930796332,0.6399266726635471,0.6647082709430467,0.6831283997867954,0.7388575507355697,0.8572855076937883,1.0
nimgs,13,RMSF,0.00040385362407531993,AbsF,0.0024151652209474382,RMSF_o,0.00026119489241089536,AbsF_o,0.0016492037185287462,RMSF_CI,0.00020983504822575763,AbsF_CI,0.0012306909656692223,energies,-2062.2789515101354,-2062.2819382529715,-2062.282586234307,-2062.282697697502,-2062.2804626485154,-2062.270409124805,-2062.2643271054003,-2062.2510820729467,-2062.206374458467,-2062.2638989012803,-2062.2797182876066,-2062.2834405365234,-2062.2828096549856,gradnorms,0.0014556576808320057,0.0014338277027564853,0.0045558869098893335,0.0060172834758457985,0.0035679542161694525,0.004713594493574514,0.0022404783104967825,0.0031264718033251373,0.002180398886717864,0.00283932441999108,0.0023882138008408616,orth_gradnorms,0.0013824257747167205,0.001383422174017365,0.0013868180857318755,0.0024358064081326926,0.003017345005337281,0.003891716246642566,0.0022009591885228785,0.0,0.0021541801970790613,0.0024411659771607776,0.0018486667623874764,projcoords,-33.34677401201248,43.213102256953015,-31.67577581858419,43.79260179609352,-28.87870210822716,44.75022798490493,-24.667576361276012,45.49670977039864,-19.045723437884657,45.7120953580676,-15.70924258159393,45.16780947725478,-14.596087820115644,44.45093136741324,-13.917354605085457,43.60136492927812,-13.922487501022417,43.57536810390696,-13.863546311567942,43.62955577160337,-12.304195446036337,43.99209976198042,-8.396746663544192,44.083738600880636,-4.187142399600942,43.213102256953015,approx_rxn_crds,0.0,0.06493285226483726,0.15907219211041668,0.2755013883124781,0.4205062453481931,0.510899450982441,0.5854643936282172,0.6399549162175173,0.6647559591801987,0.6831301643059885,0.7387775832619877,0.857218704514307,1.0
nimgs,13,RMSF,0.00040292445343207924,AbsF,0.0024159452822381487,RMSF_o,0.0002624018738726238,AbsF_o,0.0016558048551124972,RMSF_CI,0.0002011246751165663,AbsF_CI,0.0011119083636032098,energies,-2062.2789515101354,-2062.2819413878765,-2062.2825901293686,-2062.282700477742,-2062.280456519745,-2062.270390733299,-2062.264354569401,-2062.2510701859437,-2062.2063833249185,-2062.2638805558868,-2062.279722301622,-2062.283444178356,-2062.2828096549856,gradnorms,0.0014539731619353147,0.0014338560678746845,0.0045665184570223205,0.0060034391450672535,0.003557557455839031,0.00472454385384067,0.0022562190621131053,0.0029966901669750984,0.0021823279273750825,0.002829883886939094,0.0023799873692352826,orth_gradnorms,0.0013812020862522,0.0013825692134876058,0.0013866320473956604,0.00243667052115505,0.003010924135029395,0.0039096998653904225,0.0022091235971545293,0.0,0.002160532351547334,0.0024344960777580604,0.0018443320023598746,projcoords,-33.34677401201248,43.213102256953015,-31.676463021939895,43.79208226797243,-28.877644835514097,44.75048666850169,-24.659325491370765,45.49750301823021,-19.03389804860165,45.71165180509718,-15.703228176536127,45.16617293243605,-14.593004276695233,44.44834472589198,-13.916557644398214,43.60027861534885,-13.92168865481619,43.57444388890813,-13.862848820625757,43.62861951097737,-12.308606523460572,43.99218713120217,-8.399955591951178,44.08445504789179,-4.187142399600942,43.213102256953015,approx_rxn_crds,0.0,0.06489664655246623,0.15907820314486912,0.27566668700803854,0.4207279368259044,0.5109891506463486,0.5855763966735354,0.6399836116146514,0.6648069349744063,0.683131786573729,0.7386981855036963,0.8571523849150127,1.0
nimgs,13,RMSF,0.0004019954773415571,AbsF,0.002416884512734909,RMSF_o,0.00026360203206903367,AbsF_o,0.0016624164956110649,RMSF_CI,0.00019442742450775068,AbsF_CI,0.0009680322995522018,energies,-2062.2789515101354,-2062.2819445172818,-2062.2825940200064,-2062.282703244697,-2062.2804503860166,-2062.270372449494,-2062.2643822915884,-2062.251058036048,-2062.2063926550522,-2062.2638624504048,-2062.2797262933245,-2062.2834478123036,-2062.2828096549856,gradnorms,0.0014522972185497549,0.0014338937658293568,0.004577102028667822,0.005989597713058927,0.0035472140802119134,0.0047357003030572345,0.0022723386347939818,0.002896903380328587,0.002192044676756178,0.0028204842730268236,0.0023718314305569174,orth_gradnorms,0.001379980273413247,0.00138171986271814,0.001386452344065803,0.0024375163144032624,0.0030045271782359133,0.003927581819774745,0.0022170235297328173,0.0,0.002174530344035102,0.002427844922774427,0.001840024733684838,projcoords,-33.34677401201248,43.213102256953015,-31.677149814408438,43.79156373921594,-28.87658310780553,44.750747566100905,-24.651051528062887,45.49829723908704,-19.022098350326722,45.711207095831725,-15.697242171648162,45.164544076872495,-14.58993385844184,44.44575750471171,-13.915761460305944,43.599192426211694,-13.920864824306895,43.573523237408864,-13.86215367316558,43.62768255854286,-12.312996468855642,43.99227118589917,-8.403148706236355,44.08516803657524,-4.187142399600942,43.213102256953015,approx_rxn_crds,0.0,0.06486057478248176,0.15908450148855371,0.2758327263608052,0.4209492088274905,0.511078629687937,0.5856887744998323,0.6400132675282887,0.6648595245061326,0.6831330908051675,0.738619182991929,0.8570864560496809,1.0
nimgs,13,RMSF,0.0004010691356731272,AbsF,0.0024180277900719147,RMSF_o,0.000264794211110934,AbsF_o,0.001669047292240725,RMSF_CI,0.00019110164303110658,AbsF_CI,0.0009466072131266584,energies,-2062.2789515101354,-2062.281947641218,-2062.282597906243,-2062.282705998354,-2062.28044424774,-2062.2703542740387,-2062.2644102712025,-2062.251045446038,-2062.2064027296956,-2062.2638448184744,-2062.2797302618305,-2062.283451438408,-2062.2828096549856,gradnorms,0.001450633239559884,0.0014339391299948048,0.004587644989786734,0.0059757955330557305,0.0035369291389728726,0.004747125162535989,0.00228835985384821,0.0028473503523732103,0.0022097433437915284,0.002811072086379369,0.0023637545165513993,orth_gradnorms,0.0013787603191280935,0.0013808740931975018,0.0013862788434867586,0.002438343589817602,0.0029981530430840514,0.003945344887434475,0.002224654677497382,0.0,0.0021961025040080997,0.0024212149891675565,0.0018357446010249965,projcoords,-33.34677401201248,43.213102256953015,-31.67783618606522,43.791046207202584,-28.875516914457187,44.75101067520549,-24.64275458939617,45.49909241665525,-19.010324503791157,45.71076126857633,-15.691284501834001,45.16292288496891,-14.586876358094994,44.443169566682094,-13.91496612173679,43.598105444912996,-13.920014913651483,43.57260778788551,-13.861460945867616,43.62674425121317,-12.317365617718984,43.99235188017359,-8.406326095754931,44.08587758914416,-4.187142399600942,43.213102256953015,approx_rxn_crds,0.0,0.0648246748178521,0.15909118006274534,0.2759996643315851,0.42117030408890993,0.5111681885791424,0.5858018738910651,0.6400443504346717,0.6649119638086763,0.6831339200800997,0.7385404139098786,0.8570208313046983,1.0
nimgs,13,RMSF,0.0004001467718296153,AbsF,0.0024194101386886438,RMSF_o,0.000265977269041044,AbsF_o,0.0016757062700855615,RMSF_CI,0.00019188008019964945,AbsF_CI,0.0009216953823443463,energies,-2062.2789515101354,-2062.281950759711,-2062.2826017881025,-2062.282708738696,-2062.280438105284,-2062.2703362074944,-2062.264438507243,-2062.2510322671433,-2062.2064136990434,-2062.2638278834993,-2062.2797342064373,-2062.2834550567013,-2062.2828096549856,gradnorms,0.001448983032086841,0.001433991113526034,0.004598151510604223,0.005962052621308957,0.003526705917692794,0.004758861729588883,0.0023038050896238113,0.002858948804961031,0.0022344306691813413,0.0028015924338163404,0.0023557617347221608,orth_gradnorms,0.0013775422165572438,0.0013800318704424673,0.0013861116034494488,0.0024391523513339172,0.002991802038524704,0.0039629720535893365,0.002232106555290527,0.0,0.0022240720991985492,0.002414609826377518,0.0018314920346723038,projcoords,-33.34677401201248,43.213102256953015,-31.67852213102478,43.79052966783373,-28.874446247420302,44.7512759923911,-24.63443479019172,45.49988853470111,-18.998576646440462,45.7103143576552,-15.685355099292629,45.16130932898374,-14.583831526982054,44.44058072375302,-13.914171635028667,43.597016800805086,-13.919138638811178,43.57169846872539,-13.860770501274057,43.625804122224295,-12.321714260249934,43.992429175401114,-8.409487856571856,44.08658372755164,-4.187142399600942,43.213102256953015,approx_rxn_crds,0.0,0.0647889792492758,0.15909831935475366,0.2761676379002787,0.42139143370151866,0.5112580882933163,0.5859159974426296,0.640077260188034,0.6649624785006883,0.6831341451721109,0.7384617377942599,0.8569554348554536,1.0
nimgs,13,RMSF,0.00039922699229159907,AbsF,0.002421051944430014,RMSF_o,0.00026715008784661276,AbsF_o,0.00168240234895413,RMSF_CI,0.0001963888639123634,AbsF_CI,0.0008950013514561758,energies,-2062.2789515101354,-2062.281953872781,-2062.2826056656063,-2062.2827114657075,-2062.2804319589754,-2062.2703182503305,-2062.2644669984534,-2062.2510183864642,-2062.2064253862795,-2062.2638118468603,-2062.2797381266687,-2062.283458667206,-2062.2828096549856,gradnorms,0.0014473444487063016,0.0014340504120462184,0.004608616877187162,0.0059483482148468434,0.0035165413007172026,0.00477092671377554,0.0023165154626855005,0.002926128169248762,0.00226046170599161,0.002791983291946982,0.0023478489009483103,orth_gradnorms,0.0013763259668731018,0.001379193154836703,0.0013859508451124947,0.0024399427704218123,0.0029854754135936806,0.003980446660224521,0.002237887585745717,0.0,0.0022526658573518844,0.002408033289837922,0.0018272678858038695,projcoords,-33.34677401201248,43.213102256953015,-31.679207647856227,43.7900141153914,-28.87337110150461,44.75154351321818,-24.626092241534778,45.5006855771014,-18.98685489076835,45.70986639314566,-15.679453893176252,45.15970337873262,-14.580799071973225,44.43799073278611,-13.913377941853145,43.59592570190204,-13.918248887065994,43.570808253969965,-13.860081984826968,43.62486191029375,-12.326042630264622,43.992503043404575,-8.4126340921371,44.087286473554286,-4.187142399600942,43.213102256953015,approx_rxn_crds,0.0,0.06475352583710739,0.1591060130628495,0.2763368075747252,0.42161284504724394,0.5113486327322403,0.586031498093683,0.6401124301437788,0.6650088791940287,0.68313361224031,0.7383829936398281,0.856890178597654,1.0
nimgs,13,RMSF,0.0003983061847238892,AbsF,0.002422958439614954,RMSF_o,0.0002683115753231571,AbsF_o,0.0016891438857671338,RMSF_CI,0.0002030442034503999,AbsF_CI,0.0009750158982121114,energies,-2062.2789515101354,-2062.2819569804437,-2062.282609538777,-2062.2827141793728,-2062.28042580911,-2062.270300402949,-2062.2644957433085,-2062.251003733535,-2062.2064373492117,-2062.263796869853,-2062.2797420223346,-2062.2834622699365,-2062.2828096549856,gradnorms,0.001445712136472337,0.0014341192386140176,0.004619028762002018,0.005934628491087273,0.0035064264095066525,0.0047833097905900495,0.0023237784804929127,0.0030252904950049406,0.002280116263573025,0.002782182175041361,0.0023400036823873704,orth_gradnorms,0.0013751115738783555,0.0013783579042980292,0.0013857968699090045,0.0024407150726028044,0.002979174112706968,0.003997752433859745,0.0022398958484838474,0.0,0.0022741456190087115,0.0024014881437301183,0.0018230725795653632,projcoords,-33.34677401201248,43.213102256953015,-31.679892738355797,43.78949954301131,-28.87229147367504,44.75181323250127,-24.617727052122895,45.50148352781001,-18.975159330999514,45.7094174020716,-15.673580810141068,45.15810500198076,-14.57777865561789,44.43539929561711,-13.912584983585663,43.594831534577786,-13.917365137990476,43.56995414385268,-13.859394958836328,43.62391769649643,-12.33035089311436,43.99257347010134,-8.415764911379512,44.0879858488085,-4.187142399600942,43.213102256953015,approx_rxn_crds,0.0,0.06471834174779824,0.15911432928501254,0.27650728993402385,0.42183471874860134,0.5114400439118298,0.5861486361220578,0.6401501648987837,0.6650490857547385,0.6831322183992495,0.7383040640199298,0.8568249971207261,1.0
nimgs,13,RMSF,0.00039738081023293177,AbsF,0.0024251232658231655,RMSF_o,0.0002694606675417447,AbsF_o,0.001695938252236086,RMSF_CI,0.00020983222444015322,AbsF_CI,0.0010092089073841682,energies,-2062.2789515101354,-2062.2819600827142,-2062.282613407635,-2062.2827168796744,-2062.2804196559737,-2062.270282665723,-2062.2645247400087,-2062.250988284061,-2062.2064491542324,-2062.2637830552726,-2062.2797458935756,-2062.2834658649053,-2062.2828096549856,gradnorms,0.0014440808482751042,0.0014341998814402814,0.004629374622217695,0.005920840721703857,0.0034963517766337404,0.004795980945271588,0.0023244843216250204,0.003126429729867222,0.002288821804599745,0.0027721422684473017,0.0023322128474283295,orth_gradnorms,0.001373899037538721,0.0013775260779187177,0.0013856499465533855,0.002441469399494076,0.002972897484971363,0.004014873522310943,0.002237409528207662,0.0,0.0022840312268673424,0.002394974965971756,0.0018189054106954477,projcoords,-33.34677401201248,43.213102256953015,-31.680577405115862,43.78898594360285,-28.87120736162885,44.75208514484272,-24.609339331020642,45.502282370776314,-18.963490055725778,45.7089674106516,-15.667735775554691,45.156514165390035,-14.574769899252335,44.43280606315332,-13.911792789854777,43.59373397645411,-13.916497391632905,43.56914124566825,-13.858709096192541,43.62297206688056,-12.33463913472561,43.99264045906963,-8.418880424861326,44.08868187494408,-4.187142399600942,43.213102256953015,approx_rxn_crds,0.0,0.06468342824811243,0.15912327260843265,0.27667909143114994,0.4220570675008401,0.5115323398543618,0.5862674391736418,0.6401904820829066,0.6650818726079343,0.6831299850235024,0.7382249378433071,0.8567598820314415,1.0
nimgs,13,RMSF,0.0003964484665929651,AbsF,0.0024275308401814698,RMSF_o,0.00027059633348183406,AbsF_o,0.0017027914557337688,RMSF_CI,0.00021508936873544055,AbsF_CI,0.0010362932414650417,energies,-2062.2789515101354,-2062.2819631796096,-2062.282617272203,-2062.2827195665955,-2062.280413499864,-2062.270265039029,-2062.2645539864784,-2062.250972059307,-2062.2064605034357,-2062.2637704383933,-2062.2797497408883,-2062.2834694521257,-2062.2828096549856,gradnorms,0.0014424469784704032,0.0014342939811312746,0.00463964531489418,0.005906949114338871,0.003486309883588523,0.004808895289169983,0.002319186952815824,0.003204759415704756,0.0022858758619508503,0.002761840604455243,0.0023244659069029763,orth_gradnorms,0.0013726883498796727,0.0013766976388855819,0.0013855102214512965,0.002442205735662749,0.0029666430539239006,0.004031794563718029,0.002231144083507286,0.0,0.002281742387347482,0.0023884923843696232,0.0018147646382015395,projcoords,-33.34677401201248,43.213102256953015,-31.681261649349338,43.78847331066924,-28.870118762510295,44.75235924511404,-24.600929190173122,45.50308208987244,-18.951847159038728,45.70851644630422,-15.661918714544836,45.15493083542462,-14.571772388027656,44.43021064210269,-13.911001501460229,43.59263303071792,-13.91564433319408,43.56836251111889,-13.858024258211444,43.622026116671314,-12.33890735630022,43.992704033865536,-8.421980741182061,44.08937457357005,-4.187142399600942,43.213102256953015,approx_rxn_crds,0.0,0.06464876729697466,0.15913279998493313,0.2768521355601062,0.42227977740277295,0.5116253853347452,0.5863877603039939,0.6402331760188416,0.6651068130181599,0.6831270243084998,0.7381456845728158,0.8566948679125759,1.0
nimgs,13,RMSF,0.0003955081005331408,AbsF,0.0024301580029426426,RMSF_o,0.00027171758145911874,AbsF_o,0.001709707814366197,RMSF_CI,0.00021776843937658876,AbsF_CI,0.0010540073611171922,energies,-2062.2789515101354,-2062.28196627115,-2062.2826211325023,-2062.2827222401206,-2062.2804073411044,-2062.270247523263,-2062.264583480369,-2062.250955122343,-2062.206471259914,-2062.263758987615,-2062.2797535651152,-2062.283473031617,-2062.2828096549856,gradnorms,0.0014408088677910075,0.0014344023396314954,0.004649835975033285,0.005892937975610123,0.0034762962794007302,0.004821996340121611,0.0023095501744611066,0.003244676669230747,0.0022735577842946833,0.0027512798926689094,0.0023167564521744764,orth_gradnorms,0.0013714794942225623,0.0013758725559321445,0.001385377675510228,0.0024429239188295104,0.00296040738948242,0.004048500782317623,0.0022227594816572323,0.0,0.0022696539744513572,0.0023820383484116233,0.0018106483210663254,projcoords,-33.34677401201248,43.213102256953015,-31.681945469568618,43.78796163880291,-28.86902567212138,44.75263552875116,-24.592496745964603,45.50388266885076,-18.940230747131125,45.70806453886021,-15.656129552584689,45.1533549789346,-14.568785677185279,44.42761260342818,-13.910211326307206,43.59152898639884,-13.91479659138533,43.567603131545695,-13.857340444039018,43.62108130810814,-12.343155476422307,43.99276423859479,-8.42506596457496,44.09006396621498,-4.187142399600942,43.213102256953015,approx_rxn_crds,0.0,0.06461433226007168,0.15914284688204716,0.2770263080568006,0.42250267685151904,0.5117189757719497,0.5865093739325058,0.6402779274199505,0.6651239649046783,0.6831234860211431,0.7380664112970129,0.8566300089418409,1.0
nimgs,13,RMSF,0.00039455971146450835,AbsF,0.002432975096802264,RMSF_o,0.0002728234656331158,AbsF_o,0.0017166896764696233,RMSF_CI,0.00021737779512403694,AbsF_CI,0.0010406716938072616,energies,-2062.2789515101354,-2062.2819693573592,-2062.282624988554,-2062.2827249002357,-2062.2804011800445,-2062.2702301188415,-2062.26461321906,-2062.250937572946,-2062.206481412238,-2062.26374861164,-2062.2797573674097,-2062.283476603402,-2062.2828096549856,gradnorms,0.0014391663743762843,0.001434525070804996,0.004659945183191492,0.005878807296742447,0.003466309729426449,0.004835218132411801,0.0022977192447565624,0.003238856200957877,0.0022558640424850756,0.002740485856824373,0.002309081911482481,orth_gradnorms,0.0013702724468660952,0.0013750508033809929,0.0013852521252072452,0.0024436236989233964,0.0029541874047343108,0.004064978085403927,0.0022142849435493775,0.0,0.0022518088908718933,0.002375611490911581,0.0018065552913428557,projcoords,-33.34677401201248,43.213102256953015,-31.682628861163447,43.787450923839536,-28.867928084661212,44.7529139918503,-24.584042119739024,45.50468409133033,-18.92864094019989,45.70761172092759,-15.6503682155831,45.15178656331692,-14.56580929913379,44.42501149193363,-13.909422456107823,43.59042233368841,-13.913941523567583,43.566845591446096,-13.856657655235455,43.620139248844914,-12.347383340253447,43.992821136742485,-8.428136193852948,44.09075007424646,-4.187142399600942,43.213102256953015,approx_rxn_crds,0.0,0.06458009497222107,0.1591533445946139,0.27720148691581814,0.4227255823229023,0.5118128928266702,0.5866320393125353,0.6403243800336937,0.6651335862895661,0.6831195225576676,0.7379872340814342,0.8565653633667853,1.0
nimgs,13,RMSF,0.00039360404800730124,AbsF,0.002435947068628823,RMSF_o,0.00027391309117936384,AbsF_o,0.0017259198228482622,RMSF_CI,0.00021388719700693573,AbsF_CI,0.0010137981125800807,energies,-2062.2789515101354,-2062.281972438266,-2062.282628840379,-2062.2827275469267,-2062.2803950170596,-2062.2702128261903,-2062.264643199674,-2062.250919542342,-2062.206491038166,-2062.2637391697695,-2062.2797611491746,-2062.2834801675067,-2062.2828096549856,gradnorms,0.0014375204348440005,0.0014346617688655965,0.004669974071938761,0.005864568231926109,0.003456352057118107,0.004848487365754068,0.0022859019434758655,0.0031868474603679088,0.0022375930703766246,0.0027295029266711356,0.002301442913313218,orth_gradnorms,0.0013690671796018539,0.0013742323602713232,0.0013851332523885434,0.002444304794639312,0.002947981265379105,0.0040812131403927514,0.0022077158888668285,0.0,0.0022330027854314785,0.0023692117436890743,0.0018024855987474051,projcoords,-33.34677401201248,43.213102256953015,-31.683311816621437,43.78694116276728,-28.866825992846138,44.75319463111876,-24.575565437557735,45.505486340801106,-18.91707787102488,45.707158027635096,-15.644634629582939,45.15022555627895,-14.562842771041067,44.422406836609596,-13.908634977537567,43.589313663303926,-13.913066921976842,43.56607309804594,-13.855975734200086,43.61920146038982,-12.35159073421463,43.99287480856656,-8.431191522401939,44.09143291882327,-4.187142399600942,43.213102256953015,approx_rxn_crds,0.0,0.06454602736190751,0.1591642242574725,0.27737754937546866,0.4229483090604789,0.5119069173214271,0.5867555150500354,0.6403721643036551,0.6651360135564965,0.6831152810860243,0.7379082709963364,0.8565009898895294,1.0
nimgs,13,RMSF,0.0003926411582331576,AbsF,0.0024390322245916385,RMSF_o,0.00027498561844348365,AbsF_o,0.0017422299336118648,RMSF_CI,0.00020772617619266252,AbsF_CI,0.0010746786271765814,energies,-2062.2789515101354,-2062.2819755139008,-2062.282632688,-2062.2827301801794,-2062.2803888525477,-2062.270195645726,-2062.264673419084,-2062.250901188073,-2062.206500130798,-2062.263730483221,-2062.2797649119907,-2062.2834837239625,-2062.2828096549856,gradnorms,0.0014358709661660808,0.001434812514554426,0.004679921260805117,0.0058502214974123804,0.0034464244758546465,0.004861720881933572,0.0022745155434514223,0.003095050317715168,0.002219794342603182,0.002718383031494834,0.00229383821955378,orth_gradnorms,0.0013678636620126942,0.0013734172090025267,0.001385020649190921,0.0024449669189496883,0.0029417885192778875,0.0040971934367156045,0.0022030366150117366,0.0,0.0022142425440485566,0.002362840047322572,0.0017984401761128325,projcoords,-33.34677401201248,43.213102256953015,-31.68399432615817,43.786432353480336,-28.865719388275263,44.75347744373164,-24.567066829456518,45.50628940063725,-18.905541681475505,45.706703495973095,-15.638928720162035,45.14867192527614,-14.55988560266728,44.41979816138087,-13.907848801308734,43.58820356803225,-13.912178641287,43.56528501347565,-13.855294220919152,43.61826917952006,-12.355777404245309,43.992925347414214,-8.434232038895743,44.092112520905054,-4.187142399600942,43.213102256953015,approx_rxn_crds,0.0,0.06451209245072108,0.15917539468700231,0.2775543333194315,0.42317061229305497,0.5120007580270433,0.5868794771647095,0.6404208151339756,0.6651318673476523,0.6831109482260725,0.7378296781086605,0.8564369676159806,1.0
nimgs,13,RMSF,0.00039167229094144094,AbsF,0.002442187808247188,RMSF_o,0.00027604026403273043,AbsF_o,0.001758328525320852,RMSF_CI,0.0001998366671626849,AbsF_CI,0.0010956183396638398,energies,-2062.2789515101354,-2062.281978584296,-2062.282636531436,-2062.282732799981,-2062.2803826869213,-2062.2701785778545,-2062.2647038739315,-2062.250882685822,-2062.2065088269264,-2062.263722343971,-2062.279768657544,-2062.2834872728045,-2062.2828096549856,gradnorms,0.0014342196194612193,0.001434976522542949,0.004689789659343566,0.005835785699892717,0.0034365316195353914,0.004874836361674304,0.0022640566336387166,0.0029774992806845674,0.0022041373940996424,0.0027071914184765614,0.002286270454638559,orth_gradnorms,0.0013666618621958138,0.001372605334331693,0.0013849138503569417,0.002445609748667594,0.002935609197527152,0.0041129073020834805,0.002200221292405609,0.0,0.0021971473066525124,0.002356497041708018,0.0017944198714329959,projcoords,-33.34677401201248,43.213102256953015,-31.684676377849286,43.78592449471546,-28.864608261497622,44.753762427295534,-24.558546429278067,45.50709325408513,-18.89403252148341,45.70624816454471,-15.633250412055563,45.14712563705611,-14.55693730470804,44.41718499661249,-13.907063704491785,43.58709262942906,-13.911282517597895,43.564480991661284,-13.854612433714573,43.61734335525075,-12.359943074048013,43.99297285576694,-8.437257827341485,44.09278890130169,-4.187142399600942,43.213102256953015,approx_rxn_crds,0.0,0.06447825003264664,0.15918675635004023,0.27773166154581846,0.4233922242930369,0.5120940965889798,0.5870035702737549,0.6404698321511565,0.6651221107076118,0.683106721576855,0.7377516260035519,0.8563733834785873,1.0
nimgs,13,RMSF,0.00039069963660779767,AbsF,0.0024453714486500017,RMSF_o,0.0002770763039855983,AbsF_o,0.0017742091477792453,RMSF_CI,0.00019162002450738656,AbsF_CI,0.0010748908519115738,energies,-2062.2789515101354,-2062.281981649489,-2062.28264037071,-2062.2827354063197,-2062.280376520603,-2062.2701616229483,-2062.2647345606442,-2062.250864220631,-2062.2065173764004,-2062.2637145259905,-2062.2797723875415,-2062.2834908140694,-2062.2828096549856,gradnorms,0.0014325694050632933,0.0014351522718099683,0.004699585761988003,0.005821293476719179,0.003426680171111591,0.004887754794822288,0.0022550621291866683,0.0028550740624143076,0.002192587893349184,0.002696001292602356,0.0022787447479440566,orth_gradnorms,0.0013654617485924555,0.0013717967216059126,0.0013848123885400235,0.0024462329230925165,0.0029294431629439356,0.004128343949712883,0.0021992562849220756,0.0,0.002183651577163303,0.0023501823744317067,0.0017904247496042954,projcoords,-33.34677401201248,43.213102256953015,-31.68535795847337,43.78541758572547,-28.863492602507158,44.75404957965533,-24.550004373653252,45.5078978842808,-18.88255054453749,45.70579207269612,-15.62759962836543,45.14558665690424,-14.55399739640233,44.41456688968231,-13.906279373366026,43.58598139930598,-13.910383970251242,43.5636609407377,-13.85392954773079,43.61642464594301,-12.36408746501088,43.993017440502165,-8.440268968154898,44.09346208071382,-4.187142399600942,43.213102256953015,approx_rxn_crds,0.0,0.06444445923890009,0.15919820774030202,0.2779093529118884,0.42361287146069415,0.5121866081144165,0.5871274308816338,0.6405187095054856,0.6651080073887903,0.6831027969215,0.7376742887267428,0.8563103264417188,1.0
nimgs,13,RMSF,0.0003897258477559583,AbsF,0.002448542235077183,RMSF_o,0.00027809307790610017,AbsF_o,0.0017898654460515352,RMSF_CI,0.00018475415679721242,AbsF_CI,0.0010132010480376804,energies,-2062.2789515101354,-2062.2819847095125,-2062.282644205841,-2062.2827379991822,-2062.280370354013,-2062.2701447813283,-2062.2647654754555,-2062.2508459778883,-2062.206526085004,-2062.263706797873,-2062.2797761036286,-2062.2834943477988,-2062.2828096549856,gradnorms,0.0014309239989183076,0.001435337816888238,0.004709318081318459,0.005806784349605234,0.0034168774613792924,0.00490040210016107,0.0022480579933489317,0.0027527749375411107,0.0021869364739330564,0.0026848879177349067,0.0022712671638262217,orth_gradnorms,0.0013642632928974393,0.0013709913544152114,0.0013847158659207064,0.0024468360853380517,0.0029232900042830104,0.004143493539925217,0.0022001483549618905,0.0,0.0021755635739723065,0.0023438949450757347,0.0017864540568049794,projcoords,-33.34677401201248,43.213102256953015,-31.686039054853737,43.784911625770995,-28.862372401544913,44.7543388985903,-24.541440800363134,45.50870327429149,-18.87109590080785,45.70533525922912,-15.62197628955456,45.14405494776914,-14.551065412202032,44.41194341431672,-13.905495441782278,43.584870381073664,-13.909487812780021,43.5628251253742,-13.853244667646573,43.615513414605886,-12.368210316262813,43.9930592077549,-8.443265539889438,44.09413207973164,-4.187142399600942,43.213102256953015,approx_rxn_crds,0.0,0.06441068090347124,0.15920965132012344,0.2780872327912758,0.4238322903845612,0.5122779804107029,0.5872507091432678,0.640566963819778,0.6650910609058833,0.6830993567400028,0.7375978334298156,0.856247882061635,1.0
nimgs,13,RMSF,0.00038875346500220415,AbsF,0.002451661561787355,RMSF_o,0.00027908999180207867,AbsF_o,0.0018052909777802337,RMSF_CI,0.00018082393172296109,AbsF_CI,0.000913633872482836,energies,-2062.2789515101354,-2062.2819877644,-2062.2826480368503,-2062.2827405785556,-2062.2803641875516,-2062.270128053236,-2062.2647966144277,-2062.250828134453,-2062.2065352456557,-2062.263698935675,-2062.2797798073034,-2062.28349787403,-2062.2828096549856,gradnorms,0.0014292869148258274,0.0014355311945139827,0.004718995148709362,0.005792296172880911,0.0034071302783672676,0.0049127102188894585,0.002243510334613584,0.0026942159028170926,0.002188333193144303,0.0026739229257930915,0.002263843282580393,orth_gradnorms,0.0013630664731884522,0.0013701892122149931,0.0013846240247537272,0.0024474189507696234,0.002917149373685281,0.004158347222436664,0.0022029253395812274,0.0,0.002174121600219907,0.0023376337577405157,0.0017825067591116372,projcoords,-33.34677401201248,43.213102256953015,-31.686719655373494,43.78440661355349,-28.861247650015038,44.754630381471955,-24.532855846466575,45.509509407170675,-18.859668729563097,45.70487776099973,-15.616380312442153,45.14253046942716,-14.548140907412822,44.40931417854419,-13.904711522733674,43.58376001454686,-13.908598088344254,43.561974233222045,-13.852556894422868,43.6146097262361,-12.372311403299255,43.99309825782705,-8.446247621147686,44.09479891879572,-4.187142399600942,43.213102256953015,approx_rxn_crds,0.0,0.06437687963557831,0.15922099876947166,0.27826514236853334,0.424050242126477,0.5123679310163969,0.5873730881339778,0.640614159124814,0.6650729366655699,0.6830965603819382,0.7375224111919404,0.8561861276547914,1.0
nimgs,13,RMSF,0.00038778437527891484,AbsF,0.0024546938661514426,RMSF_o,0.0002800665185132756,AbsF_o,0.0018204789620960928,RMSF_CI,0.00018081559203412658,AbsF_CI,0.0007814500510784399,energies,-2062.2789515101354,-2062.2819908141796,-2062.2826518637585,-2062.2827431444266,-2062.280358021591,-2062.2701114388133,-2062.2648279734703,-2062.250810850264,-2062.2065450731584,-2062.2636907348524,-2062.279783499848,-2062.2835013927997,-2062.2828096549856,gradnorms,0.00142766072143669,0.0014357308418843223,0.004728623483359557,0.005777857061205454,0.00339744392257886,0.004924618032883121,0.002241777146821486,0.0026940916442520432,0.0021969513516641747,0.002663169224656002,0.0022564769960374325,orth_gradnorms,0.0013618712760261893,0.0013693902686419128,0.0013845367955583052,0.0024479813694539623,0.0029110214199702914,0.004172897142736281,0.002207620099395401,0.0,0.0021796626881424534,0.0023313987125061363,0.0017785822117537798,projcoords,-33.34677401201248,43.213102256953015,-31.68739975130855,43.78390254672226,-28.860118341301035,44.75492402496348,-24.52424964662675,45.51031626601339,-18.848269152670813,45.704419611727594,-15.610811609382587,45.14101317781084,-14.545223462780772,44.406678831210705,-13.903927233197637,43.58265066425755,-13.907717938652382,43.56110940475955,-13.851865385357996,43.61371335381753,-12.376390553805837,43.99313468058301,-8.449215292217403,44.095462618154016,-4.187142399600942,43.213102256953015,approx_rxn_crds,0.0,0.06434302547686566,0.15923217521078434,0.27844294616292226,0.4242665237771463,0.5124562209294837,0.5874942993864626,0.6406599273336776,0.6650553720545206,0.6830945364399761,0.7374481495985121,0.8561251283936053,1.0
nimgs,13,RMSF,0.00038681942010902824,AbsF,0.0024576073780038705,RMSF_o,0.00028102219673807095,AbsF_o,0.0018354220939306098,RMSF_CI,0.00018472614337698102,AbsF_CI,0.0007277605709658739,energies,-2062.2789515101354,-2062.281993858875,-2062.282655686585,-2062.282745696781,-2062.2803518564633,-2062.2700949380946,-2062.2648595483633,-2062.2507942607804,-2062.2065556568755,-2062.2636820203534,-2062.279787182272,-2062.2835049041378,-2062.2828096549856,gradnorms,0.00142604647886378,0.0014359359303627855,0.004738206015031869,0.00576347955298825,0.0033878214914713836,0.0049360724653528445,0.0022430661771735794,0.0027523575469802454,0.002211876867284729,0.0026526768227727454,0.002249169541009314,orth_gradnorms,0.0013606776965428046,0.0013685944911279045,0.0013844543054363147,0.002448523351130976,0.0029049069781273253,0.00418713642758473,0.0022142390391100674,0.0,0.002191496050889462,0.0023251907954959378,0.0017746804824540251,projcoords,-33.34677401201248,43.213102256953015,-31.688079337668526,43.78339942157045,-28.858984471291805,44.7552198248308,-24.515622332030873,45.51112383399912,-18.836897270700902,45.70396084129195,-15.605270087750682,45.13950302459514,-14.542312688019669,44.40403706702453,-13.903142214033771,43.58154260931693,-13.906849514337885,43.5602322264953,-13.851169406086669,43.61282379864977,-12.38044765958017,43.99316855170556,-8.452168636052047,44.09612319785313,-4.187142399600942,43.213102256953015,approx_rxn_crds,0.0,0.06430909508188028,0.15924312223065146,0.2786205374398954,0.4244809767406466,0.5125426644316007,0.5876141340176216,0.640703983386903,0.6650400806616992,0.6830933776330163,0.7373751473988516,0.8560649345084657,1.0
nimgs,13,RMSF,0.00038585743044343505,AbsF,0.002460373421015096,RMSF_o,0.0002819566306232752,AbsF_o,0.0018501125227610008,RMSF_CI,0.00019146852309301907,AbsF_CI,0.0008790857096984283,energies,-2062.2789515101354,-2062.2819968985036,-2062.2826595053475,-2062.282748235603,-2062.280345692462,-2062.2700785510037,-2062.264891334778,-2062.2507784705695,-2062.206566844022,-2062.263672654277,-2062.2797908552816,-2062.2835084080702,-2062.2828096549856,gradnorms,0.0014244423420665822,0.0014361471744623693,0.004747738181492771,0.005749146229789871,0.0033782615214952984,0.004947026869264457,0.0022464450136107867,0.0028528167421802055,0.0022290867973893463,0.0026424760021593794,0.0022419161945133837,orth_gradnorms,0.0013594857362987174,0.0013678018420329324,0.001384376840846509,0.002449045039678823,0.0028988073690992405,0.0042010591789023236,0.002221715429254218,0.0,0.002205854856977614,0.00231901158283397,0.0017708021333715334,projcoords,-33.34677401201248,43.213102256953015,-31.688758413348495,43.78289723299115,-28.857846038492575,44.755517775910654,-24.50697403016142,45.51193209441313,-18.82555316254883,45.70350147568055,-15.599755649792783,45.13799995710576,-14.539408224255883,44.40138863006656,-13.902356146870865,43.58043603341948,-13.906001595205446,43.55935242255473,-13.850468373150488,43.61194032611546,-12.384482683781977,43.993199930077466,-8.455107738351856,44.09678067777851,-4.187142399600942,43.213102256953015,approx_rxn_crds,0.0,0.0642750716504256,0.15925379776823534,0.27879783810906605,0.42469348655618216,0.5126271287780051,0.5877324423086723,0.6407461271412574,0.6650289145490391,0.6830931420447297,0.7373034744526871,0.8560055813537072,1.0
nimgs,13,RMSF,0.0003848954534728741,AbsF,0.002462967882487423,RMSF_o,0.00028286948841079785,AbsF_o,0.001864542003673654,RMSF_CI,0.00019921420371731797,AbsF_CI,0.0009985479521789473,energies,-2062.2789515101354,-2062.281999933082,-2062.282663320066,-2062.2827507608777,-2062.2803395298506,-2062.2700622773787,-2062.2649233282987,-2062.2507635461843,-2062.206578266385,-2062.2636625404625,-2062.2797945192738,-2062.2835119046217,-2062.2828096549856,gradnorms,0.0014228438879005294,0.0014363667519714997,0.004757208410463471,0.005734813095743213,0.003368758099091397,0.004957443859845497,0.002250101375642974,0.0029682247842313025,0.0022425991212354683,0.00263257671670127,0.0022347065696213583,orth_gradnorms,0.0013582953987374337,0.0013670122814996145,0.0013843047580498972,0.0024495466284937904,0.0028927236622201236,0.004214660453604845,0.002228188472560431,0.0,0.0022169943653667446,0.002312862085714643,0.0017669475536981228,projcoords,-33.34677401201248,43.213102256953015,-31.689436980047986,43.78239597489196,-28.856703043381223,44.75581787235843,-24.498304866114086,45.512741030621655,-18.81423689111167,45.70304153805225,-15.594268193105865,45.13650391877639,-14.5365097456795,44.398733316118445,-13.901568810794748,43.57933105637415,-13.90518668538266,43.55848542367972,-13.84976197967031,43.61106209370905,-12.388495662048282,43.99322885672586,-8.4580326859577,44.097435077723674,-4.187142399600942,43.213102256953015,approx_rxn_crds,0.0,0.06424095007133668,0.15926418883349447,0.2789748210107933,0.4249040167254584,0.5127095750925722,0.5878491806082846,0.640786295182389,0.6650235908771018,0.6830938285032407,0.7372331506988739,0.8559470779390994,1.0
nimgs,13,RMSF,0.00038393087015133683,AbsF,0.002465375869274501,RMSF_o,0.000283760500558063,AbsF_o,0.0018787021721600186,RMSF_CI,0.00020620716418679776,AbsF_CI,0.0010811593087969014,energies,-2062.2789515101354,-2062.282002962621,-2062.28266713076,-2062.282753272589,-2062.280333368884,-2062.270046116998,-2062.264955524441,-2062.2507495100954,-2062.20658959515,-2062.2636516257567,-2062.279798174349,-2062.2835153938167,-2062.2828096549856,gradnorms,0.0014212471697046562,0.001436596689758317,0.004766606003085291,0.005720441127941631,0.003359305208943097,0.004967304758844226,0.002253336918442565,0.0030724175485690964,0.0022492917167925776,0.0026229780283129928,0.0022275311468986487,orth_gradnorms,0.0013571066837321601,0.0013662257712583486,0.0013842383648968975,0.0024500282525134905,0.002886655790235174,0.0042279362355983644,0.002233029765013765,0.0,0.002221969505318612,0.002306741658743787,0.0017631163225601946,projcoords,-33.34677401201248,43.213102256953015,-31.69011504019101,43.78189564097751,-28.855555487142627,44.75612010812489,-24.489614965199358,45.51355062600769,-18.8029485137259,45.7025810506835,-15.588807611633246,45.13501485009066,-14.533616960156415,44.39607097343927,-13.90078015826937,43.57822779191937,-13.90440614576077,43.55763676540995,-13.849050356091857,43.61018833360362,-12.392486697996429,43.993255355244514,-8.460943563874304,44.09808641744356,-4.187142399600942,43.213102256953015,approx_rxn_crds,0.0,0.06420673646452564,0.15927431030352163,0.27915150780947784,0.4251126052908295,0.5127900543821438,0.5879644068613226,0.6408245548327189,0.6650250982231887,0.6830953798480326,0.7371641482601631,0.8558894080934698,1.0
nimgs,13,RMSF,0.00038296200327663795,AbsF,0.0024675925869449,RMSF_o,0.00028462946169426464,AbsF_o,0.0018925848778766237,RMSF_CI,0.0002112183510515069,AbsF_CI,0.0011542764642453432,energies,-2062.2789515101354,-2062.2820059871383,-2062.2826709374467,-2062.2827557707237,-2062.2803272098245,-2062.27003006961,-2062.2649879186692,-2062.250736340219,-2062.206600614345,-2062.263639899039,-2062.279801820342,-2062.283518875687,-2062.2828096549856,gradnorms,0.0014196495972833764,0.0014368383593685698,0.004775923534128265,0.005706005336635391,0.00334989795957883,0.00497661163881085,0.0022565639970329758,0.003147082551227995,0.002248993132802679,0.002613671451193483,0.0022203832309732607,orth_gradnorms,0.001355919584367406,0.0013654422774901035,0.0013841778334248577,0.0024504899326428303,0.002880602384773547,0.004240883464926788,0.002236752447772261,0.0,0.002220727587806772,0.002300648098943634,0.0017593072020546203,projcoords,-33.34677401201248,43.213102256953015,-31.690792595229137,43.78139622538612,-28.854403370627914,44.75642447734817,-24.480904455098432,45.51436086392022,-18.79168809055041,45.702120036551094,-15.583373796512614,45.13353268948938,-14.530729607823405,44.39340150063662,-13.899990325140132,43.57712634783647,-13.903651832731843,43.556802761980194,-13.848334075525615,43.60931841689392,-12.39645595648047,43.993279432837866,-8.463840452903993,44.09873471665351,-4.187142399600942,43.213102256953015,approx_rxn_crds,0.0,0.06417244176454867,0.15928418895397686,0.2793279410124235,0.4253193220486409,0.5128686560292082,0.5880782216980209,0.6408610389274914,0.6650338176541871,0.6830977164790011,0.7370964179942353,0.8558325449746312,1.0
nimgs,13,RMSF,0.0003819881551119354,AbsF,0.002469622560471017,RMSF_o,0.00028547623542998877,AbsF_o,0.001906182470524216,RMSF_CI,0.00021357245761562815,AbsF_CI,0.001215682747730451,energies,-2062.2789515101354,-2062.28200900665,-2062.282674740144,-2062.282758255266,-2062.280321052949,-2062.270014134948,-2062.2650205064056,-2062.2507239736724,-2062.206611225547,-2062.2636273892526,-2062.279805456847,-2062.283522350267,-2062.2828096549856,gradnorms,0.0014180499887366735,0.0014370924006105261,0.004785157139161389,0.005691495325779688,0.0033405330598799176,0.0049853860433838465,0.002260887781234795,0.0031821579490558605,0.0022436951577352662,0.002604642528737086,0.0022132594834680876,orth_gradnorms,0.0013547340864996113,0.0013646617721418041,0.0013841231612412752,0.002450931581290918,0.002874561338087164,0.004253500109433618,0.002240533053874711,0.0,0.0022153335308157797,0.002294578728352076,0.001755518733750139,projcoords,-33.34677401201248,43.213102256953015,-31.691469644658795,43.78089772305658,-28.85324669374433,44.756730974583235,-24.472173467127405,45.51517172764671,-18.78045568928123,45.701658520236435,-15.577966636650073,45.13205737409408,-14.527847457614804,44.390724841554245,-13.89919958782552,43.57602677948785,-13.902910243919733,43.55597420163984,-13.847614036700104,43.608451813742036,-12.400403655777279,43.99330108170837,-8.466723428377083,44.09937999497256,-4.187142399600942,43.213102256953015,approx_rxn_crds,0.0,0.06413807740566999,0.15929385270625357,0.2795041650935281,0.4255242397158442,0.5129454730990003,0.5881907288298013,0.6408959019853318,0.6650497671857168,0.6831007596979559,0.7370299074940999,0.8557764608458603,1.0
nimgs,13,RMSF,0.0003810093963157417,AbsF,0.0024714781202317257,RMSF_o,0.0002863007609029523,AbsF_o,0.0019194879655229668,RMSF_CI,0.00021302407475924296,AbsF_CI,0.0012467291016720573,energies,-2062.2789515101354,-2062.2820120211763,-2062.282678538872,-2062.2827607262034,-2062.280314898556,-2062.2699983127322,-2062.265053283038,-2062.2507123126898,-2062.206621422519,-2062.2636141634957,-2062.279809083251,-2062.283525817596,-2062.2828096549856,gradnorms,0.0014164482670143525,0.0014373588515160505,0.004794305831403128,0.005676912148162651,0.003331208954133084,0.004993666182312097,0.002267634394776139,0.003173987228518886,0.0022366925446471093,0.002595871421314415,0.002206159745963034,orth_gradnorms,0.0013535501702451188,0.0013638842328421827,0.0013840741767540295,0.0024513530425553996,0.002868530616222642,0.004265785262291258,0.002245719203794263,0.0,0.002209114043783444,0.002288531698232932,0.0017517499868187855,projcoords,-33.34677401201248,43.213102256953015,-31.692146185707646,43.78040012984191,-28.85208545525476,44.75703959487566,-24.463422136639416,45.51598320040427,-18.76925138646118,45.7011965281823,-15.572586019038015,45.130588840197845,-14.524970302048787,44.38804097763753,-13.898408293140228,43.57492902373486,-13.902166334219661,43.555140212019445,-13.846891287267589,43.60758799576139,-12.404330059123716,43.993320280707344,-8.469592559958283,44.10002227184611,-4.187142399600942,43.213102256953015,approx_rxn_crds,0.0,0.06410365448905894,0.15930332853976187,0.2796802228119353,0.42572742830332505,0.5130205955816681,0.5883020274992612,0.6409293114130101,0.6650727825363308,0.6831044373345985,0.7369645648013073,0.8557211289821155,1.0
nimgs,13,RMSF,0.0003800251462853015,AbsF,0.002473175546803909,RMSF_o,0.0002871030605889811,AbsF_o,0.0019324951156388496,RMSF_CI,0.00020963861605829547,AbsF_CI,0.0012456689184462614,energies,-2062.2789515101354,-2062.2820150307416,-2062.282682333648,-2062.2827631835244,-2062.2803087469583,-2062.269982602669,-2062.265086243923,-2062.250701231206,-2062.2066311195877,-2062.26360032559,-2062.2798126987755,-2062.2835292777195,-2062.2828096549856,gradnorms,0.0014148434075056076,0.001437638312247952,0.004803365886637198,0.005662247152998057,0.0033219230335718897,0.005001499277034474,0.0022762558542184556,0.0031235450299475285,0.0022283452627793582,0.002587327142566162,0.0021990826166269806,orth_gradnorms,0.001352367812120725,0.001363109641920125,0.0013840305725817958,0.0024517541326032734,0.002862508786537903,0.004277739258381973,0.002251748471290194,0.0,0.002202361289150042,0.002282506779406704,0.001748000943125329,projcoords,-33.34677401201248,43.213102256953015,-31.69282221350222,43.77990344244036,-28.850919652873944,44.75735033372136,-24.454650602792057,45.516795265341415,-18.75807526636916,45.700734088473496,-15.567231828871751,45.12912702352586,-14.522097950743657,44.38534991844732,-13.897616782438206,43.57383283896564,-13.901417510877986,43.55430389800692,-13.846166841543798,43.606726327032895,-12.408235465626952,43.99333699726242,-8.472447912289947,44.10066156649251,-4.187142399600942,43.213102256953015,approx_rxn_crds,0.0,0.06406919825019884,0.15931267847800257,0.2798562184343759,0.42592905135557557,0.5130942262925917,0.588412345612599,0.640961591615837,0.665102479714497,0.6831086129504056,0.736900279230454,0.8556664910517078,1.0
nimgs,13,RMSF,0.0003790358344272298,AbsF,0.0024747367430465093,RMSF_o,0.00028788324502510113,AbsF_o,0.0019451984817721235,RMSF_CI,0.00020385047015927568,AbsF_CI,0.00121222351145768,energies,-2062.2789515101354,-2062.282018035372,-2062.2826861244894,-2062.282765627217,-2062.2803025984904,-2062.269967004457,-2062.2651193843913,-2062.250690580753,-2062.206640352647,-2062.2635860112973,-2062.279816302521,-2062.283532730685,-2062.2828096549856,gradnorms,0.001413235841833759,0.0014379305542613573,0.004812337532508034,0.0056475067383003705,0.003312675227121301,0.005008945246146184,0.0022862255351794045,0.0030373035984048447,0.0022198033983712047,0.0025789764219815493,0.0021920306055501514,orth_gradnorms,0.0013511869857963919,0.0013623379857173822,0.0013839919290837216,0.0024521346327795413,0.002856494779690756,0.004289363744670356,0.002258091530779743,0.0,0.0021960939141619853,0.002276504803547173,0.0017442721727277497,projcoords,-33.34677401201248,43.213102256953015,-31.69349772079059,43.779407658486754,-28.849749283084954,44.75766318712521,-24.445859008878507,45.517607905514,-18.746927421984665,45.70027123097554,-15.561903949873361,45.12767185958648,-14.519230223644922,44.382651691692644,-13.896825386700508,43.572737837835646,-13.900660972897832,43.553468015765056,-13.845441659104935,43.60586612033637,-12.412120198769674,43.99335119008382,-8.475289545130654,44.10129789789496,-4.187142399600942,43.213102256953015,approx_rxn_crds,0.0,0.06403473761084331,0.15932197368146325,0.2800322723566858,0.42612929680956146,0.5131665974452012,0.5885219443336492,0.6409931151817051,0.6651381555860404,0.683113137745705,0.7368369244124062,0.855612480547115,1.0
nimgs,13,RMSF,0.0003780427930813546,AbsF,0.0024761873881738125,RMSF_o,0.0002886415188053779,AbsF_o,0.0019575936552511755,RMSF_CI,0.00019644479158153634,AbsF_CI,0.0011476285005365234,energies,-2062.2789515101354,-2062.2820210350956,-2062.282689911415,-2062.28276805727,-2062.2802964535,-2062.26995151778,-2062.265152699741,-2062.2506801976206,-2062.206649266784,-2062.2635713829745,-2062.2798198935207,-2062.2835361765437,-2062.2828096549856,gradnorms,0.0014116273046412995,0.0014382345571559675,0.004821224725483147,0.005632710755485934,0.0033034674603396475,0.005016073218620659,0.002297053274432954,0.0029269614727515532,0.002212729965764081,0.0025707838662101753,0.002185009248393563,orth_gradnorms,0.0013500076634360627,0.0013615692531438886,0.0013839577617463254,0.0024524942890369597,0.0028504876150654726,0.004300661769539325,0.0022642974668223726,0.0,0.0021917912435492426,0.002270526888078906,0.0017405642631346272,projcoords,-33.34677401201248,43.213102256953015,-31.69417269831,43.77891277640389,-28.848574341355757,44.75797815151039,-24.4370475018227,45.51842110388268,-18.735807952849655,45.69980798688256,-15.556602264281105,45.126223283728315,-14.516366943556609,44.37994633225729,-13.896034416862491,43.571643525357,-13.899893917487372,43.552634894277375,-13.844716620852452,43.60500668924099,-12.415984595251185,43.99336281188712,-8.478117514475393,44.10193128482515,-4.187142399600942,43.213102256953015,approx_rxn_crds,0.0,0.06400030418872148,0.15933129203984583,0.28020851694206633,0.42632837067221285,0.5132379629277581,0.5886311094751263,0.6410242882624803,0.6651788251011485,0.6831178556313359,0.7367743625210804,0.8555590249167633,1.0
nimgs,13,RMSF,0.0003770479773258931,AbsF,0.0024775547225368596,RMSF_o,0.0002893781862382584,AbsF_o,0.0019696776405494164,RMSF_CI,0.00018851527272156627,AbsF_CI,0.0010546258901135322,energies,-2062.2789515101354,-2062.282024029945,-2062.282693694443,-2062.2827704736746,-2062.280290312341,-2062.2699361422992,-2062.2651861852423,-2062.250669910899,-2062.2066580829205,-2062.2635566235,-2062.2798234707902,-2062.2835396153473,-2062.2828096549856,gradnorms,0.0014100204312515908,0.0014385487065738116,0.00483003418586719,0.005617888334564107,0.0032943029039140433,0.005022957223939975,0.0023082913493362154,0.002808814302680333,0.0022089266894015093,0.00256271170471052,0.0021780257634744743,orth_gradnorms,0.0013488298177867276,0.0013608034335444799,0.0013839275889475288,0.0024528328288875756,0.0028444863039995597,0.0043116378670826246,0.00227002915452366,0.0,0.002191036535042847,0.0022645739449679027,0.0017368773821464878,projcoords,-33.34677401201248,43.213102256953015,-31.694847135683286,43.778418795059196,-28.847394822689033,44.75829522350495,-24.428216230971334,45.51923484333059,-18.724716960449648,45.699344387795,-15.551326652581658,45.12478123099237,-14.513507928431702,44.37723387086245,-13.895244152607507,43.57054933859317,-13.899113733791065,43.55180637424999,-13.843992505902436,43.604147397123285,-12.419828994180872,43.99337181212083,-8.480931874390347,44.10256174586803,-4.187142399600942,43.213102256953015,approx_rxn_crds,0.0,0.06396593111504256,0.15934071531458632,0.28038509159128755,0.4265264895699584,0.5133085891680773,0.588740141256116,0.6410555341015852,0.6652232710074163,0.6831226090662701,0.7367124492226823,0.8555060480788427,1.0
nimgs,13,RMSF,0.0003760535703416676,AbsF,0.0024788651785396473,RMSF_o,0.0002900936553439368,AbsF_o,0.0019814492708070414,RMSF_CI,0.0001813616454877837,AbsF_CI,0.0009373882585377972,energies,-2062.2789515101354,-2062.2820270199472,-2062.282697473591,-2062.2827728764196,-2062.280284175363,-2062.2699208776353,-2062.265219836133,-2062.250659550967,-2062.206667050366,-2062.2635419292455,-2062.2798270333733,-2062.2835430471478,-2062.2828096549856,gradnorms,0.0014084181859659022,0.0014388711032235204,0.004838773907445648,0.005603072004196524,0.0032851852042206694,0.005029671448961677,0.0023195336674937863,0.0027022276574700565,0.0022099217166821187,0.0025547196903411384,0.002171087641773826,orth_gradnorms,0.0013476534247738768,0.0013600405141885395,0.0013839010090412746,0.0024531499973721297,0.002838489982113745,0.004322298116664225,0.0022750830099057067,0.0,0.0021951287171325497,0.0022586467054119944,0.0017332112132735387,projcoords,-33.34677401201248,43.213102256953015,-31.695521022631382,43.777925713307646,-28.84621072237506,44.75861439965537,-24.419365346453237,45.52004910669662,-18.71365454219169,45.698880464536,-15.546076993103497,45.123345635856346,-14.510652983933907,44.37451432308664,-13.894454832235928,43.56945468408608,-13.898318176744523,43.550983765850816,-13.843269969750128,43.60328770199195,-12.423653726512917,43.99337813973595,-8.483732679185902,44.10318929942522,-4.187142399600942,43.213102256953015,approx_rxn_crds,0.0,0.06393165165678155,0.1593503258063423,0.28056213698233345,0.4267238720601851,0.5133787444867227,0.5888493423028283,0.6410872748367583,0.6652701033105022,0.6831272455423426,0.7366510394087145,0.8554534733568893,1.0
nimgs,13,RMSF,0.00037506155115205097,AbsF,0.0024801420827330425,RMSF_o,0.0002907884401148564,AbsF_o,0.0019929094909633682,RMSF_CI,0.00017627991704165545,AbsF_CI,0.0008080315515083393,energies,-2062.2789515101354,-2062.2820300051326,-2062.2827012488756,-2062.2827752654953,-2062.2802780428947,-2062.2699057233594,-2062.2652536476185,-2062.250648957962,-2062.206676394584,-2062.263527501975,-2062.279830580391,-2062.283546471992,-2062.2828096549856,gradnorms,0.0014068232431551147,0.0014391999394266957,0.004847451413925667,0.00558829125116733,0.0032761177848683195,0.005036285529151253,0.0023304099741577023,0.0026265116089199507,0.002216596904782337,0.002546765453172176,0.00216420139949372,orth_gradnorms,0.0013464784659353453,0.0013592804779277944,0.00138387776985288,0.0024534456020552198,0.002832498160633905,0.00433265017659905,0.002279388577466049,0.0,0.002204737913903858,0.002252746116106483,0.001729565231916944,projcoords,-33.34677401201248,43.213102256953015,-31.696194350234034,43.777433529521716,-28.845022036784528,44.75893567612892,-24.41049499745582,45.520863876816684,-18.70262078529505,45.69841624596108,-15.540853161598127,45.12191643195779,-14.507801896786804,44.3717876794746,-13.893666644865325,43.56835897076996,-13.897505515547358,43.550167825967584,-13.842549523066568,43.60242719360685,-12.427459104665562,43.99338174604354,-8.486519985522527,44.103813963696574,-4.187142399600942,43.213102256953015,approx_rxn_crds,0.0,0.06389749767193065,0.15936020259582037,0.2807397885426345,0.4269207287829884,0.5134486870740649,0.5889590040401265,0.6411199119520847,0.6653178257553777,0.6831316244834438,0.7365899936426739,0.8554012268105634,1.0
nimgs,13,RMSF,0.0003740733097102849,AbsF,0.0024814036440892187,RMSF_o,0.00029146316164744076,AbsF_o,0.0020040614300764264,RMSF_CI,0.0001742370293511869,AbsF_CI,0.0007964702973348116,energies,-2062.2789515101354,-2062.282032985525,-2062.282705020315,-2062.28277764089,-2062.2802719152396,-2062.2698906789797,-2062.265287614871,-2062.2506379897363,-2062.206686270304,-2062.2635135396995,-2062.2798341110833,-2062.2835498899212,-2062.2828096549856,gradnorms,0.0014052374290824338,0.001439533853256275,0.0048560721036323895,0.005573566785313396,0.003267103246139429,0.005042860352366734,0.002340578514757014,0.0025960732678724716,0.0022289365753437717,0.0025388053668624617,0.0021573715836683285,orth_gradnorms,0.0013453049298639945,0.0013585233016636126,0.0013838578116088973,0.002453719550284469,0.0028265109261535718,0.004342703301015385,0.002282988102505156,0.0,0.0022196809192428593,0.0022468737355552295,0.0017259390808941288,projcoords,-33.34677401201248,43.213102256953015,-31.696867111971176,43.77694224120796,-28.843828764029947,44.75925904846893,-24.401605330783806,45.521679136564096,-18.691615761896625,45.69795175801187,-15.53565503091517,45.120493551869956,-14.504954429375596,44.369053897403994,-13.892879724855545,43.56726163832599,-13.896674651969413,43.54935875638918,-13.841831511408884,43.60156561852023,-12.431245412409314,43.99338258767807,-8.48929385407835,44.1044357566596,-4.187142399600942,43.213102256953015,approx_rxn_crds,0.0,0.06386349796686272,0.15937041750926192,0.280918169398034,0.42711725180779764,0.5135186520586141,0.5890693920036705,0.6411538061451585,0.6653649067198115,0.6831356242859516,0.736529185069405,0.8553492408395345,1.0
nimgs,13,RMSF,0.00037308938261101254,AbsF,0.0024826614142217196,RMSF_o,0.0002921185482233066,AbsF_o,0.0020149103198448632,RMSF_CI,0.00017553540592843455,AbsF_CI,0.0007597759030236254,energies,-2062.2789515101354,-2062.282035961144,-2062.282708787926,-2062.2827800025925,-2062.2802657926636,-2062.269875743936,-2062.26532173304,-2062.2506265288725,-2062.206696729134,-2062.263500226746,-2062.279837624857,-2062.283553300972,-2062.2828096549856,gradnorms,0.0014036613424299156,0.0014398722039853022,0.00486463801422025,0.005558906601714833,0.0032581429054898683,0.005049444781478691,0.0023497218098214407,0.0026154186431717173,0.0022459644465094466,0.00253079592173841,0.0021506000475389267,orth_gradnorms,0.001344132812041501,0.0013577689561135257,0.0013838412698795885,0.0024539718630954745,0.0028205289675556733,0.004352468341064929,0.0022860012539018715,0.0,0.0022388760275118534,0.0022410318050694253,0.0017223327719863791,projcoords,-33.34677401201248,43.213102256953015,-31.69753930432268,43.7764518447918,-28.842630904356305,44.75958451145466,-24.392696490008444,45.522494868880685,-18.68063952640458,45.697487023212354,-15.530482470841376,45.119076926992854,-14.502110315965687,44.36631289524757,-13.892094147705754,43.5661621821155,-13.89582520402304,43.54855622545592,-13.841116097817341,43.60070289022832,-12.43501289525388,43.99338062962758,-8.492054350492186,44.10505469606974,-4.187142399600942,43.213102256953015,approx_rxn_crds,0.0,0.06382967666622381,0.1593810310671249,0.28109738323630784,0.42731360382807926,0.513588838483981,0.5891807310056673,0.6411892577859772,0.6654098519746751,0.6831391491713034,0.736468506352553,0.8552974578368985,1.0
nimgs,13,RMSF,0.0003721093630090783,AbsF,0.0024839193551178234,RMSF_o,0.0002927554335068602,AbsF_o,0.002025463389727446,RMSF_CI,0.0001796688780688597,AbsF_CI,0.000753742527791622,energies,-2062.2789515101354,-2062.2820389320063,-2062.282712551724,-2062.2827823505904,-2062.280259675402,-2062.269860917607,-2062.265355997254,-2062.2506144883387,-2062.2067077081274,-2062.2634877235405,-2062.279841121326,-2062.2835567051707,-2062.2828096549856,gradnorms,0.0014020942226005441,0.001440215203006812,0.004873147246267559,0.005544304638515355,0.0032492365611446607,0.005056073564191819,0.0023575496469349535,0.002677005990977244,0.0022658966511431315,0.002522695641933148,0.0021438855614850177,orth_gradnorms,0.0013429621129666114,0.0013570174070240773,0.001383828435267998,0.0024542026583768955,0.0028145534115337646,0.004361957718067576,0.0022885834077494616,0.0,0.0022604997883617444,0.0022352229223994153,0.001718746585680334,projcoords,-33.34677401201248,43.213102256953015,-31.69821092679663,43.77596233561705,-28.84142846017308,44.75991205909737,-24.383768615395994,45.523311056792416,-18.66969211567,45.697022060716776,-15.52533534813363,45.117666487604126,-14.499269260764631,44.36356454917977,-13.891309926917415,43.56506017542078,-13.894957551351549,43.54775941560644,-13.840403251323913,43.59983908481323,-12.438761751689093,43.99337584821929,-8.494801545416678,44.10567079949202,-4.187142399600942,43.213102256953015,approx_rxn_crds,0.0,0.06379605173435449,0.1593920887543472,0.2812775076722411,0.42750990809022477,0.5136593972756586,0.5892931913915117,0.6412264894258356,0.6654512766727804,0.6831421353873437,0.7364078760729793,0.8552458335910821,1.0
nimgs,13,RMSF,0.0003711308070692544,AbsF,0.002485171452662472,RMSF_o,0.0002933747519305097,AbsF_o,0.0020357298261213983,RMSF_CI,0.0001853464892517464,AbsF_CI,0.0008415426432550346,energies,-2062.2789515101354,-2062.2820418981255,-2062.2827163117267,-2062.2827846848713,-2062.2802535636583,-2062.2698461993195,-2062.2653904026392,-2062.250601815488,-2062.2067188958986,-2062.263476156796,-2062.279844600347,-2062.283560102541,-2062.2828096549856,gradnorms,0.001400532366895706,0.0014405649986338634,0.004881588943553384,0.005529724483390155,0.0032403800737200593,0.005062761983238229,0.0023623664123525426,0.002761600492342149,0.0022830610634273227,0.0025144618745844317,0.0021372200187127093,orth_gradnorms,0.0013417928350617394,0.0013562686175637763,0.0013838196785862448,0.0024544121076002807,0.0028085855415961166,0.00437118535475264,0.0022894698532315827,0.0,0.0022788743030031245,0.0022294495163401903,0.0017151807537285086,projcoords,-33.34677401201248,43.213102256953015,-31.698881981371226,43.77547370816349,-28.840221435713502,44.76024168477635,-24.37482184464831,45.52412768340705,-18.65877355196561,45.696556886906784,-15.520213526738587,45.116262163083604,-14.496430937897332,44.36080869275355,-13.89052701201205,43.56395528852046,-13.89408411317028,43.54697744043672,-13.839692744223598,43.59897442532747,-12.442492125752008,43.993368233876666,-8.497535513666545,44.10628408435263,-4.187142399600942,43.213102256953015,approx_rxn_crds,0.0,0.06376264124338978,0.15940363660080978,0.281458621643029,0.42770629000846067,0.513730481394151,0.5894069465966432,0.6412657067998265,0.6654876558550568,0.6831445191039425,0.7363472131736807,0.8551943231868553,1.0
nimgs,13,RMSF,0.00037015097307472884,AbsF,0.0024864045417728126,RMSF_o,0.00029397752802775467,AbsF_o,0.0020457207540868186,RMSF_CI,0.00019094850941697196,AbsF_CI,0.0009049884129027327,energies,-2062.2789515101354,-2062.2820448595135,-2062.2827200679485,-2062.282787005423,-2062.280247457629,-2062.2698315883704,-2062.265424944336,-2062.2505884944085,-2062.2067299437813,-2062.2634656058103,-2062.279848062054,-2062.2835634931034,-2062.2828096549856,gradnorms,0.0013989716389694975,0.0014409241343169858,0.00488995054292719,0.0055151252856787784,0.003231568614254079,0.005069511310490605,0.0023629732802391713,0.002845068712910302,0.0022927095545234202,0.0025060617395745066,0.00213059372501853,orth_gradnorms,0.0013406249780362374,0.0013555225521522769,0.001383815332347322,0.0024546003532159694,0.0028026262341488673,0.004380166516325453,0.0022877586996507674,0.0,0.0022893002271322607,0.002223712856438495,0.0017116350249678839,projcoords,-33.34677401201248,43.213102256953015,-31.699552470686513,43.774985956722965,-28.83900983588981,44.7605733816714,-24.365856315374536,45.52494473186456,-18.64788385176061,45.69609151710975,-15.515116868492424,45.11486388255755,-14.493594993727779,44.358045119860336,-13.889745349897371,43.56284735999035,-13.893215502847916,43.54621627637895,-13.838984287519395,43.59810938077435,-12.446204099905975,43.99335779389351,-8.500256331534112,44.10689456798238,-4.187142399600942,43.213102256953015,approx_rxn_crds,0.0,0.06372944944790802,0.15941568621557659,0.28164074350572305,0.427902782983584,0.5138021330011298,0.5895220436810884,0.6413069545111919,0.6655179144240368,0.6831463045995619,0.7362864950325657,0.8551429128879233,1.0
nimgs,13,RMSF,0.00036916806812012105,AbsF,0.0024876020957747737,RMSF_o,0.00029456493995064567,AbsF_o,0.0020554491413073426,RMSF_CI,0.00019510636458306517,AbsF_CI,0.0009412759175428698,energies,-2062.2789515101354,-2062.282047816183,-2062.2827238204054,-2062.282789312233,-2062.280241357514,-2062.269817084053,-2062.2654596175275,-2062.250574545545,-2062.206740617986,-2062.263456093559,-2062.279851506877,-2062.2835668768785,-2062.2828096549856,gradnorms,0.001397409270601612,0.0014412943658481025,0.004898223247891735,0.005500480331692715,0.0032227989071129033,0.005076314478988053,0.002359479366675298,0.0029070193596159675,0.0022934271689367676,0.0024974799963539086,0.0021239993253840948,orth_gradnorms,0.001339458535444032,0.0013547791798326212,0.0013838155876711488,0.0024547674471271587,0.002796675625345462,0.004388918756856214,0.0022836923099646155,0.0,0.0022904336336348405,0.002218012676473623,0.0017081085541468955,projcoords,-33.34677401201248,43.213102256953015,-31.70022239619774,43.77449907608582,-28.837793665112514,44.7609071432067,-24.356872167651087,45.52576218528414,-18.637023034502047,45.69562596733003,-15.510045233806016,45.113471575557476,-14.490761050670596,44.355273589885094,-13.88896492810485,43.561736440619725,-13.892353517902073,43.54547312137618,-13.838277636580006,43.59724471251994,-12.449897691485948,43.99334455423777,-8.502964073973772,44.10750226762488,-4.187142399600942,43.213102256953015,approx_rxn_crds,0.0,0.0636964659626961,0.1594282124910206,0.28182382666963135,0.4280993217297037,0.5138742758819039,0.5896383945474664,0.6413501055130717,0.6655415872138571,0.6831475673182256,0.7362257614607216,0.8550916223837713,1.0
nimgs,13,RMSF,0.00036818145042389033,AbsF,0.0024887472653378753,RMSF_o,0.00029513841840648347,AbsF_o,0.0020649295671437045,RMSF_CI,0.00019695059217134835,AbsF_CI,0.0009495351337151199,energies,-2062.2789515101354,-2062.2820507681513,-2062.2827275691134,-2062.2827916052906,-2062.2802352635317,-2062.2698026856697,-2062.265494417489,-2062.250560023086,-2062.2067508246355,-2062.2634475858868,-2062.2798549355316,-2062.2835702538914,-2062.2828096549856,gradnorms,0.00139584415467385,0.0014416764166657811,0.004906403086059015,0.00548578005910237,0.00321406969726591,0.005083159439699609,0.0023529955742452834,0.0029344977318060995,0.0022867235634211154,0.0024887206273605817,0.002117432722536469,orth_gradnorms,0.0013382934939127206,0.001354038475929001,0.0013838204453967828,0.0024549133421854245,0.002790733334218813,0.004397463393403596,0.002278382169097927,0.0,0.0022838404480382633,0.0022123477452940196,0.0017046002513408883,projcoords,-33.34677401201248,43.213102256953015,-31.700891757084747,43.774013061944,-28.836572926585156,44.761242963315375,-24.347869545552026,45.52658002673452,-18.626191127668502,45.6951602552614,-15.504998482044618,45.11208517243039,-14.487928711782324,44.35249383410922,-13.888185764330972,43.56062278056462,-13.891492767733144,43.54473861358666,-13.837572587440128,43.59638140543224,-12.453572854712824,43.99332855975396,-8.505658812782448,44.10810720040408,-4.187142399600942,43.213102256953015,approx_rxn_crds,0.0,0.0636636721005843,0.159441169287102,0.2820077870710426,0.42829578402695345,0.513946765881923,0.5897558336795017,0.6413949264475536,0.665558638394157,0.6831484213048812,0.7361650887971092,0.855040490650167,1.0
nimgs,13,RMSF,0.0003671914539258769,AbsF,0.0024898208239303482,RMSF_o,0.00029569947668155774,AbsF_o,0.00207417788209616,RMSF_CI,0.0001961119015591892,AbsF_CI,0.0009300365731140708,energies,-2062.2789515101354,-2062.2820537154385,-2062.282731314089,-2062.282793884586,-2062.2802291759217,-2062.269788392533,-2062.2655293396406,-2062.250545011174,-2062.206760588717,-2062.2634399969365,-2062.2798583489885,-2062.283573624169,-2062.2828096549856,gradnorms,0.001394276591292295,0.0014420700878996736,0.004914490320022324,0.0054710294434993,0.0032053817430376633,0.005090028297096546,0.002345186080130272,0.0029220015231279,0.0022760799751612468,0.002479805360771306,0.002110892953510204,orth_gradnorms,0.0013371298345650658,0.0013533004219472898,0.001383829722033674,0.002455037923736519,0.0027847990297270083,0.004405822973425493,0.0022733941481524215,0.0,0.002273027110403019,0.0022067168684827346,0.0017011093275358443,projcoords,-33.34677401201248,43.213102256953015,-31.701560549977017,43.7735279109891,-28.835347622118014,44.76158083650785,-24.338848597537808,45.52739823922698,-18.615388167868623,45.694694400519076,-15.499976471602398,45.110704604462356,-14.485097565798505,44.34970556295587,-13.887407857982268,43.55950677696753,-13.890623974044438,43.54400012218638,-13.836868890448535,43.59552052231281,-12.457229488149741,43.99330987274665,-8.508340615900295,44.10870938327349,-4.187142399600942,43.213102256953015,approx_rxn_crds,0.0,0.06363104585861432,0.1594545018452541,0.2821925250150762,0.42849202393181596,0.5140194308831946,0.5898741638656403,0.6414411320779773,0.6655692700188233,0.6831489934786624,0.7361045692277339,0.8549895647120105,1.0
nimgs,13,RMSF,0.0003661982866139518,AbsF,0.0024907997887226854,RMSF_o,0.00029624967111704833,AbsF_o,0.002083210918385904,RMSF_CI,0.0001926524788731636,AbsF_CI,0.0009308160644352155,energies,-2062.2789515101354,-2062.2820566580676,-2062.282735055346,-2062.2827961501125,-2062.2802230949387,-2062.2697742039572,-2062.265564379571,-2062.2505296197555,-2062.2067699194895,-2062.263433198184,-2062.27986174842,-2062.283576987742,-2062.2828096549856,gradnorms,0.0013927066955734169,0.0014424753054597666,0.004922484588934115,0.00545623158383299,0.0031967359656989115,0.005096894776090828,0.0023368318886411834,0.002870457285999287,0.002263328367783285,0.002470766634866528,0.002104378973404866,orth_gradnorms,0.0013359675354206498,0.00135256500423755,0.0013838430942229236,0.0024551410522044054,0.0027788729414455022,0.004414020685883219,0.002269276112870177,0.0,0.0022598161581012153,0.0022011196692348434,0.001697635651227997,projcoords,-33.34677401201248,43.213102256953015,-31.7022287693115,43.77304362077379,-28.83411775234898,44.76192075778529,-24.32980947593846,45.52821680572299,-18.6046141989156,45.69422842426038,-15.494979059740498,45.109329803744444,-14.482267192481146,44.3469084737576,-13.886631127454802,43.558388902888254,-13.889746715367389,43.54325271177995,-13.836166127143361,43.59466303088262,-12.460867446512367,43.99328857019888,-8.51100954762417,44.10930883298108,-4.187142399600942,43.213102256953015,approx_rxn_crds,0.0,0.06359856185887476,0.1594681466427815,0.2823779249004226,0.4286878714150216,0.5140920703566326,0.5899931555188673,0.6414883901180625,0.6655738728087142,0.6831494233145332,0.7360443107303877,0.8549388997724979,1.0
nimgs,13,RMSF,0.00036520255454885645,AbsF,0.002491659529002383,RMSF_o,0.0002967905845829042,AbsF_o,0.0020920462827424503,RMSF_CI,0.00018710039732178669,AbsF_CI,0.0009550239965861841,energies,-2062.2789515101354,-2062.2820595960648,-2062.282738792902,-2062.2827984018613,-2062.2802170208506,-2062.2697601192617,-2062.2655995330774,-2062.2505139788436,-2062.2067788748072,-2062.263427026844,-2062.279865135142,-2062.283580344643,-2062.2828096549856,gradnorms,0.0013911351573003476,0.0014428915936886635,0.004930387339511858,0.005441395510205109,0.003188134463913828,0.0051037283916929455,0.0023282884767130098,0.0027877331340193665,0.002249687175198833,0.002461647597205448,0.0020978912936495293,orth_gradnorms,0.0013348065729080656,0.0013518322126496462,0.0013838601428913754,0.0024552225752918055,0.0027729558621234743,0.004422080115007841,0.002266032342820183,0.0,0.002245397849449678,0.0021955563471083763,0.0016941796090102943,projcoords,-33.34677401201248,43.213102256953015,-31.7028964075581,43.772560189618886,-28.83288331687826,44.76226272258129,-24.32075233660389,45.52903570912936,-18.593869270485953,45.693762348894964,-15.490006102478613,45.107960703022485,-14.47943716849537,44.34410225931166,-13.885855405897892,43.55726967661282,-13.88886531593659,43.542495722012575,-13.835463708238866,43.593809734627186,-12.464486554241967,43.993264740326396,-8.513665668697163,44.10990556606951,-4.187142399600942,43.213102256953015,approx_rxn_crds,0.0,0.06356619049798971,0.15948202925265464,0.28256385140000645,0.42888312661400346,0.5141644484771108,0.590112538596974,0.6415363168395372,0.6655731428766968,0.6831498664095922,0.7359844402602566,0.8548885611605564,1.0
nimgs,13,RMSF,0.00036420559348821895,AbsF,0.0024923756672619586,RMSF_o,0.00029732380759638224,AbsF_o,0.002100702188722772,RMSF_CI,0.00018041673786173333,AbsF_CI,0.0009431988815347489,energies,-2062.2789515101354,-2062.2820625294576,-2062.2827425267715,-2062.2828006398254,-2062.2802109539343,-2062.269746137759,-2062.265634796188,-2062.250498231418,-2062.2067876022224,-2062.2634212953576,-2062.2798685105463,-2062.2835836949075,-2062.2828096549856,gradnorms,0.0013895637215353307,0.0014433177114085644,0.004938203482970969,0.005426541124956069,0.003179580882372594,0.005110498135547359,0.0023199697012353995,0.0026881488509285733,0.002236833764762458,0.002452500474520063,0.0020914327581550126,orth_gradnorms,0.0013336469230996284,0.0013511020388995297,0.0013838804062333472,0.0024552823279108626,0.0027670489023931253,0.004430024958972753,0.0022636690983254184,0.0,0.002231420632490723,0.002190026969745029,0.0016907416721346007,projcoords,-33.34677401201248,43.213102256953015,-31.70356345567481,43.772077616435425,-28.831644314552424,44.76260672664672,-24.31167733822069,45.529854932297624,-18.58315343573541,45.693296197577354,-15.485057454386217,45.106597235434,-14.47660707326699,44.341286616428654,-13.885080468098554,43.55614964754593,-13.887983926304226,43.54172882457767,-13.834760934517096,43.59296125777543,-12.468086620657509,43.9932384784603,-8.5163090367577,44.11049959890549,-4.187142399600942,43.213102256953015,approx_rxn_crds,0.0,0.0635339003096473,0.15949607027832718,0.2827501599612189,0.42907757583748096,0.5142363132919486,0.5902320244179047,0.6415845048623255,0.6655680558793146,0.683150482206668,0.7359250935066106,0.8548386189150554,1.0
nimgs,13,RMSF,0.000363209180984762,AbsF,0.002492924942738889,RMSF_o,0.0002978509205024658,AbsF_o,0.002109197232639437,RMSF_CI,0.00017388191683869513,AbsF_CI,0.0008960336312537663,energies,-2062.2789515101354,-2062.282065458274,-2062.2827462569703,-2062.2828028639988,-2062.280204894467,-2062.2697322587496,-2062.2656701651968,-2062.2504825258825,-2062.206796304276,-2062.2634158026035,-2062.279871876028,-2062.2835870385725,-2062.2828096549856,gradnorms,0.0013879947739552753,0.0014437519021248974,0.004945940227940647,0.005411694913024938,0.0031710796044052926,0.005117173926399731,0.002312301997411172,0.0025907822106029585,0.0022265456453267776,0.0024433818190052253,0.0020850073776462518,orth_gradnorms,0.001332488563362274,0.0013503744743885398,0.0013839034483605077,0.002455320141931437,0.00276115329611833,0.0044378787643878795,0.002262194322257982,0.0,0.002219652605256326,0.002184531002471087,0.0016873220148096826,projcoords,-33.34677401201248,43.213102256953015,-31.70422990399735,43.771595900388284,-28.830400744033547,44.76295276582978,-24.302584641000266,45.530674458039634,-18.57246674697539,45.69282999331362,-15.480132968212246,45.10523933411377,-14.473776494377102,44.33846125381988,-13.884306058178272,43.555029376855174,-13.887106349856671,43.54095209592701,-13.834057055114465,43.5921180337984,-12.471667456145155,43.99320988237784,-8.518939707386995,44.11109094771416,-4.187142399600942,43.213102256953015,approx_rxn_crds,0.0,0.06350165994873506,0.15951019039005912,0.2829367057813751,0.4292710052626352,0.5143074130328281,0.5903513242064323,0.641632547509954,0.6655598166611251,0.6831514239880208,0.7358664060871761,0.8547891431525099,1.0
nimgs,13,RMSF,0.0003622151596786005,AbsF,0.002493285896957038,RMSF_o,0.00029837347688473103,AbsF_o,0.002117550046525751,RMSF_CI,0.00016886807263021827,AbsF_CI,0.0008162333931062529,energies,-2062.2789515101354,-2062.282068382542,-2062.282749983513,-2062.282805074375,-2062.2801988427127,-2062.26971848151,-2062.265705636686,-2062.250467008439,-2062.2068051925853,-2062.263410345809,-2062.279875232915,-2062.283590375676,-2062.2828096549856,gradnorms,0.0013864307983129018,0.0014441922589021475,0.0049536054238369,0.005396884329131085,0.0031626349251448805,0.005123727704537217,0.0023056828711993066,0.0025160776144136565,0.0022203049778258773,0.002434347711385794,0.0020786190975427754,orth_gradnorms,0.001331331474298974,0.0013496495077904857,0.001383928932701739,0.00245533586984544,0.0027552703361912933,0.004445664679127166,0.0022616183910998144,0.0,0.0022116052749493473,0.002179067317501212,0.0016839204011228433,projcoords,-33.34677401201248,43.213102256953015,-31.704895743345602,43.771115040483515,-28.829152604515752,44.76330083580355,-24.293474405040833,45.53149426915491,-18.56180925045662,45.692363757893915,-15.475232494465356,45.103886931777836,-14.470945032350285,44.3356258990971,-13.883531915656564,43.553909416527006,-13.886235886256985,43.54016605470226,-13.833351322108314,43.59128029780218,-12.475228887994604,43.99317904748815,-8.521557735422814,44.11167962859607,-4.187142399600942,43.213102256953015,approx_rxn_crds,0.0,0.06346944003312853,0.15952431503606287,0.28312335225367175,0.4294632138220871,0.5143775113998212,0.5904701664818182,0.6416800618128007,0.6655497944991005,0.6831528298981032,0.7358085052851692,0.8547401997131058,1.0
nimgs,13,RMSF,0.0003612250563051492,AbsF,0.0024934394596929942,RMSF_o,0.0002988929870730572,AbsF_o,0.0021257788545436455,RMSF_CI,0.0001664913825201841,AbsF_CI,0.0007083380909024152,energies,-2062.2789515101354,-2062.2820713022857,-2062.2827537064145,-2062.2828072709467,-2062.280192798916,-2062.2697048052846,-2062.2657412075478,-2062.2504518157075,-2062.2068144410487,-2062.263404732095,-2062.279878582397,-2062.2835937062537,-2062.2828096549856,gradnorms,0.0013848738257584456,0.0014446371176015287,0.004961205783974294,0.005382132121119857,0.0031542503488777426,0.005130134368664328,0.002300444899961511,0.0024806657293301453,0.0022189532629866334,0.0024254495407677553,0.0020722707884369947,orth_gradnorms,0.0013301756414801035,0.0013489271229358728,0.0013839566836538794,0.002455329416285455,0.0027494014097380302,0.004453405206598986,0.002261950828078234,0.0,0.002208199829679629,0.002173634594901092,0.0016805363563397462,projcoords,-33.34677401201248,43.213102256953015,-31.705560966089365,43.77063503517487,-28.82789989642222,44.763650931804435,-24.284346788734275,45.532314348463046,-18.55118098147144,45.691897510895686,-15.470355881059467,45.10253996038434,-14.46811230475004,44.332780304748624,-13.882757797657824,43.55279029010966,-13.885375200559373,43.53937166354137,-13.83264304085395,43.59044808433222,-12.478770774591695,43.993146062287444,-8.52416317618542,44.11226565752187,-4.187142399600942,43.213102256953015,approx_rxn_crds,0.0,0.06343721471043076,0.1595383784744889,0.28330997823335036,0.4296540242784784,0.5144464006545107,0.5905883119619685,0.6417267085684526,0.6655394477375548,0.6831548155630496,0.7357515029596979,0.8546918464239303,1.0
nimgs,13,RMSF,0.00036023978041924105,AbsF,0.002493369510428931,RMSF_o,0.0002994109009118442,AbsF_o,0.002133901026930185,RMSF_CI,0.0001672462631169364,AbsF_CI,0.0006615762801469992,energies,-2062.2789515101354,-2062.282074217529,-2062.2827574256903,-2062.2828094537076,-2062.280186763291,-2062.269691229279,-2062.2657768750028,-2062.2504370679185,-2062.2068241485167,-2062.263398788732,-2062.2798819254726,-2062.2835970303395,-2062.2828096549856,gradnorms,0.0013833250024925658,0.0014450853985891999,0.0049687453868153654,0.00536745184105304,0.003145928084532409,0.005136372755076707,0.00229682674557235,0.002491913196903266,0.002222482958450647,0.002416730699965559,0.0020659635857635263,orth_gradnorms,0.0013290210563065461,0.0013482072975927032,0.0013839867190378347,0.0024553007643064624,0.002743548041775169,0.0044611219489983645,0.0022631900914184175,0.0,0.002209557733953832,0.0021682318008194703,0.0016771694594460095,projcoords,-33.34677401201248,43.213102256953015,-31.7062255669319,43.77015588207877,-28.826642621925345,44.76400304844015,-24.275201947575212,45.533134678833825,-18.540581960883316,45.69143126898211,-15.46550297311438,45.10119835094652,-14.46527794952171,44.329924252995454,-13.881983496194259,43.55167247656694,-13.884526224877446,43.538570297963005,-13.831931614781881,43.58962123350944,-12.482293016946564,43.99311100444642,-8.526756086316915,44.11284905031667,-4.187142399600942,43.213102256953015,approx_rxn_crds,0.0,0.06340496285893454,0.15955232687752127,0.2834964836588549,0.42984329176904884,0.5145139117004388,0.59070556504889,0.641772208293702,0.6655302426328727,0.6831574686965929,0.7356954900718808,0.8546441302200737,1.0
nimgs,13,RMSF,0.00035925946614250406,AbsF,0.002493063460193394,RMSF_o,0.0002999285904968701,AbsF_o,0.0021419327216524934,RMSF_CI,0.0001708272596329164,AbsF_CI,0.0006864702034817008,energies,-2062.2789515101354,-2062.2820771282886,-2062.2827611413545,-2062.282811622648,-2062.2801807360192,-2062.269677752664,-2062.2658126366146,-2062.2504228629978,-2062.2068343189035,-2062.263392371419,-2062.2798852629066,-2062.2836003479656,-2062.2828096549856,gradnorms,0.0013817843591971287,0.0014455368117524525,0.00497622478380227,0.005352845487297886,0.0031376687815155902,0.00514242680552714,0.0022949547312650065,0.0025452688433011523,0.0022300233076277985,0.0024082243285909197,0.0020596966032865108,orth_gradnorms,0.0013278677155433595,0.0013474900035885195,0.0013840192414074346,0.0024552499837738784,0.0027377118681141256,0.004468835350091956,0.0022653083978957113,0.0,0.002214972333598963,0.002162858430341001,0.0016738195406941002,projcoords,-33.34677401201248,43.213102256953015,-31.706889543240422,43.76967757785962,-28.825380785173767,44.76435717961039,-24.2660400336354,45.5339552432088,-18.530012193846385,45.69096504564949,-15.460673612960004,45.09986203354565,-14.46244162752398,44.32705755942847,-13.881208850748035,43.55055639691663,-13.88369009807198,43.53776368613513,-13.831216582669025,43.588799408121176,-12.485795566878815,43.99307393779869,-8.529336524041508,44.11342982265298,-4.187142399600942,43.213102256953015,approx_rxn_crds,0.0,0.06337266888653734,0.1595661204002908,0.28368279331703583,0.43003090949461675,0.5145799207904617,0.5908217814865935,0.6418163524525493,0.6655235718537188,0.6831608458704054,0.7356405330222827,0.8545970852310054,1.0
nimgs,13,RMSF,0.0003582834870606638,AbsF,0.0024925128536926427,RMSF_o,0.00030044733473888897,AbsF_o,0.0021498886465222337,RMSF_CI,0.00017626656965447142,AbsF_CI,0.0007949360366428643,energies,-2062.2789515101354,-2062.2820800345785,-2062.28276485342,-2062.2828137777606,-2062.280174717253,-2062.2696643745808,-2062.265848490296,-2062.2504092717954,-2062.206844862468,-2062.2633853701846,-2062.279888595207,-2062.2836036591607,-2062.2828096549856,gradnorms,0.0013802508323682528,0.0014459918905587357,0.004983640886313088,0.005338303726491912,0.0031294715203728746,0.005148286971416563,0.002294838161763206,0.0026263127373299484,0.0022400252738270184,0.002399952149387426,0.0020534670040091513,orth_gradnorms,0.001326715619511843,0.0013467752083515876,0.0013840545875022433,0.002455177216450068,0.0027318945176180924,0.004476564465220829,0.0022682362837484283,0.0,0.0022230706877066904,0.0021575143979176824,0.0016704866599888922,projcoords,-33.34677401201248,43.213102256953015,-31.707552894854476,43.76920011830915,-28.82411439217844,44.764713318556765,-24.25686119581472,45.53477602461019,-18.519471670973942,45.690498851476356,-15.455867640348547,45.09853093755983,-14.459603024174822,44.32418007530325,-13.880433756991252,43.549442402932435,-13.882867147127868,43.53695382415,-13.830497646697086,43.58798212172177,-12.489278431529868,43.993034910384225,-8.53190454878899,44.11400799006264,-4.187142399600942,43.213102256953015,approx_rxn_crds,0.0,0.06334032314332787,0.15957973424532804,0.2838688587940758,0.4302168116178794,0.5146443529538687,0.5909368722993205,0.6418590099116134,0.6655206781641948,0.6831649714113142,0.7355866717579125,0.8545507318083132,1.0
nimgs,13,RMSF,0.0003573105642985363,AbsF,0.0024917138241166426,RMSF_o,0.0003009683072152503,AbsF_o,0.0021577819184555626,RMSF_CI,0.0001822757402825483,AbsF_CI,0.0008950984202531742,energies,-2062.2789515101354,-2062.2820829364127,-2062.2827685619022,-2062.2828159190367,-2062.280168707119,-2062.2696510941537,-2062.2658844343096,-2062.2503963347,-2062.206855608731,-2062.2633777128594,-2062.279891922619,-2062.283606963953,-2062.2828096549856,gradnorms,0.0013787224194091107,0.0014464519191694706,0.004990987323988172,0.005323807503824038,0.003121333925841276,0.0051539514902475,0.0022962936933695424,0.002715847363165375,0.0022503974294162087,0.002391924086958159,0.0020472702029384923,orth_gradnorms,0.0013255647694108718,0.0013460628775303998,0.0013840931467795092,0.0024550826421120063,0.002726097438374741,0.004484326780293665,0.002271763715951588,0.0,0.0022319243605738886,0.0021521996993657533,0.0016671709029992474,projcoords,-33.34677401201248,43.213102256953015,-31.70821562342079,43.76872349860019,-28.822843450384227,44.76507145803087,-24.247665580808466,45.53559700613685,-18.5089603716685,45.69003269481528,-15.451084892843392,45.097204992090866,-14.456761850121545,44.321291688350044,-13.879658172248547,43.54833076801259,-13.882057551205662,43.53614350254395,-13.829774690505188,43.587168774594744,-12.492741674205693,43.992993953583024,-8.53446022026181,44.11458356796275,-4.187142399600942,43.213102256953015,approx_rxn_crds,0.0,0.06330792213045339,0.15959315918291098,0.28405465942752556,0.4304009746155551,0.5147071836303672,0.5910508057156505,0.6419001303570325,0.6655226035219811,0.6831698375390827,0.7355339188886508,0.8545050760736831,1.0
nimgs,13,RMSF,0.0003563386955453551,AbsF,0.002490667022523135,RMSF_o,0.0003014925693137144,AbsF_o,0.002165623980225353,RMSF_CI,0.00018755207866873712,AbsF_CI,0.0009878561744235416,energies,-2062.2789515101354,-2062.2820858338005,-2062.2827722668126,-2062.282818046467,-2062.2801627057333,-2062.2696379105073,-2062.2659204672686,-2062.250384059651,-2062.20686629713,-2062.2633693662215,-2062.2798952451344,-2062.2836102623723,-2062.2828096549856,gradnorms,0.0013771960711218805,0.0014469190576866641,0.004998253886302916,0.005309326985535765,0.003113251939263906,0.005159426464131157,0.002298499880213861,0.0027944630345162987,0.0022578464626158315,0.002384137536841856,0.0020410994537238382,orth_gradnorms,0.0013244151644516734,0.0013453529780935044,0.0013841352674018358,0.0024549664357051515,0.00272032171531057,0.0044921381096319195,0.0022750609900213225,0.0,0.0022383655213904043,0.0021469140657860595,0.001663872143890667,projcoords,-33.34677401201248,43.213102256953015,-31.708877731357152,43.76824771367474,-28.821567967991157,44.765431590554826,-24.238453334639118,45.53641817094726,-18.498478269073054,45.6895665828174,-15.446325206346668,45.095884126553074,-14.453917840872098,44.31839232200365,-13.878882121190669,43.5472216845357,-13.881264749980131,43.53533957015332,-13.829047795034008,43.586358699906576,-12.4961854117755,43.992951082293516,-8.537003597084205,44.11515657167862,-4.187142399600942,43.213102256953015,approx_rxn_crds,0.0,0.06327546993174485,0.159606405131364,0.2842402086817425,0.4305834268233398,0.5147684501420084,0.59116362043188,0.6419397590361243,0.6655301888495623,0.6831753985615165,0.7354822538382672,0.8544601066963291,1.0
nimgs,13,RMSF,0.0003553666413349261,AbsF,0.0024893803815557165,RMSF_o,0.0003020210783134643,AbsF_o,0.0021734245522554594,RMSF_CI,0.00019112496675839638,AbsF_CI,0.0010554447735393031,energies,-2062.2789515101354,-2062.282088726756,-2062.282775968167,-2062.2828201600446,-2062.280156713212,-2062.269624822785,-2062.265956588124,-2062.2503724210387,-2062.206876760973,-2062.2633603346403,-2062.2798985625172,-2062.2836135544494,-2062.2828096549856,gradnorms,0.0013756698425266855,0.0014473947052645062,0.005005433853123329,0.005294843703996735,0.0031052223538521797,0.005164731692541996,0.00230146905058219,0.0028476978680829863,0.0022615730598050184,0.0023765842970515836,0.002034950421924428,orth_gradnorms,0.0013232667991958358,0.0013446454814740139,0.0013841811615782045,0.0024548287212069215,0.002714567864734197,0.004500012716374184,0.0022781695772446996,0.0,0.002241675241917748,0.002141656640519417,0.001660589908040376,projcoords,-33.34677401201248,43.213102256953015,-31.70953922041644,43.7677727587751,-28.820287953002097,44.7657937087807,-24.2292246047994,45.53723950222559,-18.48802533669209,45.68910052279653,-15.441588415784697,45.094568271424805,-14.451070755473882,44.315481933174574,-13.878105719306951,43.546115286331805,-13.880484969014507,43.53454224703879,-13.82831729278739,43.585551253619386,-12.499609808750147,43.992906296149904,-8.539534734988829,44.11572701644442,-4.187142399600942,43.213102256953015,approx_rxn_crds,0.0,0.06324297434931596,0.15961949135603534,0.2844255366693359,0.43076422182009644,0.5148282199740185,0.5912753893137501,0.641977996157013,0.6655438199992636,0.683181591737399,0.7354316392813068,0.8544158038938556,1.0
nimgs,13,RMSF,0.0003543937723135377,AbsF,0.0024878678945403653,RMSF_o,0.00030255467431296014,AbsF_o,0.0021811916437591158,RMSF_CI,0.00019242016388597934,AbsF_CI,0.0010952325183195809,energies,-2062.2789515101354,-2062.2820916152914,-2062.2827796659762,-2062.2828222597623,-2062.280150729679,-2062.2696118301587,-2062.265992796155,-2062.2503613618633,-2062.206886908864,-2062.2633506582406,-2062.2799018743335,-2062.2836168402205,-2062.2828096549856,gradnorms,0.0013741426699738447,0.0014478796328545023,0.0050125233351703035,0.005280348282047838,0.0030972425754686532,0.005169898989047414,0.002305522834393254,0.002866995870649169,0.0022621924084712136,0.0023692506346979546,0.0020288207828397156,orth_gradnorms,0.0013221196628955515,0.001343940365091602,0.0013842308617701207,0.0024546695600415344,0.0027088359314150806,0.004507963117705595,0.0022814369805745777,0.0,0.002242503787648392,0.0021364263644713323,0.0016573235353977648,projcoords,-33.34677401201248,43.213102256953015,-31.7102000908755,43.76729862974239,-28.81900341267898,44.76615780569548,-24.219979541466003,45.53806098316414,-18.47760155206125,45.68863452299575,-15.436874355607603,45.093257358843644,-14.448220373695332,44.31256050778288,-13.877329154342771,43.54501163791577,-13.879711684642555,43.53374921770792,-13.827583721418465,43.58474582381852,-12.503015070456389,43.99285958105434,-8.542053685916592,44.116294917377495,-4.187142399600942,43.213102256953015,approx_rxn_crds,0.0,0.06321044586638369,0.15963244381928515,0.2846106854106225,0.43094343117309036,0.5148865821587698,0.5913862096438233,0.6420149851778808,0.6655635682911255,0.6831883438336805,0.7353820257515076,0.8543721418850043,1.0
nimgs,13,RMSF,0.00035341956255861026,AbsF,0.0024861476222331307,RMSF_o,0.00030309407063849176,AbsF_o,0.002188931611132189,RMSF_CI,0.00019122335510114353,AbsF_CI,0.0011054826411381006,energies,-2062.2789515101354,-2062.2820944994246,-2062.2827833602555,-2062.2828243456133,-2062.2801447552706,-2062.2695989318395,-2062.2660290909366,-2062.250350797638,-2062.206896661976,-2062.263340410698,-2062.279905179982,-2062.283620119724,-2062.2828096549856,gradnorms,0.0013726136402498646,0.001448374531934078,0.005019518793751564,0.005265832883619126,0.0030893099091004834,0.005174968610381813,0.002310358253477725,0.0028491638213733244,0.002259719061160717,0.002362116061057888,0.0020227088229458137,orth_gradnorms,0.0013209737402552508,0.001343237612444895,0.001384284220568861,0.0024544889616291902,0.0027031257134459657,0.004515999941948499,0.002284571273624673,0.0,0.0022408416765644945,0.0021312226101507215,0.0016540724844978962,projcoords,-33.34677401201248,43.213102256953015,-31.710860341185814,43.766825323142044,-28.817714353302925,44.766523874709314,-24.210718298006977,45.538882596953954,-18.467206898220436,45.68816859289749,-15.432182860169986,45.09195132307704,-14.445366492009676,44.30962805450306,-13.876552653276338,43.543910716208764,-13.878942337260437,43.53296228527087,-13.826847741817389,43.58394181255522,-12.506401435374743,43.99281091103799,-8.544560497809968,44.116860289437206,-4.187142399600942,43.213102256953015,approx_rxn_crds,0.0,0.06317790147358472,0.1596453048452102,0.28479572608175197,0.4311211705070752,0.5149436784132465,0.5914962390480565,0.6420509502802931,0.665589243675301,0.6831955528828482,0.7353333358478565,0.8543290800807086,1.0
nimgs,13,RMSF,0.00035244415738073067,AbsF,0.002484241603510341,RMSF_o,0.00030363985418948637,AbsF_o,0.0021966492222359546,RMSF_CI,0.00018769574058563295,AbsF_CI,0.0010858866902089357,energies,-2062.2789515101354,-2062.2820973791745,-2062.2827870510177,-2062.282826417594,-2062.280138790139,-2062.2695861270795,-2062.2660654723186,-2062.250340620881,-2062.2069060247964,-2062.2633296953454,-2062.2799084787375,-2062.283623393002,-2062.2828096549856,gradnorms,0.0013710828122168808,0.0014488793444508612,0.005026420000443344,0.005251299673789579,0.0030814226570188524,0.0051799895796440275,0.0023156717493542666,0.0027966035488688067,0.0022549047168977992,0.0023551570121160353,0.0020166153303578416,orth_gradnorms,0.0013198290124745043,0.0013425372125199177,0.001384340931427697,0.0024542868930159103,0.002697436878633163,0.004524131933707413,0.0022872868262263897,0.0,0.0022373668955115666,0.0021260453983581395,0.0016508365215876074,projcoords,-33.34677401201248,43.213102256953015,-31.711519967705005,43.76635283635572,-28.81642077998511,44.766891909720684,-24.20144103135276,45.53970432676953,-18.456841364732867,45.687702743426556,-15.427513764110667,45.09065010095696,-14.44250891886633,44.306684597434575,-13.875776472196435,43.54281242218514,-13.878174169191578,43.53218290833409,-13.826110106952235,43.58313866929971,-12.509769166279941,43.99276025060562,-8.547055214590793,44.11742314738773,-4.187142399600942,43.213102256953015,approx_rxn_crds,0.0,0.06314536159343531,0.15965812537517882,0.284980745253963,0.43129757861191825,0.5149996781315495,0.591605666957079,0.6420861622190355,0.6656203580083828,0.6832031043410396,0.7352854773182809,0.8542865701454242,1.0
nimgs,13,RMSF,0.00035146833005373794,AbsF,0.0024821745658427812,RMSF_o,0.0003041924892409052,AbsF_o,0.002204347764024657,RMSF_CI,0.00018234825617776448,AbsF_CI,0.0010375629933805875,energies,-2062.2789515101354,-2062.282100254564,-2062.2827907382753,-2062.2828284757006,-2062.280132834449,-2062.2695734151757,-2062.266101940377,-2062.250330706787,-2062.206915080297,-2062.2633186406174,-2062.2799117697905,-2062.2836266600993,-2062.2828096549856,gradnorms,0.0013695511566762157,0.0014493932699080436,0.005033229979020851,0.00523676017407991,0.0030735801208723918,0.005185017263903645,0.0023211688380653994,0.002716927825669629,0.0022490590206921627,0.0023483476251294566,0.002010543417706756,orth_gradnorms,0.001318685458800908,0.0013418391582605254,0.0013844005782055414,0.0024540632947005025,0.0026917690711659465,0.004532366010523463,0.00228933127000613,0.0,0.002233273675562914,0.0021208953536714127,0.0016476157407081292,projcoords,-33.34677401201248,43.213102256953015,-31.7121789648915,43.76588116750142,-28.815122696786702,44.76726190506405,-24.19214790165404,45.54052615576272,-18.446504946597848,45.68723698670997,-15.422866902584826,45.089353632154,-14.439647469265728,44.30373016773959,-13.87500088380417,43.54171659623583,-13.877404388934172,43.53141214123848,-13.825371625292103,43.58233591993339,-12.513118541366973,43.992707557221145,-8.549537876822216,44.11798350578115,-4.187142399600942,43.213102256953015,approx_rxn_crds,0.0,0.06311284925415862,0.1596709629201961,0.28516584129659134,0.43147281198322085,0.5150547717844127,0.591714707205722,0.6421209264910547,0.6656561572619313,0.6832108757280912,0.7352383466789367,0.8542445578375215,1.0
nimgs,13,RMSF,0.00035049331564799695,AbsF,0.0024799723559850184,RMSF_o,0.000304752323695751,AbsF_o,0.002212029224159506,RMSF_CI,0.0001759952735630591,AbsF_CI,0.0009630157664486549,energies,-2062.2789515101354,-2062.2821031256162,-2062.282794422043,-2062.282830519931,-2062.2801268883695,-2062.269560795461,-2062.2661384953835,-2062.250320919764,-2062.2069239697644,-2062.2633073948073,-2062.27991505229,-2062.2836299210617,-2062.2828096549856,gradnorms,0.001368020316806162,0.0014499149181232385,0.005039954305906999,0.005222232786624095,0.0030657823789991176,0.005190110256909593,0.0023265681093530334,0.002622270516607887,0.0022437645120147185,0.0023416599138988813,0.002004497824758715,orth_gradnorms,0.0013175430583161468,0.001341143444384686,0.0013844627044494464,0.0024538180991581227,0.0026861220016047393,0.004540707356034638,0.0022905091497607355,0.0,0.0022299994612087525,0.0021157734500387394,0.00164441041964149,projcoords,-33.34677401201248,43.213102256953015,-31.71283732590095,43.76541031520597,-28.8138201071095,44.76763385535566,-24.182839071314763,45.54134806706577,-18.436197641398145,45.68677133546416,-15.418242111356438,45.08806185930583,-14.436781958969025,44.300764794738456,-13.87422616353873,43.54062303703173,-13.876630329865993,43.53065059497261,-13.824633122368045,43.58153319014846,-12.516449845582322,43.9926527838805,-8.552008522935903,44.11854137896334,-4.187142399600942,43.213102256953015,approx_rxn_crds,0.0,0.06308038916209209,0.15968387927799774,0.2853511203792197,0.4316470387844873,0.5151091635897429,0.591823589787864,0.6421555701842292,0.6656956658725554,0.6832187415507919,0.7351918331961541,0.8542029850415563,1.0
nimgs,13,RMSF,0.000349520559171395,AbsF,0.0024776602485465046,RMSF_o,0.00030531959616486007,AbsF_o,0.0022196945545567897,RMSF_CI,0.00016966924071796282,AbsF_CI,0.0008660419966022951,energies,-2062.2789515101354,-2062.282105992356,-2062.282798102332,-2062.282832550281,-2062.2801209520685,-2062.2695482673075,-2062.2661751377505,-2062.2503111204883,-2062.2069328618595,-2062.263296120035,-2062.2799183253874,-2062.2836331759363,-2062.2828096549856,gradnorms,0.0013664922458986157,0.0014504425827609809,0.005046599903759116,0.00520773904155475,0.0030580299287973124,0.005195326835840693,0.002331602118270799,0.0025280147500696716,0.0022405349800183414,0.0023350636949325586,0.0019984839058617434,orth_gradnorms,0.0013164017917212543,0.0013404500648946922,0.0013845268907270577,0.00245355125008383,0.0026804955106231143,0.004549159525462331,0.002290699001088291,0.0,0.0022288992958260268,0.0021106807125420663,0.001641220811140584,projcoords,-33.34677401201248,43.213102256953015,-31.71349504344501,43.76494027828273,-28.812513014267815,44.76800775527241,-24.173514703609058,45.54217004380279,-18.425919445354225,45.686305802150805,-15.413639226788831,45.08677472803807,-14.433912198725888,44.297788497031696,-13.873452575375213,43.53953152304665,-13.875849595751982,43.52989842033785,-13.823895402616113,43.58073022265195,-12.519763362177134,43.99259588176459,-8.55446719079066,44.11909678109357,-4.187142399600942,43.213102256953015,approx_rxn_crds,0.0,0.06304800666254325,0.1596969379776175,0.28553669199397463,0.43182043210371357,0.5151630633237728,0.5919325516085446,0.6421904275926938,0.6657377404390784,0.6832265785418326,0.735145823302246,0.8541617920366597,1.0
nimgs,13,RMSF,0.00034904956248196203,AbsF,0.002475261308078887,RMSF_o,0.0003058944427540914,AbsF_o,0.0022273439843984097,RMSF_CI,0.00016446750559474384,AbsF_CI,0.0007515758293152118,energies,-2062.2789515101354,-2062.2821088548053,-2062.2828017791567,-2062.2828345667494,-2062.280115025703,-2062.269535830112,-2062.2662118679937,-2062.2503011730764,-2062.2069419173085,-2062.2632849853508,-2062.279921588271,-2062.283636424766,-2062.2828096549856,gradnorms,0.0013649687969974928,0.0014509745671906344,0.005053173614246167,0.005193299359822621,0.0030503232548181637,0.005200721348936559,0.0023360181047126964,0.0024505106423020643,0.002240480856741951,0.0023285266769778614,0.001992506573172538,orth_gradnorms,0.0013152616428891521,0.001339759010694784,0.0013845928263855728,0.0024532627210275223,0.002674889597492556,0.004557724546738165,0.002289861674777387,0.0,0.002230930021452125,0.002105618039357183,0.0016380469915766554,projcoords,-33.34677401201248,43.213102256953015,-31.71415211072708,43.76447105538386,-28.811201422116774,44.768383599311825,-24.16417496117184,45.542992069106724,-18.415670349145156,45.68584039808469,-15.40905808578789,45.08549218692673,-14.43103798891853,44.29480127424022,-13.872680358328953,43.53844183516238,-13.875060187100997,43.5291553135141,-13.823159212353092,43.579926888045954,-12.523059364422704,43.99253680298128,-8.556913919267844,44.11964972616445,-4.187142399600942,43.213102256953015,approx_rxn_crds,0.0,0.06301572659251638,0.15971020144527756,0.28572266397018325,0.43199316245327296,0.5152166772388708,0.592041826186396,0.6422258247955375,0.6657811298760582,0.683234271145452,0.7351002054698472,0.8541209200199236,1.0
nimgs,13,RMSF,0.00034942672101439376,AbsF,0.0024727949474383387,RMSF_o,0.00030647690346610875,AbsF_o,0.002234977320246921,RMSF_CI,0.0001613176856214124,AbsF_CI,0.0006771817507150716,energies,-2062.2789515101354,-2062.282111712988,-2062.282805452528,-2062.282836569332,-2062.280109109407,-2062.269523483295,-2062.2662486866807,-2062.250290951984,-2062.2069512562384,-2062.2632741589973,-2062.2799248402152,-2062.2836396675934,-2062.2828096549856,gradnorms,0.0013634513474545394,0.001451509512983961,0.005059680800668194,0.005178929154906985,0.0030426624345401263,0.0052063408845051005,0.002339580627401613,0.0024035793816978967,0.002244052741617436,0.0023220150414895065,0.0019865694211543905,orth_gradnorms,0.001314122599922097,0.0013390702677587472,0.0013846603621181723,0.0024529525315267666,0.0026693044093097666,0.004566403015888408,0.0022880386804703594,0.0,0.0022364123854016777,0.0021005862085513994,0.0016348888398401355,projcoords,-33.34677401201248,43.213102256953015,-31.714808522260526,43.764002644699154,-28.809885335607746,44.768761381582316,-24.154820004667148,45.5438141261389,-18.4054503343677,45.68537513267992,-15.404498525756736,45.08421418745428,-14.428159114992068,44.29180309991459,-13.871909714560795,43.53735377855035,-13.874260604072418,43.52842054300166,-13.822425204645562,43.579123189181075,-12.52633810748355,43.992475503390395,-8.559348749613953,44.12020022801341,-4.187142399600942,43.213102256953015,approx_rxn_crds,0.0,0.06298357205486524,0.15972372795118123,0.28590913707057825,0.43216538963917767,0.5152701982655967,0.5921516325035013,0.6422620636378409,0.6658245391988091,0.6832417170851883,0.735054875456779,0.8540803138433043,1.0
nimgs,13,RMSF,0.0003498214726590806,AbsF,0.002470275794364171,RMSF_o,0.00030706692855361257,AbsF_o,0.0022425941738021655,RMSF_CI,0.00016071010536304253,AbsF_CI,0.0006496963835184541,energies,-2062.2789515101354,-2062.2821145669213,-2062.28280912246,-2062.282838558027,-2062.2801032032944,-2062.269511226299,-2062.266285594394,-2062.2502803482544,-2062.206960934492,-2062.263263800033,-2062.2799280806116,-2062.2836429044546,-2062.2828096549856,gradnorms,0.0013619405277791154,0.0014520466482978815,0.005066124272657405,0.005164636050154083,0.003035046853014419,0.005212222551542448,0.0023420768586112726,0.0023945266397364744,0.002250925578128052,0.0023154946319140592,0.001980674193025666,orth_gradnorms,0.0013129846554560184,0.0013383838162590806,0.0013847295316846806,0.0024526207576370065,0.0026637402009696345,0.00457519419169499,0.0022853404571160306,0.0,0.0022449293586102414,0.002095586010324588,0.0016317461285868082,projcoords,-33.34677401201248,43.213102256953015,-31.71546427440509,43.763535043761856,-28.80856476115631,44.76914109566684,-24.14544999189989,45.54463619810717,-18.39525937135112,45.68491001298865,-15.39996038460622,45.08294068400422,-14.425275343976214,44.28879391607137,-13.871140799727588,43.53626720246028,-13.873449922671526,43.52769299663055,-13.821693907762644,43.57831925845259,-12.52959982059013,43.99241194546269,-8.561771726299416,44.1207483003255,-4.187142399600942,43.213102256953015,approx_rxn_crds,0.0,0.0629515631750789,0.15973756847992662,0.28609619940950654,0.43233725435661907,0.5153237959467839,0.5922621635114468,0.6422994058679024,0.6658666942402403,0.6832488327696551,0.7350097416868331,0.8540399248437867,1.0
nimgs,13,RMSF,0.0003502355117772414,AbsF,0.0024677129322523117,RMSF_o,0.00030766438467441274,AbsF_o,0.0022501940925566937,RMSF_CI,0.00016252363120374645,AbsF_CI,0.0006464987630783712,energies,-2062.2789515101354,-2062.282117416621,-2062.2828127889643,-2062.282840532829,-2062.280097307451,-2062.269499058587,-2062.2663225916854,-2062.250269274789,-2062.2069709335115,-2062.263254049686,-2062.2799313090077,-2062.2836461353827,-2062.2828096549856,gradnorms,0.0013604361105854158,0.0014525859239623976,0.005072503744526111,0.005150418723303433,0.003027475097018237,0.005218391595462178,0.00234332432796101,0.002421547566190391,0.002260055338897276,0.0023089327156459766,0.001974820618765482,orth_gradnorms,0.0013118478060535315,0.001337699630905511,0.0013848005367712694,0.002452267533262083,0.0026581972839299695,0.0045840960874040226,0.0022819261600411146,0.0,0.0022553887882759437,0.0020906183736389655,0.0016286186480494226,projcoords,-33.34677401201248,43.213102256953015,-31.716119365517482,43.7630682493985,-28.807239706752007,44.769522734586154,-24.13606507754366,45.54545826827946,-18.385097418752117,45.68444504362367,-15.395443500842779,45.08167163392321,-14.422386422307607,44.285773629679674,-13.87037371597585,43.53518201720555,-13.872627841492049,43.526971247580796,-13.820965699731257,43.577515347672076,-12.53284469982023,43.9923461010672,-8.564182897266958,44.121293956633764,-4.187142399600942,43.213102256953015,approx_rxn_crds,0.0,0.06291971592957607,0.15975176374257627,0.2862839210747329,0.43250887008508254,0.5153776067995482,0.5923735750893189,0.642338058465177,0.6659064046903238,0.6832555582079273,0.7349647303972455,0.853999713572763,1.0
nimgs,13,RMSF,0.00035066967439484825,AbsF,0.0024651095544640676,RMSF_o,0.0003082690602983359,AbsF_o,0.0022577766215688758,RMSF_CI,0.00016606105957084908,AbsF_CI,0.0007145917053336403,energies,-2062.2789515101354,-2062.282120262101,-2062.282816452053,-2062.282842493734,-2062.2800914219397,-2062.2694869796474,-2062.2663596790453,-2062.2502576703573,-2062.2069811655774,-2062.2632450230085,-2062.279934525138,-2062.283649360407,-2062.2828096549856,gradnorms,0.001358937075525154,0.0014531279950206063,0.005078815937561399,0.005136267587026275,0.003019945046577887,0.005224860472770726,0.0023431803702054694,0.002474254061790354,0.0022698941511387766,0.0023023001325524527,0.00196900659912337,orth_gradnorms,0.0013107120507394256,0.001337017682486609,0.0013848736968082142,0.002451893039976909,0.0026526759797561787,0.00459310555128691,0.0022779782948495766,0.0,0.0022662349406180563,0.0020856843746608444,0.0016255062736476263,projcoords,-33.34677401201248,43.213102256953015,-31.716773795693445,43.76260225783006,-28.80591018178921,44.76990629086833,-24.126665413529352,45.54628031999062,-18.374964424986175,45.68398022707707,-15.390947713729197,45.08040699765652,-14.419492075049705,44.28274211126106,-13.869608507835128,43.53409820796465,-13.871794696860267,43.52625363811284,-13.820240791342655,43.576711811070254,-12.536072901937818,43.9922779540228,-8.566582313559332,44.12183721032448,-4.187142399600942,43.213102256953015,approx_rxn_crds,0.0,0.0628880411498257,0.15976634159490063,0.28647234942580224,0.43268031599762596,0.5154317259570603,0.5924859764306682,0.6423781613420925,0.6659426228743422,0.6832618610129736,0.7349197900998645,0.8539596521828421,1.0
nimgs,13,RMSF,0.0003511239402085388,AbsF,0.0024624630312383472,RMSF_o,0.00030888067099471865,AbsF_o,0.00226534138989486,RMSF_CI,0.00017027845793410388,AbsF_CI,0.0007773376777979226,energies,-2062.2789515101354,-2062.2821231033727,-2062.2828201117363,-2062.2828444407373,-2062.2800855468076,-2062.269474989002,-2062.266396856871,-2062.2502455021645,-2062.2069914932163,-2062.263236801527,-2062.2799377289457,-2062.283652579553,-2062.2828096549856,gradnorms,0.0013574418350901676,0.0014536740572516017,0.005085055301545696,0.005122167143384557,0.00301245414069889,0.005231628880954806,0.0023415524756665884,0.0025370918821525637,0.0022787078765073338,0.0022955735938298256,0.001963228669126763,orth_gradnorms,0.0013095773889843611,0.0013363379403017294,0.0013849493741765718,0.002451497486252553,0.0026471765831617223,0.004602218345422213,0.002273676954478528,0.0,0.0022757546681512453,0.002080785101205384,0.0016224089406318483,projcoords,-33.34677401201248,43.213102256953015,-31.71742756616184,43.76213706490032,-28.804576196657656,44.77029175670889,-24.117251150003618,45.54710233664165,-18.364860331177447,45.683515564367006,-15.38647286349335,45.07914673893732,-14.416592006490406,44.279699195595036,-13.86884516120773,43.53301584489818,-13.87095144537885,43.52553837833357,-13.819519218880412,43.57590908307557,-12.539284539808577,43.99220750220787,-8.568970028428408,44.12237807464935,-4.187142399600942,43.213102256953015,approx_rxn_crds,0.0,0.06285654380583386,0.15978131513158925,0.28666150556055203,0.43285163162976037,0.5154862009657244,0.5925994228661484,0.642419778573409,0.6659744956908383,0.6832677390104477,0.7348748948912073,0.8539197262203915,1.0
nimgs,13,RMSF,0.0003515974868048758,AbsF,0.002459765358802332,RMSF_o,0.00030949885970059924,AbsF_o,0.0022728880475676155,RMSF_CI,0.00017407761115745737,AbsF_CI,0.0008191004800084961,energies,-2062.2789515101354,-2062.282125940448,-2062.2828237680274,-2062.282846373834,-2062.2800796820925,-2062.269463086209,-2062.2664341254454,-2062.25023276686,-2062.2070017586084,-2062.2632294276027,-2062.279940920601,-2062.283655792844,-2062.2828096549856,gradnorms,0.0013559485752784237,0.0014542255689341283,0.005091215222389149,0.005108099506019977,0.0030049997427712646,0.005238684566330184,0.00233840885095432,0.0025936979902825416,0.0022849194320106723,0.0022887378701993894,0.0019574826558792654,orth_gradnorms,0.0013084438186265139,0.0013356603749359868,0.0013850278911338933,0.002451081080876855,0.0026416993305520713,0.004611429149691624,0.002269178917596137,0.0,0.0022824054227525586,0.002075921442373404,0.0016193265572436305,projcoords,-33.34677401201248,43.213102256953015,-31.71808067846145,43.761672666382275,-28.803237762179656,44.77067912418757,-24.107822436648842,45.54792430169252,-18.354785075003008,45.68305105587816,-15.382018791547651,45.07789082498868,-14.413685901993562,44.276644684360235,-13.86808360556132,43.53193508887458,-13.870099614490845,43.52482365523648,-13.81880084663762,43.575107652912294,-12.542479679906013,43.992134759006994,-8.571346096115185,44.12291656273984,-4.187142399600942,43.213102256953015,approx_rxn_crds,0.0,0.06282522265512751,0.15979668168828837,0.2868513823813368,0.4330228139643361,0.5155410284964305,0.5927139119963445,0.6424628941061031,0.6660014071977832,0.6832732210042649,0.734830046209487,0.853879935602871,1.0
nimgs,13,RMSF,0.00035208878540656587,AbsF,0.0024570039071759465,RMSF_o,0.00031012319594075184,AbsF_o,0.0022804161895621563,RMSF_CI,0.00017654422504645266,AbsF_CI,0.0008377384435493517,energies,-2062.2789515101354,-2062.282128773338,-2062.282827420938,-2062.2828482930217,-2062.2800738278347,-2062.2694512708745,-2062.266471484919,-2062.2502194899726,-2062.207011816776,-2062.263222901164,-2062.2799441004972,-2062.2836590003053,-2062.2828096549856,gradnorms,0.0013544556353142128,0.001454783916496049,0.005097289440400667,0.0050940483420059916,0.0029975795283373207,0.0052460047506282075,0.002333787952537001,0.0026304497094964694,0.002287405405340755,0.002281787576302239,0.0019517644417852077,orth_gradnorms,0.0013073113342492134,0.001334984960742046,0.001385109457253628,0.0024506440078871598,0.0026362443712201603,0.004620731550158732,0.0022646055360198954,0.0,0.0022850971063018903,0.002071093916361706,0.0016162589288258034,projcoords,-33.34677401201248,43.213102256953015,-31.718733133575025,43.76120905829752,-28.801894889012523,44.77106838549605,-24.098379424079347,45.54874619865044,-18.34473859463389,45.6825867022238,-15.377585340679097,45.07663922668831,-14.41077343089557,44.27357835041433,-13.867323719240705,43.530856192224014,-13.869241223351617,43.5241077455005,-13.818085378573175,43.574308037564855,-12.545658342342561,43.99205975389375,-8.573710570538909,44.12345268761606,-4.187142399600942,43.213102256953015,approx_rxn_crds,0.0,0.06279407031166298,0.1598124229067869,0.2870419445607695,0.4331938173898854,0.5155961544848414,0.5928293837316296,0.6425074125639032,0.6660230095385228,0.6832783654119506,0.7347852727650407,0.85384029462763,1.0
nimgs,13,RMSF,0.0003525957228586945,AbsF,0.002454162346407697,RMSF_o,0.0003107531757402388,AbsF_o,0.0022879252918127637,RMSF_CI,0.00017709456596763903,AbsF_CI,0.0008324423741283699,energies,-2062.2789515101354,-2062.2821316020572,-2062.2828310704776,-2062.2828501982967,-2062.2800679840825,-2062.2694395426506,-2062.2665089352913,-2062.2502057238485,-2062.2070215655067,-2062.2632171792625,-2062.2799472692427,-2062.2836622019613,-2062.2828096549856,gradnorms,0.001352961850786003,0.001455350097885189,0.005103273401426261,0.005080002402807824,0.0029901918058622165,0.005253557948549768,0.00232780466402703,0.0026386496045419055,0.0022856937061119255,0.0022747282613891913,0.0019460707030507828,orth_gradnorms,0.001306179926385816,0.0013343116774822083,0.0013851941226397315,0.0024501864100146854,0.0026308117501075033,0.0046301180377660905,0.0022600404586638895,0.0,0.0022833790493929284,0.0020663026194708816,0.0016132057539027505,projcoords,-33.34677401201248,43.213102256953015,-31.71938493120113,43.76074623718215,-28.80054758714143,44.77145953312909,-24.088922265016205,45.54956801105692,-18.334720831969584,45.68212250495483,-15.373172355172308,45.075391918648684,-14.407854250187409,44.27049994333027,-13.86656533758512,43.52977949444062,-13.868378677722127,43.52338912480232,-13.81737237817554,43.573510753925014,-12.548820503706565,43.99198253200441,-8.576063504140375,44.123986462184895,-4.187142399600942,43.213102256953015,approx_rxn_crds,0.0,0.06276307374742211,0.15982850591345554,0.28723313051965477,0.433364556706028,0.5156514778765475,0.5929457244480375,0.642553165320002,0.6660392402749846,0.6832832567404032,0.7347406285476621,0.8538008309544904,1.0
nimgs,13,RMSF,0.000353115732373035,AbsF,0.0024512216179285724,RMSF_o,0.0003113882211392295,AbsF_o,0.002295414591376753,RMSF_CI,0.000175544693902679,AbsF_CI,0.0008037886940128603,energies,-2062.2789515101354,-2062.282134426622,-2062.2828347166583,-2062.2828520896574,-2062.2800621508964,-2062.2694279012426,-2062.266546476406,-2062.2501915442444,-2062.2070309656615,-2062.2632121786382,-2062.2799504276327,-2062.2836653978393,-2062.2828096549856,gradnorms,0.0013514667827256158,0.0014559244846778588,0.005109165240220493,0.005065957885889268,0.002982835723806001,0.00526130591581164,0.0023206501957431067,0.0026155570308711543,0.0022800339225668986,0.0022675765289163355,0.0019403994838232748,orth_gradnorms,0.0013050495816765463,0.0013336405108115082,0.0013852817661117996,0.002449708384558168,0.002625401419237285,0.004639580001106169,0.0022555352921020044,0.0,0.0022775058720017243,0.0020615473013259845,0.0016101667020796513,projcoords,-33.34677401201248,43.213102256953015,-31.72003606931449,43.760284200244286,-28.79919586556682,44.77185255999979,-24.07945111498858,45.55038972247635,-18.324731734526377,45.681658466975954,-15.36877968083783,45.07414887918131,-14.404928008705696,44.26740919577044,-13.865808263393266,43.52870541329141,-13.867514643889024,43.52266656653005,-13.816661295350412,43.572716290809986,-12.551966102766798,43.9919031526432,-8.578404947083962,44.12451789922821,-4.187142399600942,43.213102256953015,approx_rxn_crds,0.0,0.06273221519341608,0.15984488554159837,0.2874248563129783,0.43353491301957914,0.5157068577647584,0.5930627750235429,0.6425999215102826,0.6660503247540123,0.6832880001493077,0.734696189016989,0.8537615836152878,1.0
nimgs,13,RMSF,0.000353645918945959,AbsF,0.0024481608393630634,RMSF_o,0.00031202767883679335,AbsF_o,0.0023028829101642938,RMSF_CI,0.00017212366788310333,AbsF_CI,0.0008209089305517715,energies,-2062.2789515101354,-2062.2821372470507,-2062.2828383594924,-2062.2828539671027,-2062.2800563283504,-2062.2694163464007,-2062.266584107941,-2062.2501770457816,-2062.2070400476173,-2062.2632077811636,-2062.2799535766076,-2062.283668587969,-2062.2828096549856,gradnorms,0.0013499707868922922,0.0014565067217507009,0.005114966176081883,0.005051919154801013,0.0029755113288939344,0.005269205517831247,0.0023125835726911436,0.002564584891187713,0.002271333638943721,0.002260359015442622,0.001934750466988749,orth_gradnorms,0.001303920283850742,0.0013329714515584886,0.001385372119393817,0.0024492099913207017,0.00262001329060999,0.004649107706214334,0.0022511197017490024,0.0,0.0022683761013431417,0.002056827497511573,0.001607141526478027,projcoords,-33.34677401201248,43.213102256953015,-31.720686544101554,43.7598229453824,-28.797839732250207,44.772247459455556,-24.06996613241208,45.551211316488626,-18.314771255639755,45.68119459259286,-15.364407164931336,45.07291009013386,-14.401994351569218,44.26430583029332,-13.86505227926754,43.52763443203751,-13.86665190802125,43.521939223212016,-13.815951498752693,43.5719250821698,-12.555095048828768,43.99182168676658,-8.580734946944071,44.125047011388425,-4.187142399600942,43.213102256953015,approx_rxn_crds,0.0,0.06270147336347698,0.15986150741257465,0.2876170211058682,0.4337047420488544,0.515762123329786,0.593180342084999,0.642647403156477,0.6660567628695204,0.6832927145706648,0.7346520457817662,0.8537226002129369,1.0
nimgs,13,RMSF,0.00035418317039467964,AbsF,0.0024449580841283763,RMSF_o,0.00031267081770905403,AbsF_o,0.0023103284489985965,RMSF_CI,0.00016743924023571944,AbsF_CI,0.0008110991743201651,energies,-2062.2789515101354,-2062.2821400633647,-2062.2828419989905,-2062.2828558306333,-2062.280050516529,-2062.269404877917,-2062.266621829405,-2062.2501623365424,-2062.207048902651,-2062.2632038417014,-2062.2799567172065,-2062.283671772381,-2062.2828096549856,gradnorms,0.0013484749116964994,0.0014570957889002351,0.005120680235334975,0.005037897671819893,0.0029682194778323312,0.005277210384129433,0.0023039146988974722,0.002494788491214981,0.002260973178793745,0.0022531102455103777,0.0019291248530427041,orth_gradnorms,0.001302792015241124,0.0013323044940143755,0.0013854648208152323,0.00244869126886251,0.0026146473227466795,0.004658690259590175,0.002246812601733982,0.0,0.002257355276497488,0.002052142627063592,0.0016041301408055543,projcoords,-33.34677401201248,43.213102256953015,-31.721336350276736,43.75936247106367,-28.796479194325425,44.772644225192764,-24.060467478030052,45.55203277668689,-18.304839353006066,45.68073088719409,-15.360054655967842,45.07167553661102,-14.39905292463245,44.261189566233256,-13.864297161393177,43.52656708343714,-13.86579322882771,43.52120668450306,-13.815242311672838,43.5711374835555,-12.558207232223538,43.99173821360817,-8.58305354889627,44.12557381116022,-4.187142399600942,43.213102256953015,approx_rxn_crds,0.0,0.06267082489030742,0.15987831159716226,0.2878095137449743,0.43387388408447625,0.5158170856817939,0.5932982114422888,0.6426953031426225,0.6660593004803392,0.6832975249853203,0.7346083002397373,0.8536839335630968,1.0
nimgs,13,RMSF,0.0003547242520979926,AbsF,0.0024415910413108184,RMSF_o,0.00031331682558507806,AbsF_o,0.0023177485863869105,RMSF_CI,0.00016238893817993483,AbsF_CI,0.0007714649657978997,energies,-2062.2789515101354,-2062.282142875586,-2062.2828456351635,-2062.2828576802503,-2062.2800447155196,-2062.269393495618,-2062.266659640133,-2062.2501475320983,-2062.207057661458,-2062.2632001976754,-2062.279959850506,-2062.283674951108,-2062.2828096549856,gradnorms,0.0013469806483665978,0.0014576902009637918,0.005126313380661804,0.005023909424608854,0.0029609616107953082,0.0052852723199357104,0.0022949812421191257,0.002419540685335108,0.0022505299036019227,0.002245869593953713,0.0019235248731449875,orth_gradnorms,0.0013016647584765395,0.001331639633620268,0.0013855594863956887,0.002448152253999264,0.0026093036100552987,0.0046683155601593244,0.0022426320466602066,0.0,0.0022460125916575037,0.002047491999440436,0.0016011326131985947,projcoords,-33.34677401201248,43.213102256953015,-31.72198548170302,43.75890277609133,-28.795114258523363,44.77304285109115,-24.050955313842604,45.55285408668104,-18.294935985945198,45.6802673566493,-15.35572200345405,45.07044520660682,-14.39610337877416,44.25806012635714,-13.86354269421393,43.525503931180666,-13.864941192415957,43.520469006628886,-13.814533049625178,43.57035375404196,-12.561302536133521,43.991652816708005,-8.585360796320773,44.126098310894335,-4.187142399600942,43.213102256953015,approx_rxn_crds,0.0,0.06264024584416986,0.1598952365227351,0.28800221982073154,0.43404217468700984,0.5158715505214503,0.5934161624706845,0.6427433045180416,0.666058886754157,0.6833025545076411,0.734565056755136,0.8536456380882994,1.0
nimgs,13,RMSF,0.00035526588881254316,AbsF,0.00243803759744741,RMSF_o,0.0003139648060149796,AbsF_o,0.002325139699124466,RMSF_CI,0.00015800047393089737,AbsF_CI,0.0007046770569580525,energies,-2062.2789515101354,-2062.282145683735,-2062.282849268023,-2062.2828595159544,-2062.2800389254076,-2062.2693821993525,-2062.2666975392835,-2062.2501327492782,-2062.2070664648186,-2062.2631966794725,-2062.2799629775645,-2062.283678124182,-2062.2828096549856,gradnorms,0.0013454895946317222,0.0014582883091121012,0.005131872224653199,0.005009971460231163,0.0029537394249684852,0.00529334252522318,0.0022861227952804724,0.0023541540406800438,0.0022414616978362655,0.002238677798052413,0.0019179530532813316,orth_gradnorms,0.001300538498019494,0.0013309768645192789,0.001385655783796504,0.0024475930001118503,0.0026039824338531118,0.004677970251119312,0.0022386021520649168,0.0,0.0022358173892271247,0.002042874744848488,0.0015981490809891716,projcoords,-33.34677401201248,43.213102256953015,-31.722633932175942,43.75844385931407,-28.79374493171517,44.77344333100449,-24.041429801755,45.55367523010552,-18.285061112029425,45.679804006565085,-15.351409057578739,45.069219090590124,-14.393145373884558,44.25491724306525,-13.862788685207693,43.524445549642586,-13.864098078354475,43.51972671027098,-13.813823058073034,43.56957404513055,-12.564380848768504,43.99156557968208,-8.587656731636617,44.12662052281248,-4.187142399600942,43.213102256953015,approx_rxn_crds,0.0,0.06260971320310466,0.15991222278172287,0.2881950285897193,0.43420945516155574,0.5159253304957135,0.5935339821581035,0.6427910995359387,0.6660566197451908,0.6833079169165155,0.7345224159778784,0.8536077662882969,1.0
nimgs,13,RMSF,0.0003558048408625762,AbsF,0.002434276389245854,RMSF_o,0.00031461377548153255,AbsF_o,0.0023324969954397305,RMSF_CI,0.00015519827411968393,AbsF_CI,0.0006521374040916932,energies,-2062.2789515101354,-2062.282148487835,-2062.2828528975792,-2062.2828613377465,-2062.2800331462654,-2062.2693709889863,-2062.2667355258386,-2062.250118100004,-2062.2070754331426,-2062.263193120771,-2062.2799660993605,-2062.2836812916375,-2062.2828096549856,gradnorms,0.0013440031100697416,0.0014588886346482877,0.005137362646655124,0.004996098303896072,0.002946554500402453,0.005301372729910243,0.0022776558190808903,0.0023124022038390596,0.002234813631026021,0.002231573544091401,0.0019124114399519635,orth_gradnorms,0.0012994132212824333,0.0013303161774443721,0.001385753494481106,0.0024470135913463305,0.00259868424720499,0.00468763967839351,0.0022347557801931568,0.0,0.0022278554995479537,0.0020382897366122664,0.0015951796370295983,projcoords,-33.34677401201248,43.213102256953015,-31.7232816961979,43.75798571934105,-28.79237122145392,44.773845658553775,-24.03189110223699,45.5544961906301,-18.275214683837497,45.6793408415662,-15.347115668909307,45.06799718109207,-14.39017858244936,44.25176066395654,-13.862034978678793,43.52339250323612,-13.863265744995964,43.51898074686355,-13.813111748879074,43.5687983971722,-12.567442074855204,43.99147658209421,-8.589941397137206,44.12714045902745,-4.187142399600942,43.213102256953015,approx_rxn_crds,0.0,0.0625792061592309,0.15992921653317305,0.28838783918609506,0.4343755819409377,0.5159782562405398,0.5936514776639819,0.642838406982027,0.6660536834581438,0.6833137102025421,0.7344804688532506,0.8535703655798655,1.0
nimgs,13,RMSF,0.0003563379811039148,AbsF,0.0024302873468783647,RMSF_o,0.0003152626609769976,AbsF_o,0.002339814338785215,RMSF_CI,0.00015454340513533315,AbsF_CI,0.0006553468179313052,energies,-2062.2789515101354,-2062.282151287903,-2062.2828565238437,-2062.282863145627,-2062.2800273781504,-2062.269359864394,-2062.266773598594,-2062.250103685491,-2062.2070846416345,-2062.26318936796,-2062.2799692167473,-2062.2836844535054,-2062.2828096549856,gradnorms,0.0013425220349712406,0.0014594901522964096,0.005142788599256646,0.004982299077622948,0.002939407966223213,0.005309316340598053,0.00226985229511394,0.0023026448757294,0.0022310141094295656,0.002224590620974557,0.0019069009906164788,orth_gradnorms,0.0012982889191459602,0.0013296575583447144,0.0013858525519011334,0.0024464141510948554,0.002593409595752426,0.004697307854526676,0.002231132327809247,0.0,0.0022226282898255025,0.002033735580242849,0.001592224249976772,projcoords,-33.34677401201248,43.213102256953015,-31.723928769578485,43.75752835432312,-28.790993136397397,44.77424982696744,-24.022339373273415,45.55531695197125,-18.265396646539685,45.67887786475999,-15.342841688140359,45.066779472345,-14.387202692648344,44.24859015661274,-13.861281467386139,43.52234532688825,-13.862445540477934,43.51823243637621,-13.812398633870139,43.56802674309625,-12.570486145509006,43.99138589576588,-8.592214835609694,44.12765813156016,-4.187142399600942,43.213102256953015,approx_rxn_crds,0.0,0.06254870717525497,0.15994617226423516,0.2885805656843441,0.43454043421271643,0.5160301853445957,0.5937684865133918,0.6428849866608802,0.6660512803754585,0.6833200115750423,0.7344392917440746,0.8535334757305334,1.0
nimgs,13,RMSF,0.0003568623778092263,AbsF,0.002426052224140944,RMSF_o,0.0003159102977415429,AbsF_o,0.0023470840531309594,RMSF_CI,0.00015605732226804377,AbsF_CI,0.0006582707911492914,energies,-2062.2789515101354,-2062.282154083957,-2062.282860146826,-2062.282864939595,-2062.280021621099,-2062.2693488254563,-2062.266811756161,-2062.2500895911026,-2062.2070941063316,-2062.263185288005,-2062.2799723304124,-2062.283687609816,-2062.2828096549856,gradnorms,0.0013410465380437485,0.001460092472923543,0.005148151382914306,0.004968575906224775,0.002932300274376258,0.005317129675533163,0.0022629242132099813,0.0023252017329751843,0.002229810196259199,0.0022177559600204525,0.0019014212848118685,orth_gradnorms,0.0012971655858036771,0.001329000988016584,0.001385953048294309,0.0024457948439802328,0.0025881590079239285,0.0047069574249881795,0.0022277709550933803,0.0,0.0022199826474841294,0.002029210701096159,0.0015892827559876106,projcoords,-33.34677401201248,43.213102256953015,-31.724575149738243,43.757071761844564,-28.789610686526558,44.77465582900094,-24.012774769818062,45.55613749790267,-18.255606936808437,45.67841507749595,-15.338586965925874,45.06556596001332,-14.384217410892038,44.24540551247355,-13.860528101038458,43.52130450896945,-13.86163824394636,43.51748338201827,-13.811683353581067,43.56725891882118,-12.573513025797155,43.99129358178846,-8.594477090584851,44.12817355234816,-4.187142399600942,43.213102256953015,approx_rxn_crds,0.0,0.06251820274307962,0.15996305477705286,0.28877314075543337,0.43470391940034214,0.5160810087899533,0.5938848839183767,0.6429306503194345,0.6660505638194401,0.6833268741932006,0.7343989429142869,0.8534971270175552,1.0
nimgs,13,RMSF,0.0003573753827080372,AbsF,0.0024215550838302935,RMSF_o,0.0003165554274852964,AbsF_o,0.00235429672962744,RMSF_CI,0.00015923237787795788,AbsF_CI,0.0006607205349704538,energies,-2062.2789515101354,-2062.282156876009,-2062.282863766537,-2062.2828667196513,-2062.280015875129,-2062.269337872058,-2062.2668499969564,-2062.2500758821056,-2062.207103783532,-2062.2631807743674,-2062.2799754408475,-2062.2836907605983,-2062.2828096549856,gradnorms,0.0013395761135715674,0.0014606958761754617,0.005153449521937039,0.004954923905271214,0.002925231146477101,0.005324773276374212,0.0022570150430068804,0.002372508996096004,0.002230356986247697,0.0022110886609006818,0.0018959706026499313,orth_gradnorms,0.0012960432179794554,0.0013283464428212703,0.001386055208873199,0.002445155871162716,0.002582932899003034,0.004716569641681179,0.002224700726484887,0.0,0.0022191880914110905,0.002024713501514143,0.001586354913567691,projcoords,-33.34677401201248,43.213102256953015,-31.72522083566472,43.75661593894331,-28.78822388311891,44.77506365695042,-24.003197443845462,45.55695781226302,-18.2458454832422,45.67795247946467,-15.334351352806914,45.06435664103892,-14.381222463716798,44.24220654967696,-13.859774891128747,43.52027047748943,-13.860844039659026,43.51673536862437,-13.810965699245484,43.56649467940669,-12.576522719618865,43.99119968840122,-8.596728206164665,44.12868673324492,-4.187142399600942,43.213102256953015,approx_rxn_crds,0.0,0.06248768383471957,0.15997984036940815,0.2889655178488622,0.4348659763996895,0.5161306547628309,0.5940005871045904,0.6429752687190967,0.6660525745187277,0.6833343256783322,0.7343594604392071,0.853461339144723,1.0
nimgs,13,RMSF,0.00035787471964983836,AbsF,0.0024167827181968094,RMSF_o,0.00031719669836471995,AbsF_o,0.002361441077216468,RMSF_CI,0.00016322080341503196,AbsF_CI,0.0007450262141187477,energies,-2062.2789515101354,-2062.282159664073,-2062.282867382987,-2062.282868485794,-2062.280010140244,-2062.2693270040895,-2062.266888319192,-2062.250062600536,-2062.20711358201,-2062.2631757508416,-2062.279978548341,-2062.2836939058825,-2062.2828096549856,gradnorms,0.0013381097241163416,0.0014613012038961622,0.0051586792366658295,0.004941332658178842,0.002918199699590187,0.005332213229242431,0.002252198098796924,0.002431935198185504,0.0022314347358927695,0.0022045999062862264,0.0018905463059201999,orth_gradnorms,0.0012949218136791675,0.001327693896346802,0.0013861593390525617,0.0024444974596164386,0.002577731521617506,0.004726124362590596,0.0022219298705235227,0.0,0.0022191381879445187,0.0020202425189812805,0.0015834404799223477,projcoords,-33.34677401201248,43.213102256953015,-31.72586582754579,43.75616088224947,-28.786832738493622,44.775473302753454,-23.993607544962984,45.55777787896038,-18.23611220815406,45.6774900691044,-15.330134699225338,45.06315151359902,-14.378217598957912,44.238993114741696,-13.859021912037397,43.51924358983649,-13.860062524646505,43.5159902520561,-13.810245626635858,43.56573371959765,-12.579515271849939,43.991104249790936,-8.598968226482608,44.12919768601316,-4.187142399600942,43.213102256953015,approx_rxn_crds,0.0,0.06245714606764535,0.15999651726452863,0.28915767199696407,0.4350265767226243,0.5161790900149321,0.5941155568503879,0.6430187749497318,0.6660581853422024,0.6833423682697817,0.734320861449989,0.8534261208647366,1.0
nimgs,13,RMSF,0.0003583585632558703,AbsF,0.002411724914803623,RMSF_o,0.00031783266633696736,AbsF_o,0.002368503858727124,RMSF_CI,0.00016708819539636957,AbsF_CI,0.0008251827909882396,energies,-2062.2789515101354,-2062.2821624481594,-2062.282870996185,-2062.282870238022,-2062.2800044164387,-2062.26931622145,-2062.266926720861,-2062.2500497633127,-2062.207123384591,-2062.263170173416,-2062.279981652974,-2062.2836970456983,-2062.2828096549856,gradnorms,0.001336646045900479,0.0014623259569248347,0.005162868223455546,0.004927788765656833,0.0029112047066364197,0.0053394223366068526,0.0022484804509290864,0.0024895580409102763,0.002231736281171087,0.0021982935200614622,0.0018851454103757151,orth_gradnorms,0.0012938013707372925,0.0013270369057910808,0.0013862712977862296,0.0024438198471331695,0.0025725549676863667,0.004735600071962607,0.0022194365142743835,0.0,0.0022186228081108373,0.0020157965221250067,0.001580539262522192,projcoords,-33.34677401201248,43.213102256953015,-31.72651012617381,43.755706588206685,-28.785437265590836,44.77588475815215,-23.98400522142819,45.55859768197306,-18.22640703029296,45.67702784421935,-15.325936855597453,45.06195057715021,-14.375202586127525,44.2357650829823,-13.858269298629303,43.518224126070244,-13.859292748474248,43.51524984715274,-13.809523261166019,43.564975697053555,-12.582490767969299,43.99100728577238,-8.601197194935635,44.12970642231671,-4.187142399600942,43.213102256953015,approx_rxn_crds,0.0,0.06242658962709768,0.16001308540315304,0.2893495994483319,0.4351857238680435,0.516226319147487,0.5942297966644648,0.6430611643592795,0.6660680574099197,0.6833509803445829,0.7342831425138446,0.8533914701979478,1.0
nimgs,13,RMSF,0.00035882559598395485,AbsF,0.002406374563522104,RMSF_o,0.00031846179885273307,AbsF_o,0.0023754699259922315,RMSF_CI,0.0001700213135226002,AbsF_CI,0.0008848007485062265,energies,-2062.2789515101354,-2062.2821652282805,-2062.282874606167,-2062.282871976417,-2062.2799987037074,-2062.2693055240516,-2062.266965199727,-2062.2500373617013,-2062.207133073895,-2062.263164030426,-2062.279984754629,-2062.2837001800763,-2062.2828096549856,gradnorms,0.001335183707546856,0.001463977147013759,0.005165547964900078,0.004914278548801839,0.0029042449126140267,0.0053463809675311546,0.0022458103343845977,0.0025332605167122015,0.002230156199241399,0.002192166903020263,0.0018797651956794644,orth_gradnorms,0.0012926818854631149,0.0013263721768080117,0.0013863760271582261,0.002443123265878191,0.002567403201917448,0.004744973935326846,0.0022171630451673623,0.0,0.0022166056280966857,0.002011374523521883,0.0015776511249175342,projcoords,-33.34677401201248,43.213102256953015,-31.727153732257708,43.755253053325575,-28.78403731434012,44.776298044557024,-23.97439082455924,45.55941723683518,-18.216729867892816,45.67656580267351,-15.321757672413348,45.060753832515076,-14.372177215950714,44.232522357585424,-13.857517240680707,43.51721228578538,-13.858533281541927,43.51451582160805,-13.808798894316121,43.5642202565185,-12.585449331562327,43.99090880224005,-8.60341515337603,44.13021295371394,-4.187142399600942,43.213102256953015,approx_rxn_crds,0.0,0.06239601895777185,0.16002955989927323,0.28954131173235614,0.4353434516584371,0.5162723825660807,0.594343350367293,0.6431024918458698,0.6660826100055468,0.6833601191464075,0.7342462810683507,0.8533573752034046,1.0
nimgs,13,RMSF,0.0003592750314710495,AbsF,0.0024007275915476542,RMSF_o,0.00031908248048959044,AbsF_o,0.0023823223318692583,RMSF_CI,0.00017145128900629178,AbsF_CI,0.0009211969231161057,energies,-2062.2789515101354,-2062.2821680044485,-2062.282878213004,-2062.2828737011714,-2062.279993002048,-2062.26929491182,-2062.2670037532907,-2062.2500253621192,-2062.2071425565537,-2062.263157341328,-2062.279987853012,-2062.283703309048,-2062.2828096549856,gradnorms,0.0013337215427610884,0.0014656537496303662,0.005168109608494846,0.004900790740138174,0.002897319323705283,0.005353077405469889,0.002244086095736729,0.002554566671556257,0.002226021413850719,0.0021862121055858845,0.0018744037306021987,orth_gradnorms,0.0012915633516341026,0.0013257083417597547,0.0013864255976371164,0.002442407927442623,0.0025622760990797887,0.004754221883431247,0.002215015816152306,0.0,0.002212447815229253,0.0020069757376839407,0.0015747759589064998,projcoords,-33.34677401201248,43.213102256953015,-31.727796645765082,43.754800274424014,-28.782632509880465,44.77671322406046,-23.964764985171577,45.56023660164625,-18.207080641474228,45.67610394302929,-15.31759700032752,45.0595612819637,-14.369141299054498,44.22926486734215,-13.85676597450572,43.51620818863062,-13.857782306644195,43.51378960238519,-13.808072971735697,43.56346705349383,-12.588391120179296,43.99080879224427,-8.605622141451812,44.13071729165268,-4.187142399600942,43.213102256953015,approx_rxn_crds,0.0,0.06236544233899274,0.16004597153123512,0.289732831937,0.4354998213330365,0.5163173530391565,0.5944562981519275,0.6431428667043838,0.6661020050779923,0.6833697240535155,0.7342102373956517,0.8533238150201647,1.0
nimgs,13,RMSF,0.0003597065983062543,AbsF,0.002394782688102324,RMSF_o,0.00031969302207190503,AbsF_o,0.0023890424750533327,RMSF_CI,0.00017110605290850578,AbsF_CI,0.0009329373413848254,energies,-2062.2789515101354,-2062.282170776677,-2062.2828818167613,-2062.2828754124466,-2062.2799873114695,-2062.2692843846944,-2062.267042378774,-2062.250013708239,-2062.2071517810173,-2062.263150154411,-2062.279990947676,-2062.283706432649,-2062.2828096549856,gradnorms,0.001332258871722046,0.0014673553713905989,0.005170545085165489,0.004887319034471434,0.002890427398299915,0.0053595076064917235,0.00224316533679238,0.0025494227695515904,0.0022192224704403714,0.0021804168579085056,0.001869060232069103,orth_gradnorms,0.001290445760033977,0.0013250448696528869,0.0013863925546198498,0.0024416740124919767,0.0025571734682843044,0.004763318748125702,0.0022128711187547937,0.0,0.0022060370165109277,0.002002599537264439,0.0015719136546001706,projcoords,-33.34677401201248,43.213102256953015,-31.72843886541501,43.75434824881006,-28.781222512690697,44.77713035218156,-23.95512828984946,45.56105582513031,-18.197459275882476,45.675642265012875,-15.31345469021241,45.05837292925001,-14.366094663860329,44.2259925631206,-13.85601577222586,43.515211878487605,-13.857037727477913,43.51307229979875,-13.807346073523604,43.56271577633298,-12.59131632002845,43.99070723753914,-8.60781819624644,44.13121944746508,-4.187142399600942,43.213102256953015,approx_rxn_crds,0.0,0.06233487143231292,0.160062358789011,0.2899241996379812,0.43565491725624567,0.5163613308281376,0.5945687512036677,0.6431824452474454,0.6661261461514931,0.6833797198571716,0.7341749567280099,0.8532907609559026,1.0
nimgs,13,RMSF,0.00036012047875506745,AbsF,0.0023885408143603775,RMSF_o,0.00032029167126025897,AbsF_o,0.002395610255296055,RMSF_CI,0.00016901784718899144,AbsF_CI,0.0009198548927877239,energies,-2062.2789515101354,-2062.2821735449843,-2062.2828854174986,-2062.28287711037,-2062.279981631994,-2062.269273942631,-2062.2670810730806,-2062.2500023242656,-2062.207160745761,-2062.2631425437044,-2062.2799940380537,-2062.283709550916,-2062.2828096549856,gradnorms,0.0013307955891183085,0.0014690812906182026,0.0051728523701214234,0.004873862992696143,0.0028835691307962158,0.005365674286291419,0.002242873664139618,0.002518309205078892,0.002210226952986322,0.0021747654501348187,0.0018637352063119203,orth_gradnorms,0.0012893290986818043,0.001324381452290996,0.0013862635812797286,0.00244092166799925,0.002552095065461392,0.004772238420140923,0.0022105871958194496,0.0,0.002197802445147805,0.001998245447520319,0.0015690640951315693,projcoords,-33.34677401201248,43.213102256953015,-31.72908038844939,43.753896974361766,-28.779807015917797,44.777549478518736,-23.945481285098886,45.561874945949974,-18.187865701124473,45.67518076970648,-15.309330593157952,45.057188779579675,-14.36303715379016,44.22270541326138,-13.855266929263351,43.51422333107548,-13.856297287407049,43.51236465249633,-13.806618887480603,43.561966165788924,-12.594225139925678,43.99060411046734,-8.610003352304869,44.131719432361145,-4.187142399600942,43.213102256953015,approx_rxn_crds,0.0,0.06230432068495067,0.16007876643644825,0.2901154680297144,0.4358088427310929,0.516404438723207,0.5946808460671636,0.6432214224020313,0.6661546915710862,0.6833900205869357,0.7341403719510151,0.8532581778838181,1.0
nimgs,13,RMSF,0.0003605172067829132,AbsF,0.0023820045323813487,RMSF_o,0.0003208766244504639,AbsF_o,0.002402004241315994,RMSF_CI,0.00016550264207513873,AbsF_CI,0.0008830204453648365,energies,-2062.2789515101354,-2062.282176309387,-2062.2828890152705,-2062.2828787950357,-2062.2799759636537,-2062.2692635855938,-2062.2671198327653,-2062.2499911191835,-2062.2071694968963,-2062.2631346051994,-2062.2799971234845,-2062.283712663887,-2062.2828096549856,gradnorms,0.0013293321309581004,0.001470830431762412,0.005175034956960965,0.004860427725582701,0.002876745023532702,0.005371585400774612,0.0022430130278954566,0.0024659338284948014,0.002199977012279266,0.0021692394158542736,0.0018584303627999913,orth_gradnorms,0.0012882133536621387,0.0013237179853760129,0.0013860377042771471,0.002440151012375669,0.002547040610286452,0.004780954026379749,0.0022080207508264494,0.0,0.0021886174192943986,0.001993913181500494,0.0015662271800606616,projcoords,-33.34677401201248,43.213102256953015,-31.729721210704472,43.75344644949647,-28.778385742695324,44.77797064732541,-23.935824481357756,45.56269399258011,-18.17829985194242,45.674719459451566,-15.305224560410968,45.05600883950329,-14.359968623959048,44.219403398177676,-13.854519750771559,43.513242464497914,-13.855558691873664,43.51166699479915,-13.805892176642697,43.56121803094008,-12.59711780483341,43.990499376079725,-8.61217764205535,44.13221725742152,-4.187142399600942,43.213102256953015,approx_rxn_crds,0.0,0.06227380666486073,0.16009524390680516,0.29030670082797677,0.43596171545803536,0.5164468166234353,0.5947927384890611,0.6432600221976105,0.6661870801956209,0.6834005334805079,0.7341064065705404,0.8532260257687124,1.0
nimgs,13,RMSF,0.000360897533876139,AbsF,0.0023751772030728446,RMSF_o,0.0003214460403945599,AbsF_o,0.0024082018732988694,RMSF_CI,0.00016111527026910764,AbsF_CI,0.0008246709425274144,energies,-2062.2789515101354,-2062.2821790699063,-2062.2828926101274,-2062.282880466501,-2062.2799703064907,-2062.2692533135546,-2062.2671586539946,-2062.249979991757,-2062.2071781163277,-2062.263126452449,-2062.280000203254,-2062.283715771602,-2062.2828096549856,gradnorms,0.0013278693391460005,0.001472601440458794,0.005177100405274193,0.004847022481460366,0.002869955993764636,0.005377252146835697,0.002243369938027507,0.0024005634608739355,0.0021896912644321833,0.002163818029519921,0.0018531483132352906,orth_gradnorms,0.0012870985103275896,0.0013230545202670837,0.0013857228470472833,0.0024393621469056895,0.0025420098186629265,0.004789438132865452,0.0022050452975720786,0.0,0.0021796092332442138,0.0019896026843490146,0.0015634028582928537,projcoords,-33.34677401201248,43.213102256953015,-31.730361326943566,43.75299667304495,-28.776958443520428,44.778393897989524,-23.926158356551554,45.563512983786666,-18.168761666313422,45.67425833750495,-15.301136443260628,45.05483311674379,-14.35688893757866,44.216086504520106,-13.85377453776965,43.51226915212113,-13.854819728174402,43.510979246566194,-13.805166742904259,43.560471260430106,-12.59999454922428,43.99039299442036,-8.614341096562113,44.1327129335923,-4.187142399600942,43.213102256953015,approx_rxn_crds,0.0,0.06224334733202604,0.16011184354018468,0.2904979689461888,0.43611366264576473,0.5164886156769162,0.594904596749574,0.643298487317691,0.6662225674556331,0.6834111630676868,0.7340729779238564,0.8531942613175342,1.0
nimgs,13,RMSF,0.0003612622763535163,AbsF,0.0023680621334534633,RMSF_o,0.00032199805515423094,AbsF_o,0.002414179724046012,RMSF_CI,0.0001565736174918444,AbsF_CI,0.0007480940818794385,energies,-2062.2789515101354,-2062.2821818265616,-2062.282896202115,-2062.2828821248004,-2062.279964660548,-2062.269243126483,-2062.2671975325093,-2062.249968835983,-2062.207186703349,-2062.263118211516,-2062.2800032766254,-2062.2837188741005,-2062.2828096549856,gradnorms,0.001326408251691495,0.0014743928339272093,0.005179058626509209,0.004833658494636162,0.0028632032379252606,0.005382686687350436,0.002243723900694124,0.0023328943585544317,0.002180608103832955,0.0021584786886044037,0.0018478921124826348,orth_gradnorms,0.0012859845545793384,0.001322391214382243,0.0013853325994169527,0.002438555170404629,0.002537002451082976,0.004797662967542612,0.002201568130139036,0.0,0.002171913007844362,0.001985314146152776,0.001560591143352147,projcoords,-33.34677401201248,43.213102256953015,-31.73100073136466,43.752547644062524,-28.775524893762654,44.77881926541006,-23.916483358949666,45.56433192968702,-18.159251083266376,45.6737974075363,-15.297066092884148,45.0536616199743,-14.353797962329761,44.212754719318006,-13.853031573712924,43.51130323714999,-13.854078376859999,43.51030092488768,-13.80444338878415,43.5597258283408,-12.602855610421724,43.99028492293364,-8.61649374648141,44.13320647168483,-4.187142399600942,43.213102256953015,approx_rxn_crds,0.0,0.062212961246967936,0.16012861865894285,0.2906893469173369,0.4362648157353439,0.5165299919495466,0.5950165944424382,0.643337067854867,0.6662602693691,0.683421815352219,0.7340400006405164,0.8531628397640715,1.0
nimgs,13,RMSF,0.0003616121587991148,AbsF,0.002360661758393954,RMSF_o,0.00032253079764886267,AbsF_o,0.002419913822205757,RMSF_CI,0.0001526415850559561,AbsF_CI,0.0006574683041251394,energies,-2062.2789515101354,-2062.2821845793746,-2062.2828997912766,-2062.2828837699462,-2062.2799590258674,-2062.2692330243444,-2062.2672364635882,-2062.2499575467227,-2062.2071953536515,-2062.2631100152735,-2062.280006342874,-2062.2837219714206,-2062.2828096549856,gradnorms,0.0013249498685600771,0.0014762032223798434,0.005180920292741481,0.004820346555543629,0.0028564880917668215,0.005387899818378315,0.0022438562664647958,0.0022743083947485265,0.002173721517506841,0.0021531973084397277,0.0018426647188942772,orth_gradnorms,0.0012848714739416643,0.0013217282950698358,0.0013848841357980647,0.0024377301934374093,0.002532018362683526,0.004805600651937963,0.002197542797861404,0.0,0.0021664197044140867,0.001981047963452045,0.001557792095929597,projcoords,-33.34677401201248,43.213102256953015,-31.731639418166075,43.75209936162049,-28.774084891332627,44.7792467802889,-23.906799909328228,45.56515083326576,-18.149768040517245,45.67333667308182,-15.293013360172377,45.05249435856615,-14.350695566970868,44.209408024521736,-13.852291112157866,43.510344548233505,-13.853332909789167,43.50963117622081,-13.803722879368404,43.55898179467291,-12.605701222018249,43.99017511896084,-8.618635623058157,44.13369788238204,-4.187142399600942,43.213102256953015,approx_rxn_crds,0.0,0.062182666722346513,0.16014562148731756,0.2908809090513667,0.43641530472394996,0.5165710996237736,0.5951289027002179,0.6433760094651503,0.6662992119632374,0.6834324020479947,0.7340073903449449,0.8531317167897279,1.0
nimgs,13,RMSF,0.0003619476690760752,AbsF,0.0023529769427370183,RMSF_o,0.0003230424050604065,AbsF_o,0.002425380011209338,RMSF_CI,0.0001499717133960005,AbsF_CI,0.0006477949265985024,energies,-2062.2789515101354,-2062.2821873283647,-2062.282903377651,-2062.2828854019363,-2062.2799534024816,-2062.2692230070897,-2062.267275442011,-2062.2499460251775,-2062.2072041400143,-2062.263101997112,-2062.2800094013214,-2062.283725063598,-2062.2828096549856,gradnorms,0.0013234949365142545,0.0014780315284228837,0.005182695559150136,0.004807094797679835,0.002849811904741969,0.005392898808916417,0.0022435593970234254,0.0022345282029553643,0.0021695669330747507,0.0021479488769944586,0.0018374684826790682,orth_gradnorms,0.001283759258226799,0.0013210660362021139,0.001384397057039885,0.0024368873488782505,0.002527057536752062,0.004813223430687693,0.002192974714180222,0.0,0.0021635740937782973,0.0019768046625126116,0.0015550057795975219,projcoords,-33.34677401201248,43.213102256953015,-31.73227738204948,43.75165182462201,-28.772638254470873,44.779676469384626,-23.89710840272078,45.56596969212186,-18.14031247242974,45.67287613707122,-15.288978095554661,45.051331342325454,-14.347581618433654,44.20604639234446,-13.851553366122602,43.50939291530139,-13.852581970833537,43.508968826879034,-13.803005906370922,43.558239300961915,-12.608531607466457,43.99006354228606,-8.620766758993732,44.13418717624993,-4.187142399600942,43.213102256953015,approx_rxn_crds,0.0,0.062152480936897264,0.16016290095597185,0.2910727253831346,0.4365652521710626,0.5166120838425431,0.5952416819929194,0.6434155412560154,0.6663383835457105,0.683442844769984,0.7339750675371607,0.8531008505511897,1.0
nimgs,13,RMSF,0.00036226893827142893,AbsF,0.0023450064730986845,RMSF_o,0.00032353103764469764,AbsF_o,0.00243055429875501,RMSF_CI,0.00014893943222924868,AbsF_CI,0.0006451431952990598,energies,-2062.2789515101354,-2062.2821900735503,-2062.2829069612735,-2062.2828870207613,-2062.2799477904127,-2062.269213074654,-2062.2673144620303,-2062.249934183941,-2062.2072130984484,-2062.2630942842125,-2062.2800124513697,-2062.2837281506677,-2062.2828096549856,gradnorms,0.001322043798210672,0.0014798771550565853,0.005184393035985106,0.004793907128326711,0.002843175951279314,0.005397685612117517,0.00224264583363853,0.002219147559977739,0.0021681073515023605,0.0021427083005697784,0.0018323047654477242,orth_gradnorms,0.0012826478996957398,0.001320404735726777,0.0013838922517273103,0.0024360267968364597,0.002522120090861384,0.0048205038922211185,0.002187918825067707,0.0,0.002163270547039632,0.0019725848189819433,0.0015522322130899692,projcoords,-33.34677401201248,43.213102256953015,-31.732914618557228,43.751205031679895,-28.771184819591554,44.78010835578259,-23.887409210150057,45.56678850017938,-18.130884308714005,45.67241580152434,-15.284960148837873,45.05017258123375,-14.344455979614628,44.20266978173855,-13.85081849969694,43.50844818466583,-13.851824636226404,43.508312449129384,-13.802293056219243,43.557498561731336,-12.611346973978002,43.98995015766801,-8.622887189043352,44.13467436375061,-4.187142399600942,43.213102256953015,approx_rxn_crds,0.0,0.06212241904976811,0.1601805004821298,0.29126485756172343,0.43671476711290896,0.5166530734792607,0.5953550738191004,0.6434558639286275,0.6663767873522347,0.6834530790115614,0.7339429615037998,0.8530702037386706,1.0
nimgs,13,RMSF,0.000362575655646791,AbsF,0.002336746786250295,RMSF_o,0.00032399489276332326,AbsF_o,0.0024354131563845013,RMSF_CI,0.0001495343464248395,AbsF_CI,0.0006427521224886861,energies,-2062.2789515101354,-2062.282192814948,-2062.2829105421793,-2062.2828886264115,-2062.2799421896725,-2062.2692032269524,-2062.267353517351,-2062.2499219513415,-2062.207222222365,-2062.2630869907043,-2062.2800154925308,-2062.283731232659,-2062.2828096549856,gradnorms,0.0013205963303134305,0.001481740050372279,0.005186018945147968,0.004780782597341499,0.0028365813975544515,0.005402255598083961,0.0022409570584285498,0.002228011581854158,0.0021687469980828647,0.002137451586197092,0.0018271737713024658,orth_gradnorms,0.001281537392730827,0.0013197446833363106,0.0013833900121027697,0.002435148723520267,0.0025172062589598103,0.004827415177830808,0.002182469858268518,0.0,0.002164871661863513,0.0019683890053505963,0.0015494713429536594,projcoords,-33.34677401201248,43.213102256953015,-31.733551124180504,43.750758981079166,-28.769724439141793,44.780542459220946,-23.87770268064456,45.56760724913009,-18.121483474105016,45.67195566747506,-15.280959369067006,45.049018085202995,-14.34131850801183,44.199278136247756,-13.850086622374405,43.50751023235873,-13.851060452421049,43.50766043967008,-13.801584784000104,43.55675985235762,-12.614147506941151,43.98983493726028,-8.624996950255577,44.13515945525288,-4.187142399600942,43.213102256953015,approx_rxn_crds,0.0,0.0620924933714746,0.1601984558662398,0.2914573549278497,0.4368639392556909,0.5166941742798631,0.5954691928005087,0.6434971388706909,0.6664134922202659,0.6834630576732028,0.7339110140244868,0.8530397455398148,1.0
nimgs,13,RMSF,0.0003628670237631493,AbsF,0.002328191952032627,RMSF_o,0.0003244322179873802,AbsF_o,0.0024399337527809084,RMSF_CI,0.00015136810368791297,AbsF_CI,0.0006407216994557427,energies,-2062.2789515101354,-2062.2821955525733,-2062.282914120398,-2062.2828902188817,-2062.2799366002605,-2062.2691934638774,-2062.2673926011093,-2062.2499092748503,-2062.2072314656916,-2062.2630802111294,-2062.2800185244478,-2062.283734309602,-2062.2828096549856,gradnorms,0.0013191519815105445,0.0014836206528255351,0.005187576545469303,0.004767715786856654,0.002830029338638764,0.005406596885242062,0.0022383714233514076,0.002255333949712237,0.0021704668986417615,0.0021321573045415413,0.0018220746194071676,orth_gradnorms,0.0012804277331233235,0.0013190861188893972,0.0013829074262253164,0.0024342533349402495,0.002512316364070877,0.004833931176914172,0.0021767471568987454,0.0,0.0021673430919462093,0.001964217773877783,0.0015467230489790305,projcoords,-33.34677401201248,43.213102256953015,-31.734186896223743,43.75031367082881,-28.768256979501757,44.78097879647844,-23.86798914361671,45.56842592948169,-18.112109889049208,45.671495735130705,-15.276975604406072,45.04786786384786,-14.33816905528301,44.1958713833635,-13.849357786424946,43.50657897480291,-13.850289450068665,43.50701110693419,-13.800881394784554,43.55602349380356,-12.616933365149734,43.98971786278692,-8.627096081837744,44.135642461037634,-4.187142399600942,43.213102256953015,approx_rxn_crds,0.0,0.062062712659135245,0.16021679347990306,0.29165025109202913,0.4370128339185437,0.5167354629346386,0.595584119821968,0.6435394790025485,0.6664476790726029,0.6834727538579699,0.7338791825774482,0.8530094533499499,1.0
nimgs,13,RMSF,0.0003631417540955419,AbsF,0.0023193339012388126,RMSF_o,0.00032484132301383647,AbsF_o,0.00244409413093837,RMSF_CI,0.0001537990275137529,AbsF_CI,0.0006567152116602503,energies,-2062.2789515101354,-2062.2821982864416,-2062.2829176959604,-2062.282891798175,-2062.27993102217,-2062.269183785296,-2062.267431705873,-2062.2498961234046,-2062.2072407540163,-2062.2630740147247,-2062.280021546922,-2062.2837373815223,-2062.2828096549856,gradnorms,0.0013177098977323423,0.0014855197315721102,0.005189065996567313,0.0047546981235287045,0.0028235208986447527,0.005410690275002287,0.002234810790660836,0.0022915538989618156,0.002172046150564755,0.0021268081804880264,0.0018170056176141682,orth_gradnorms,0.0012793189171370865,0.0013184291941372329,0.001382455873815033,0.0024333408471419425,0.002507450798673756,0.004840026704523259,0.0021708770898200918,0.0,0.002169469028992382,0.0019600716565460236,0.001543987175078923,projcoords,-33.34677401201248,43.213102256953015,-31.734821932462683,43.74986909878863,-28.766782319013338,44.78141738179644,-23.858268911440067,45.56924453120875,-18.102763471220236,45.67103600422648,-15.273008702030307,45.046721926269726,-14.33500746772678,44.192449435396185,-13.848631987415299,43.50565437619394,-13.849512133492617,43.506362763321626,-13.800183033236285,43.55528983479359,-12.61970467719408,43.989598927315704,-8.629184624703173,44.136123391298256,-4.187142399600942,43.213102256953015,approx_rxn_crds,0.0,0.06203308160430346,0.16023552892610637,0.29184356134269673,0.4371614882228089,0.5167769826604434,0.5956998968870882,0.6435829421744471,0.6664786811442767,0.6834821626344877,0.733847442733246,0.8529793140601392,1.0
nimgs,13,RMSF,0.0003633981021626399,AbsF,0.0023101629602406562,RMSF_o,0.0003252205939472088,AbsF_o,0.002447873355523364,RMSF_CI,0.00015611231062370623,AbsF_CI,0.0006916466171288032,energies,-2062.2789515101354,-2062.2822010165683,-2062.282921268893,-2062.2828933643077,-2062.279925455393,-2062.2691741910517,-2062.2674708236427,-2062.2498824885183,-2062.2072500012487,-2062.2630684410606,-2062.2800245599187,-2062.2837404484444,-2062.2828096549856,gradnorms,0.0013162691070504717,0.0014874381618050366,0.005190484841811459,0.004741719800765976,0.0028170573815117055,0.005414509775178237,0.0022302453798161677,0.0023260210410218788,0.0021723150783985487,0.00212139256832787,0.0018119646778773197,orth_gradnorms,0.0012782109405384994,0.001317773953674237,0.0013820396759405063,0.00243241147497057,0.0025026100223173183,0.004845677714156948,0.002164976337561198,0.0,0.0021700966316699215,0.0019559511534674263,0.0015412635669565674,projcoords,-33.34677401201248,43.213102256953015,-31.73545623067496,43.74942526284172,-28.765300346249933,44.78185822728819,-23.848542281928147,45.57006304409021,-18.093444137516983,45.67057647449464,-15.269058508016343,45.045580280838685,-14.331833587619233,44.189012191762615,-13.847909167770496,43.50473645226914,-13.848729445993666,43.50571381796606,-13.799489681679649,43.554559232300655,-12.62246153937172,43.98947813646456,-8.631262620810116,44.136602256137905,-4.187142399600942,43.213102256953015,approx_rxn_crds,0.0,0.06200360057087789,0.16025466632859878,0.2920372811754569,0.4373099089668862,0.5168187407997958,0.595816524276973,0.6436275277849473,0.6665060160803752,0.6834913015054593,0.733815789463146,0.8529493247739487,1.0
nimgs,13,RMSF,0.0003636339626080002,AbsF,0.0023006694433636713,RMSF_o,0.0003255685414665434,AbsF_o,0.00245125168219575,RMSF_CI,0.00015768572871431723,AbsF_CI,0.0007089327175769578,energies,-2062.2789515101354,-2062.2822037429673,-2062.282924839222,-2062.2828949173067,-2062.2799198999246,-2062.2691646809617,-2062.267509945866,-2062.249868384162,-2062.2072591281276,-2062.2630634974894,-2062.2800275635723,-2062.283743510394,-2062.2828096549856,gradnorms,0.0013148287222693534,0.0014893766886071547,0.005191829073930311,0.0047287718963903436,0.002810640429659468,0.005418024016665413,0.002224696355862081,0.002349464442573389,0.0021703853987756184,0.0021159055785778206,0.0018069497601834663,orth_gradnorms,0.0012771037977823577,0.0013171203428614193,0.0013816564827903856,0.0024314654213651,0.002497794575853878,0.004850862015432807,0.002159139007534227,0.0,0.002168357182499004,0.0019518566920402962,0.0015385520982362274,projcoords,-33.34677401201248,43.213102256953015,-31.73608978814685,43.74898216107433,-28.76381095861611,44.78230134329238,-23.838809540422353,45.570881457835696,-18.08415180610951,45.67011714614641,-15.265124867215064,45.04444293495502,-14.328647255282682,44.1855595425015,-13.847189223104056,43.50382527036772,-13.847942712507502,43.505062865093066,-13.798801166240796,43.553832031463905,-12.625204015411033,43.98935550889899,-8.633330112435829,44.13707906556662,-4.187142399600942,43.213102256953015,approx_rxn_crds,0.0,0.06197426561993208,0.16027419835632337,0.2922313861482962,0.4374580724944039,0.5168607087837528,0.5959339604167541,0.6436731770530888,0.6665294083072069,0.6835002094164065,0.733784237173905,0.8529194928489674,1.0
nimgs,13,RMSF,0.00036384693149245026,AbsF,0.0022908438499656004,RMSF_o,0.00032588378970467856,AbsF_o,0.002454210652568619,RMSF_CI,0.00015810397433292482,AbsF_CI,0.000707932369859437,energies,-2062.2789515101354,-2062.282206465656,-2062.2829284069717,-2062.2828964572086,-2062.2799143557672,-2062.269155254813,-2062.2675490634697,-2062.2498538454447,-2062.2072680786464,-2062.263059158735,-2062.2800305581777,-2062.283746567394,-2062.2828096549856,gradnorms,0.0013133881203243995,0.0014913357288583553,0.0051930945226433345,0.004715848234182271,0.002804272153013694,0.0054211971815768464,0.002218235842780332,0.002355696161938183,0.0021658139716049553,0.002110349650370055,0.0018019592550279125,orth_gradnorms,0.0012759974815115447,0.0013164682386174957,0.0013812991871728316,0.00243050286904015,0.0024930051049129225,0.00485555910839183,0.0021534296641170826,0.0,0.002163822872921995,0.0019477885626141666,0.0015358526765654511,projcoords,-33.34677401201248,43.213102256953015,-31.73672260126162,43.74853979192477,-28.762314061307045,44.78274673864665,-23.82907096132219,45.57169976206863,-18.07488639810277,45.66965802026463,-15.261207623094133,45.04330989477244,-14.325448311720267,44.182091372770444,-13.846472010932331,43.50292094584988,-13.8471535624365,43.50440876270879,-13.79811717038691,43.5531085461227,-12.627932138173254,43.989231076025696,-8.635387141527252,44.137553829500234,-4.187142399600942,43.213102256953015,approx_rxn_crds,0.0,0.061945068830917986,0.16029410701841829,0.29242583314411186,0.4376059266755836,0.516902824582286,0.5960521246006643,0.6437197770623249,0.6665488004597662,0.6835089442849662,0.733752818401329,0.8528898352237408,1.0
nimgs,13,RMSF,0.0003640343681673206,AbsF,0.0022806768046277543,RMSF_o,0.0003261650532639533,AbsF_o,0.002456733137289188,RMSF_CI,0.00015721726256344695,AbsF_CI,0.0006890614004011574,energies,-2062.2789515101354,-2062.2822091846538,-2062.282931972165,-2062.282897984059,-2062.279908822933,-2062.2691459123635,-2062.267588166892,-2062.2498389262028,-2062.2072768309504,-2062.2630553687295,-2062.2800335441752,-2062.283749619469,-2062.2828096549856,gradnorms,0.0013119470581374095,0.0014933152399622036,0.00519427815633167,0.004702946598532618,0.002797955200418031,0.005423989925133493,0.00221098423109657,0.0023424844541305983,0.0021586738799499548,0.0021047344549957937,0.0017969922298459728,orth_gradnorms,0.0012748919824675012,0.001315817489231784,0.0013809585058436795,0.002429523976103631,0.0024882423831461865,0.004859749841040217,0.0021478830937014955,0.0,0.0021565744370222618,0.0019437468552115826,0.0015331652350112938,projcoords,-33.34677401201248,43.213102256953015,-31.737354665255353,43.74809815427022,-28.760809566595626,44.78319442088023,-23.81932680905916,45.57251794618807,-18.0656478384819,45.669199099026656,-15.257306617542254,45.042181164872424,-14.32223660164284,44.178607568035254,-13.845757361299098,43.502023635121084,-13.846363836722983,43.50375069653673,-13.79743725504675,43.55238904108548,-12.630645913322402,43.989104880857205,-8.637433749241485,44.13802655776176,-4.187142399600942,43.213102256953015,approx_rxn_crds,0.0,0.061915998898725434,0.16031436518636025,0.2926205629792761,0.4377533949053948,0.5169449975125231,0.5961709024305818,0.643767168340583,0.6665643531383669,0.6835175791947187,0.7337215812320435,0.8528603770646406,1.0
nimgs,13,RMSF,0.00036419348238521203,AbsF,0.002270159670587886,RMSF_o,0.000326411140194677,AbsF_o,0.0024588033429242904,RMSF_CI,0.00015515244775069132,AbsF_CI,0.000656660840155504,energies,-2062.2789515101354,-2062.2822118999798,-2062.2829355348263,-2062.2828994979063,-2062.2799033014444,-2062.2691366533304,-2062.2676272461154,-2062.2498236956535,-2062.2072854005337,-2062.2630520445964,-2062.2800365221165,-2062.2837526666444,-2062.2828096549856,gradnorms,0.0013105057033622317,0.0014953146861792584,0.005195378889191122,0.004690069071348461,0.0027916927459846197,0.00542636067358544,0.002203104776204512,0.002311719406319219,0.002149524425262179,0.0020990761069902136,0.0017920485080932175,orth_gradnorms,0.0012737872898218427,0.0013151679473482304,0.0013806252181898222,0.0024285288765331526,0.0024835073205958175,0.004863416453727562,0.002142510167036705,0.0,0.00214717171857628,0.0019397314241049414,0.001530489719630996,projcoords,-33.34677401201248,43.213102256953015,-31.737985974187378,43.747657247434724,-28.759297393377622,44.78364439633872,-23.80957733864497,45.573335999115756,-18.05643605616666,45.668740385715274,-15.253421690633889,45.041056747888774,-14.319011976718151,44.17510801965739,-13.845045088740576,43.50113352574175,-13.845575484297369,43.503088224845776,-13.796760884300788,43.55167371717773,-12.633345324759295,43.988976976101945,-8.63946997573898,44.13849726008463,-4.187142399600942,43.213102256953015,approx_rxn_crds,0.0,0.061887041957234865,0.16033493872187823,0.292815504151788,0.43790038180320534,0.516987115021869,0.5962901535303851,0.6438151553992297,0.6665764328597062,0.6835261975478178,0.7336905856591637,0.8528311498411559,1.0
nimgs,13,RMSF,0.0003643214173530201,AbsF,0.0022592851209650164,RMSF_o,0.00032662095354117144,AbsF_o,0.0024604067526084513,RMSF_CI,0.0001522831026063113,AbsF_CI,0.000645768467631127,energies,-2062.2789515101354,-2062.2822146116564,-2062.2829390949737,-2062.2829009987995,-2062.27989779133,-2062.2691274773956,-2062.267666290711,-2062.24980823432,-2062.207293835304,-2062.263049082442,-2062.280039492639,-2062.283755708947,-2062.2828096549856,gradnorms,0.0013090645772444016,0.0014973330995189619,0.005196397713368109,0.004677221433741628,0.0027854884066678565,0.0054282668616741,0.002194795579749784,0.0022689671265462975,0.0021392883434013243,0.0020933957762304415,0.0017871285676240515,orth_gradnorms,0.0012726833918481786,0.0013145194874270786,0.0013802914390257995,0.002427517685471041,0.0024788009663686255,0.004866542602182373,0.002137307854640474,0.0,0.002136535048419628,0.0019357418925451532,0.0015278260835701008,projcoords,-33.34677401201248,43.213102256953015,-31.738616521124968,43.74721707111937,-28.757777466893707,44.784096670257235,-23.799822795969146,45.5741539089601,-18.04725098319563,45.668281884521,-15.249552680361306,45.03993664409172,-14.315774298883257,44.17159263060727,-13.844335004921035,43.50025082435248,-13.844790453846107,43.50242130095871,-13.796087455320215,43.55096270004604,-12.63603034143278,43.98884742161359,-8.641495860234462,44.13896594611696,-4.187142399600942,43.213102256953015,approx_rxn_crds,0.0,0.061858182556711036,0.1603557890248541,0.29301057739807657,0.438046780112437,0.5170290508501323,0.5964097208549842,0.6438635193732615,0.6665855887377148,0.6835348875801618,0.7336598991913071,0.8528021890001368,1.0
nimgs,13,RMSF,0.0003644153255527515,AbsF,0.0022480476442539705,RMSF_o,0.0003267934908746143,AbsF_o,0.0024615300176324077,RMSF_CI,0.00014915956160306253,AbsF_CI,0.0006432562432865296,energies,-2062.2789515101354,-2062.2822173197046,-2062.2829426526296,-2062.282902486788,-2062.279892292626,-2062.269118384189,-2062.267705289882,-2062.249792629472,-2062.207302203894,-2062.2630463644273,-2062.280042456417,-2062.283758746402,-2062.2828096549856,gradnorms,0.0013076244233955687,0.0014993692254979157,0.0051973371948839655,0.00466441183364844,0.00277934610282598,0.005429666062336925,0.002186279215455349,0.002222427413777816,0.002129060014611105,0.0020877178555511557,0.0017822333125984311,orth_gradnorms,0.0012715802767781824,0.0013138720087541853,0.0013799509414682877,0.002426490508148752,0.002474124506279025,0.004869113350551586,0.0021322706565473,0.0,0.0021257599523921236,0.0019317776903109009,0.0015251742885899226,projcoords,-33.34677401201248,43.213102256953015,-31.7392462984972,43.74677762527132,-28.7562497185585,44.78455124679454,-23.790063417979336,45.57497166267162,-18.03809255324725,45.66782360018429,-15.245699422348032,45.03882085095,-14.312523443582183,44.168061321062225,-13.843626931197747,43.499375743314324,-13.84401058731219,43.50175027164656,-13.795416330934223,43.55025603352726,-12.638700925000599,43.988716281398474,-8.643511441251638,44.13943262542673,-4.187142399600942,43.213102256953015,approx_rxn_crds,0.0,0.06182940470884686,0.16037687577610157,0.2932057006474782,0.43819247818006546,0.5170706738421033,0.5965294407595652,0.6439120317268967,0.6665925191349167,0.6835437366971802,0.7336295921050826,0.8527735314484713,1.0
nimgs,13,RMSF,0.00036447243840521433,AbsF,0.002236443983130489,RMSF_o,0.0003269278419424513,AbsF_o,0.0024621608234252834,RMSF_CI,0.000146398971419004,AbsF_CI,0.0006454752542309898,energies,-2062.2789515101354,-2062.282220024149,-2062.2829462078107,-2062.2829039619164,-2062.279886805366,-2062.2691093732888,-2062.267744232516,-2062.249776970331,-2062.2073105800273,-2062.2630437664957,-2062.280045414126,-2062.2837617790365,-2062.2828096549856,gradnorms,0.0013061860376552565,0.0015014217341856022,0.005198200627231708,0.004651648996743007,0.0027732698976312272,0.005430517024673018,0.0021777905347979457,0.002181295546418321,0.0021198818844016206,0.0020820679199845,0.0017773637572776496,orth_gradnorms,0.0012704779336446179,0.0013132254324608754,0.0013795990118067951,0.0024254474503670694,0.0024694792552335584,0.004871115136377598,0.0021274006190930856,0.0,0.0021159005048687267,0.0019278381044517024,0.0015225343092314721,projcoords,-33.34677401201248,43.213102256953015,-31.739875298536862,43.74633890992194,-28.75471408583818,44.78500812903786,-23.78029943281465,45.57578924578884,-18.028960699831515,45.66736553755646,-15.241861749563194,45.037709362695104,-14.309259302814343,44.16451403368409,-13.842920710363323,43.4985084869961,-13.843237521541443,43.50107585123683,-13.794746873068725,43.54955367803463,-12.641357037727872,43.98858362042263,-8.645516756990212,44.13989730750767,-4.187142399600942,43.213102256953015,approx_rxn_crds,0.0,0.06180069291148478,0.1603981596416283,0.29340079394099444,0.43833736736435724,0.517111856650697,0.5966491529576909,0.6439604679390317,0.6665980302066178,0.6835528260874992,0.7335997327485159,0.8527452130632335,1.0
nimgs,13,RMSF,0.00036449013183243096,AbsF,0.0022244734991687617,RMSF_o,0.0003270231848101894,AbsF_o,0.002462287746660296,RMSF_CI,0.00014454525839444844,AbsF_CI,0.0006477443721155487,energies,-2062.2789515101354,-2062.2822227250103,-2062.2829497605358,-2062.2829054242266,-2062.279881329581,-2062.269100444218,-2062.2677831072315,-2062.2497613432997,-2062.2073190265614,-2062.2630411660903,-2062.2800483664,-2062.2837648068758,-2062.2828096549856,gradnorms,0.0013047500937188726,0.0015034894407045057,0.005198991148857205,0.004638940434781445,0.002767263843814433,0.005430780650801088,0.0021695634742349393,0.0021536758444107985,0.002112535009536316,0.0020764707177968298,0.0017725207071684292,orth_gradnorms,0.001269376352924565,0.0013125797003352947,0.0013792323638740845,0.0024243886280468545,0.0024648666437886444,0.004872535713112285,0.0021227136581542707,0.0,0.002107765068015974,0.0019239223258231146,0.0015199061307241866,projcoords,-33.34677401201248,43.213102256953015,-31.740503513715254,43.74590092502868,-28.753170512119134,44.785467318992396,-23.77053105992773,45.57660664235599,-18.019855354545378,45.66690770117345,-15.238039492057247,45.03660216991232,-14.305981787898247,44.16095073840491,-13.842216216871254,43.49764923855658,-13.842472603927012,43.500399073047426,-13.79407847535892,43.548855513935514,-12.643998650001159,43.98844950147315,-8.647511845692746,44.14036000178641,-4.187142399600942,43.213102256953015,approx_rxn_crds,0.0,0.0617720330744468,0.1604196047273867,0.2935957839175526,0.4384813487756984,0.5171524836409604,0.5967687095765631,0.6440086201625832,0.666602988844406,0.6835622260211622,0.7335703832668733,0.8527172664288861,1.0
nimgs,13,RMSF,0.00036446599048935076,AbsF,0.002212138452243085,RMSF_o,0.00032707878094742415,AbsF_o,0.0024619001093689205,RMSF_CI,0.00014393033558985746,AbsF_CI,0.0006499057999073546,energies,-2062.2789515101354,-2062.282225422311,-2062.2829533108224,-2062.282906873754,-2062.279875865292,-2062.2690915964367,-2062.2678219024324,-2062.249745827475,-2062.2073275827106,-2062.263038449254,-2062.280051313797,-2062.2837678299456,-2062.2828096549856,gradnorms,0.001303317008101644,0.0015055715032433852,0.005199711086773485,0.004626291023965195,0.002761331855664434,0.0054304209528904055,0.002161817829664596,0.002144513700974651,0.0021073894514255895,0.0020709484266790007,0.0017677045030607935,orth_gradnorms,0.0012682755268475844,0.001311934778265363,0.0013788493306536346,0.0024233141737155833,0.0024602881979020387,0.004873364076900451,0.0021182408393087566,0.0,0.0021017683099742858,0.001920029486128754,0.0015172897379579224,projcoords,-33.34677401201248,43.213102256953015,-31.741130937079006,43.745463670353615,-28.75161894650974,44.78592881757522,-23.760758510259322,45.57742383503918,-18.010776445745975,45.66645009492764,-15.234232476736299,45.03549925917945,-14.302690831869526,44.1573714365755,-13.841513364959713,43.49679814794306,-13.841716826813839,43.4997212215545,-13.793410593392327,43.54816134947293,-12.646625746897683,43.988313982310274,-8.649496745908811,44.1408207176302,-4.187142399600942,43.213102256953015,approx_rxn_crds,0.0,0.06174341328595119,0.16044118061964235,0.2937906075546609,0.43862433888244723,0.5171924574553364,0.5968879826893243,0.6440563080373473,0.6666082729380134,0.6835719921467995,0.7335415960440796,0.8526897189583537,1.0
nimgs,13,RMSF,0.0003643978715471887,AbsF,0.0021994441786737057,RMSF_o,0.0003270939696393355,AbsF_o,0.002460987830591739,RMSF_CI,0.000144586262121967,AbsF_CI,0.0006518116448006034,energies,-2062.2789515101354,-2062.2822281160707,-2062.282956858685,-2062.2829083105303,-2062.279870412511,-2062.269082829339,-2062.267860606355,-2062.2497304906574,-2062.2073362570795,-2062.2630355166425,-2062.28005425677,-2062.283770848271,-2062.2828096549856,gradnorms,0.0013018868670187495,0.0015076675408137933,0.005200361623420816,0.004613702247695936,0.0027554776326912766,0.0054294060035111535,0.002154746894318443,0.00215428678619103,0.0021043481766689137,0.0020655193465138628,0.0017629148867651801,orth_gradnorms,0.001267175449322484,0.0013112906609360757,0.0013784501561552077,0.0024222242386663256,0.002455745511631305,0.0048735903833129965,0.002114024342710548,0.0,0.002097872351384945,0.0019161586923565409,0.001514685098596263,projcoords,-33.34677401201248,43.213102256953015,-31.741757562424816,43.74502714540178,-28.75005934351885,44.78639262463813,-23.750981986577962,45.578240805404256,-18.001723897886336,45.66599272189771,-15.230440527187147,45.03440061276848,-14.299386391442125,44.15377616435152,-13.840812114228104,43.49595532171133,-13.840970783973852,43.499043750234115,-13.792742771187303,43.54747093253823,-12.649238333375068,43.988177113301816,-8.651471496584593,44.14127946435381,-4.187142399600942,43.213102256953015,approx_rxn_crds,0.0,0.0617148243816984,0.16046286390622708,0.29398521496214997,0.43876627368253324,0.5172317038971824,0.5970068699296518,0.644103387088918,0.6666147220589067,0.6835821629799048,0.7335134110490623,0.8526625914981981,1.0
nimgs,13,RMSF,0.0003642839669907062,AbsF,0.0021863991574653965,RMSF_o,0.00032706816203722356,AbsF_o,0.002459541279659274,RMSF_CI,0.00014624795656747406,AbsF_CI,0.0006533362493805215,energies,-2062.2789515101354,-2062.282230806308,-2062.28296040414,-2062.282909734583,-2062.2798649712413,-2062.2690741422566,-2062.2678992071196,-2062.2497153860613,-2062.2073450276816,-2062.263032288136,-2062.2800571956473,-2062.283773861876,-2062.2828096549856,gradnorms,0.001300459430294905,0.0015097776506308475,0.005200942761422362,0.004601172227529803,0.0027497046339711286,0.0054277088638430004,0.0021485066744460425,0.00217904547580722,0.0021028955671731813,0.0020601971157731594,0.0017581510190747749,orth_gradnorms,0.0012660761155260047,0.0013106473716338472,0.0013780370110484158,0.0024211189906475942,0.0024512402158849253,0.0048732058587018946,0.0021101089170640678,0.0,0.0020956287036865686,0.0019123090688437855,0.0015120921493947182,projcoords,-33.34677401201248,43.213102256953015,-31.74238338428546,43.744591349428255,-28.748491662579628,44.78685873903782,-23.741201684109114,45.57905753427759,-17.99269763159981,45.665535584358324,-15.226663463556775,45.03330620841705,-14.296068448469146,44.15016499520717,-13.840112472379529,43.495120815161044,-13.840234650875647,43.498368191008176,-13.792074662657154,43.546783965495806,-12.651836437815266,43.98803893566739,-8.653436136953054,44.14173625122387,-4.187142399600942,43.213102256953015,approx_rxn_crds,0.0,0.06168626030220221,0.16048463913721467,0.29417957114677595,0.43890711132123306,0.5172701749972056,0.5971252980321863,0.6441497544223102,0.6666230915990502,0.6835927586400251,0.7334858541651015,0.8526358974577457,1.0
nimgs,13,RMSF,0.0003641228602499327,AbsF,0.002173014957762463,RMSF_o,0.0003270008352010813,AbsF_o,0.002457551143451309,RMSF_CI,0.0001484432010830256,AbsF_CI,0.0006543860823082693,energies,-2062.2789515101354,-2062.2822334930415,-2062.2829639472016,-2062.2829111459337,-2062.279859541477,-2062.269065534454,-2062.26793769277,-2062.249700549883,-2062.207353848498,-2062.263028705935,-2062.2800601306176,-2062.283776870784,-2062.2828096549856,gradnorms,0.0012990342049150343,0.001511902325064752,0.005201453506071254,0.004588696484831717,0.002744016100352856,0.00542530842746875,0.0021432072182680745,0.0022117538824214093,0.0021022352547538955,0.0020549904444734095,0.0017534116398057503,orth_gradnorms,0.0012649775212718371,0.0013100049535823203,0.0013776134763234882,0.0024199986079772302,0.0024467739480658808,0.004872202711436528,0.002106530579421824,0.0,0.0020943074050194413,0.0019084798103337834,0.0015095107941916744,projcoords,-33.34677401201248,43.213102256953015,-31.743008397742976,43.74415628150811,-28.7469158674285,44.78732715875728,-23.73141779151089,45.57987400210715,-17.98369756445217,45.66507868395154,-15.22290110248338,45.032216019168665,-14.29273701084934,44.146538041485485,-13.839414495018376,43.49429462713811,-13.839508188918558,43.49769606155801,-13.791406047026893,43.546100122161015,-12.654420113838427,43.98789948038962,-8.655390706250842,44.14219108745918,-4.187142399600942,43.213102256953015,approx_rxn_crds,0.0,0.061657718244808736,0.160506499240853,0.2943736567735626,0.43904683319869975,0.5173078503149362,0.597243224357809,0.6441953516775243,0.6666340130830125,0.6836037807703218,0.7334589364781359,0.8526096424468862,1.0
nimgs,13,RMSF,0.0003639135719872495,AbsF,0.0021593060683485106,RMSF_o,0.0003268915265859082,AbsF_o,0.0024550083253372336,RMSF_CI,0.0001506252720556656,AbsF_CI,0.0006705656529499651,energies,-2062.2789515101354,-2062.2822361762887,-2062.282967487883,-2062.2829125446056,-2062.279854123208,-2062.269057005132,-2062.2679760513156,-2062.249685999821,-2062.207362660705,-2062.263024736178,-2062.280063061732,-2062.28377987502,-2062.2828096549856,gradnorms,0.001297610566432237,0.0015140422773249668,0.005201892210048069,0.004576269213373216,0.0027384151117140505,0.00542219010258652,0.002138906496800536,0.0022442660076669183,0.0021014808465205093,0.0020499032699904515,0.001748695330056822,orth_gradnorms,0.0012638796623146056,0.0013093634547430245,0.0013771835753626036,0.0024188632716765426,0.0024423483275401807,0.004870574049751605,0.0021033049881742736,0.0,0.002093079015660739,0.0019046702382287536,0.0015069409157986865,projcoords,-33.34677401201248,43.213102256953015,-31.743632598120904,43.74372194064951,-28.745331925394375,44.7877978810647,-23.72163049212464,45.58069018926865,-17.97472361214126,45.664622021967546,-15.219153257070849,45.031130013273405,-14.289392112839977,44.1428954549213,-13.838718282579336,43.49347669766806,-13.838790772360584,43.49702877652425,-13.790736837496173,43.54541906587757,-12.656989440468735,43.987758767783774,-8.657335243329904,44.142643982227014,-4.187142399600942,43.213102256953015,approx_rxn_crds,0.0,0.0616291986326504,0.1605284454544897,0.2945674680327493,0.4391854437359276,0.5173447366705307,0.5973606366274208,0.6442401654232,0.6666479628509986,0.6836152134790674,0.7334326544205894,0.8525838243648263,1.0
nimgs,13,RMSF,0.0003636555883685554,AbsF,0.0021452896068118966,RMSF_o,0.00032673982945207944,AbsF_o,0.002451903891179175,RMSF_CI,0.0001522971339267612,AbsF_CI,0.000713144843018478,energies,-2062.2789515101354,-2062.282238856068,-2062.2829710261976,-2062.2829139306186,-2062.2798487164223,-2062.2690485534285,-2062.268014270764,-2062.2496717346103,-2062.2073714058515,-2062.263020369225,-2062.280065988908,-2062.2837828746087,-2062.2828096549856,gradnorms,0.0012961879011628204,0.0015161982419535471,0.005202257011498796,0.004563884754394253,0.002732904661017295,0.005418346233240637,0.0021356072385669946,0.0022691761885124512,0.002099853695571626,0.0020449351950044235,0.0017440008133191832,orth_gradnorms,0.0012627825337395355,0.0013087229122480636,0.001376750731886502,0.0024177131574733466,0.0024379649401156775,0.004868313813363208,0.002100418134980514,0.0,0.002091205356421459,0.0019008798450875957,0.0015043823968746801,projcoords,-33.34677401201248,43.213102256953015,-31.744255980629525,43.7432883259232,-28.743739806689373,44.78827090268167,-23.71183996530052,45.58150607629967,-17.96577568984332,45.66416559966198,-15.215419736896166,45.030048154136225,-14.286033814758444,44.13923742611124,-13.838023974643974,43.49266690838823,-13.838081435385487,43.49636756795627,-13.790067082823114,43.54474046750269,-12.659544520858436,43.987616807666875,-8.659269786256766,44.14309494463647,-4.187142399600942,43.213102256953015,approx_rxn_crds,0.0,0.061600704931929755,0.16055048685580892,0.29476101577029973,0.43932296904125734,0.5173808665859099,0.5974775511840426,0.6442842253034496,0.6666652406469565,0.6836270250909658,0.7334069906197883,0.8525584338571135,1.0
nimgs,13,RMSF,0.00036334886629777125,AbsF,0.0021309849069479823,RMSF_o,0.000326545389562595,AbsF_o,0.0024482290690131473,RMSF_CI,0.00015309865906128054,AbsF_CI,0.0007384828940898112,energies,-2062.2789515101354,-2062.282241532397,-2062.282974562158,-2062.2829153039957,-2062.279843321109,-2062.2690401784207,-2062.2680523391455,-2062.2496577345714,-2062.2073800380595,-2062.263015618839,-2062.2800689119376,-2062.283785869574,-2062.2828096549856,gradnorms,0.0012947657346604616,0.001518370774969662,0.005202546342182956,0.004551538954881568,0.0027274877242470007,0.005413776177313982,0.002133257068374392,0.002281118644045595,0.0020968450620855767,0.0020400820546342267,0.0017393272254002414,orth_gradnorms,0.0012616861295540267,0.0013080833431487588,0.001376317083398506,0.0024165484293497816,0.002433625332272277,0.004865416724258909,0.0020978216569901083,0.0,0.0020881972855163818,0.001897108314441545,0.0015018351403598804,projcoords,-33.34677401201248,43.213102256953015,-31.744878540044116,43.74285543657907,-28.74213948379105,44.78874621993078,-23.702046387548542,45.582321644072266,-17.956853713394473,45.66370941853393,-15.211700348038812,45.02897040029807,-14.282662202084556,44.13556418295576,-13.837331742052374,43.49186508559591,-13.837378935694048,43.49571341943682,-13.789396961851512,43.54406402211925,-12.66208547984603,43.98747360003665,-8.661194371995503,44.14354398373143,-4.187142399600942,43.213102256953015,approx_rxn_crds,0.0,0.06157224335103331,0.16057263958611329,0.2949543240527286,0.4394594547379127,0.5174162957349583,0.5975940101264683,0.6443276003165829,0.6666859589143538,0.6836391704870594,0.7333819152871878,0.8525334550521492,1.0
nimgs,13,RMSF,0.00036299381194956996,AbsF,0.0021164129866529905,RMSF_o,0.0003263079033221035,AbsF_o,0.002443975299380779,RMSF_CI,0.00015285262972893562,AbsF_CI,0.0007456716006413242,energies,-2062.2789515101354,-2062.2822442052957,-2062.282978095776,-2062.2829166647584,-2062.279837937261,-2062.2690318791247,-2062.2680902445313,-2062.2496439631223,-2062.207388532775,-2062.2630105204626,-2062.2800718305093,-2062.2837888599443,-2062.2828096549856,gradnorms,0.001293343823301293,0.0015205601151412921,0.005202759409088669,0.004539230121261893,0.0027221673118870797,0.005408485986672878,0.0021317521619421257,0.0022774528895547633,0.002092312044074492,0.0020353364994054788,0.0017346742888331168,orth_gradnorms,0.0012605904425441958,0.001307444744108465,0.001375883373382195,0.0024153692358291727,0.0024293310135343705,0.0048618782589698525,0.002095434189957412,0.0,0.0020839091105974293,0.0018933555128094893,0.001499299081512535,projcoords,-33.34677401201248,43.213102256953015,-31.745500270482943,43.74242327212564,-28.740530930985067,44.7892238288402,-23.692249933311054,45.5831368739214,-17.947957600050653,45.66325348050089,-15.20799489312299,45.02789670543641,-14.279277384011023,44.13187598815753,-13.836641777327628,43.491071005649964,-13.83668183026313,43.49506701714567,-13.78872677129759,43.5433894634958,-12.664612460639592,43.98732913616033,-8.663109036252077,44.14399110848487,-4.187142399600942,43.213102256953015,approx_rxn_crds,0.0,0.061543822451360364,0.1605949258472379,0.2951474283192171,0.4395949631847761,0.5174510996701112,0.5977100776197259,0.6443703936025137,0.6667100428774826,0.6836515938357183,0.733357388001419,0.8525088664983903,1.0
nimgs,13,RMSF,0.0003625912319859574,AbsF,0.002101595912096497,RMSF_o,0.00032602711732912336,AbsF_o,0.0024391343281010927,RMSF_CI,0.0001515766885145818,AbsF_CI,0.0007347653332480878,energies,-2062.2789515101354,-2062.2822468747845,-2062.282981627064,-2062.282918012932,-2062.2798325648764,-2062.269023654499,-2062.2681279750477,-2062.249630369149,-2062.207396890518,-2062.2630051287915,-2062.280074744225,-2062.2837918457453,-2062.2828096549856,gradnorms,0.0012919221910510674,0.0015227661152590363,0.005202896539816025,0.004526959415495607,0.002716946491416879,0.005402487680310521,0.002130944370880758,0.0022584417936339063,0.002086492510619913,0.0020306885156249443,0.0017300423662079394,orth_gradnorms,0.0012594954644039775,0.0013068070980935857,0.001375449335747294,0.002414175709530054,0.0024250834642107737,0.004857694641898998,0.0020931489423988286,0.0,0.002078554647687835,0.0018896214624907267,0.0014967741864322713,projcoords,-33.34677401201248,43.213102256953015,-31.746121165327505,43.74199183235756,-28.738914124092087,44.78970372519753,-23.68245077527321,45.583951747735604,-17.939087268676424,45.66279778793297,-15.20430317136611,45.026827018375215,-14.275879491526654,44.12817313592192,-13.835954284002053,43.490284402428024,-13.835988558555005,43.49442871980304,-13.788056907409333,43.542716575624,-12.667125620892353,43.987183399978235,-8.665013813521133,44.14443632779607,-4.187142399600942,43.213102256953015,approx_rxn_crds,0.0,0.061515452692736124,0.16061737273398877,0.29534037323722995,0.43972957026575965,0.5174853700282728,0.5978258356126649,0.6444127360705889,0.6667372408319766,0.6836642315591965,0.7333333597729468,0.8524846422432422,1.0
nimgs,13,RMSF,0.00036214225986327725,AbsF,0.002086556092135001,RMSF_o,0.000325702829217374,AbsF_o,0.0024336983339526305,RMSF_CI,0.00014946881281401505,AbsF_CI,0.0007067452384253944,energies,-2062.2789515101354,-2062.282249540886,-2062.282985156033,-2062.2829193485422,-2062.279827203952,-2062.2690155034434,-2062.2681655188776,-2062.2496168900993,-2062.2074051352292,-2062.2629995147527,-2062.280077652626,-2062.283794827006,-2062.2828096549856,gradnorms,0.0012905011089037008,0.0015249882611869047,0.005202959281422019,0.004514730640364248,0.0027118283803426783,0.005395798146346069,0.0021306514169779312,0.0022270351530442657,0.0020799402784166267,0.002026125875419295,0.0017254323840771384,orth_gradnorms,0.0012584011860943074,0.0013061703828547734,0.0013750142686719637,0.0024129679698680568,0.00242088414536337,0.004852862857856671,0.002090846349845576,0.0,0.00207264579375654,0.0018859063098592835,0.0014942604418831484,projcoords,-33.34677401201248,43.213102256953015,-31.746741217294325,43.741561117327855,-28.737289040363855,44.79018590455858,-23.672649084259334,45.58476624800254,-17.93024263934003,45.66234234353979,-15.200624978630266,45.025761283099314,-14.272468675151138,44.12445594806192,-13.835269465472436,43.489504976501706,-13.83529752845524,43.493798548082914,-13.78738784246919,43.542045200946816,-12.669625128389583,43.98703636974197,-8.666908737335557,44.144879650490736,-4.187142399600942,43.213102256953015,approx_rxn_crds,0.0,0.06148714592894052,0.1606400109426061,0.2955332103371197,0.43986336186062897,0.5175192103488109,0.5979413791114605,0.6444547791399934,0.6667671435283352,0.683677015424948,0.7333097753164545,0.8524607530161821,1.0
nimgs,13,RMSF,0.0003616482629598773,AbsF,0.0020713155553310375,RMSF_o,0.00032533488962618905,AbsF_o,0.002427660087237423,RMSF_CI,0.00014687003811704542,AbsF_CI,0.0006634460550445665,energies,-2062.2789515101354,-2062.282252203621,-2062.282988682695,-2062.282920671615,-2062.27982185449,-2062.269007424802,-2062.2682028642594,-2062.2496034556216,-2062.2074133079213,-2062.262993761981,-2062.2800805552156,-2062.2837978037546,-2062.2828096549856,gradnorms,0.0012890810246069524,0.0015272257611009235,0.005202950178483235,0.004502549520565817,0.002706816116185978,0.0053884377582580495,0.0021306693728112905,0.0021883142821412845,0.0020733961474427415,0.002021634538618439,0.0017208456554248684,orth_gradnorms,0.0012573075983492955,0.0013055345763934329,0.0013745774850553222,0.0024117461282262987,0.002416734508321822,0.004847380681419068,0.0020884095783433006,0.0,0.0020668688097469023,0.0018822103019035677,0.0014917578422201595,projcoords,-33.34677401201248,43.213102256953015,-31.747360418636294,43.741131127273505,-28.7356556585042,44.79067036222557,-23.662845028852537,45.58558035779632,-17.92142363241735,45.661887150134284,-15.196960107476833,45.024699438772394,-14.269045102466652,44.12072476975466,-13.834587514018576,43.48873240562273,-13.834607200473437,43.493176192886196,-13.786720097496001,43.541375245092716,-12.672111156518394,43.98688801982236,-8.668793840677578,44.145321085323324,-4.187142399600942,43.213102256953015,approx_rxn_crds,0.0,0.06145891486375947,0.16066287338025137,0.2957259954701895,0.43999643006267986,0.5175527315840991,0.5980568110972332,0.6444966868183634,0.6667992111276313,0.6836898756855884,0.7332865754856686,0.8524371674949013,1.0
nimgs,13,RMSF,0.0003611107392067345,AbsF,0.0020560852084985327,RMSF_o,0.0003249232056719746,AbsF_o,0.0024210131380484052,RMSF_CI,0.0001442051900660244,AbsF_CI,0.0006464716304582079,energies,-2062.2789515101354,-2062.2822548630124,-2062.282992207059,-2062.2829219821797,-2062.279816516487,-2062.2689994173616,-2062.2682399994856,-2062.249589991539,-2062.2074214572285,-2062.262987962814,-2062.2800834514856,-2062.2838007760192,-2062.2828096549856,gradnorms,0.0012876624623948789,0.0015294776851328823,0.005202872315339221,0.0044904226387711245,0.002701912809465186,0.005380428834715351,0.0021307863333463067,0.0021486089404354545,0.002067622121635274,0.002017199063153929,0.0017162836430138265,orth_gradnorms,0.001256214692221718,0.0013048996579184565,0.0013741384935563312,0.002410510294548903,0.0024126360031291737,0.004841246728651806,0.0020857400428445578,0.0,0.0020619251099916643,0.0018785337752547173,0.0014892663802304274,projcoords,-33.34677401201248,43.213102256953015,-31.747978761425376,43.74070186251205,-28.73401395876019,44.79115709321123,-23.65303877490781,45.586394060703526,-17.912630167398078,45.66143221032103,-15.193308347226862,45.02364141976254,-14.26560895560595,44.11697996522192,-13.833908600587886,43.48796635603066,-13.833916166150908,43.49256104093672,-13.786054212801815,43.54070667808632,-12.674583879655994,43.98673832263403,-8.670669156480578,44.145760640980626,-4.187142399600942,43.213102256953015,approx_rxn_crds,0.0,0.06143077247669913,0.1606859936954326,0.2959187861226621,0.44012886919047384,0.5175860473644224,0.5981722371544967,0.6445386273307092,0.6668328059401424,0.6837027442075752,0.7332636998357902,0.8524138536393355,1.0
nimgs,13,RMSF,0.0003605312116019946,AbsF,0.0020428389945982843,RMSF_o,0.00032446774542631166,AbsF_o,0.002413752029925606,RMSF_CI,0.00014190372990352038,AbsF_CI,0.0006445609825303073,energies,-2062.2789515101354,-2062.2822575190826,-2062.282995729137,-2062.282923280261,-2062.2798111899338,-2062.268991479853,-2062.268276912895,-2062.249576423953,-2062.2074296289566,-2062.2629822138833,-2062.280086340943,-2062.283803743827,-2062.2828096549856,gradnorms,0.001286245912143422,0.0015317431293953878,0.005202728707415614,0.004478356276000974,0.002697121499775841,0.005371794067879267,0.0021307960275677392,0.002114317956324909,0.002063233696839409,0.0020128030774967877,0.0017117477095018872,orth_gradnorms,0.0012551224595547526,0.0013042656060192799,0.0013736969709646732,0.0024092605840856287,0.002408590084732751,0.004834460523832158,0.0020827701100602863,0.0,0.0020583706598072105,0.0018748771527744015,0.0014867860436195946,projcoords,-33.34677401201248,43.213102256953015,-31.74859623785592,43.74027332333153,-28.73236392303102,44.791646092203585,-23.64323048510215,45.58720734070368,-17.90386216163794,45.66097752616943,-15.189669484031084,45.02258715567746,-14.262160428854845,44.11322191360995,-13.833232865877527,43.487206494035554,-13.833223217119027,43.49195221551553,-13.785390718175643,43.540039532168954,-12.677043468597706,43.98658725062563,-8.672534718136212,44.1461983260858,-4.187142399600942,43.213102256953015,approx_rxn_crds,0.0,0.061402731430394736,0.16070940475605755,0.2961116386287214,0.4402607716565642,0.5176192690991261,0.5982877599008214,0.6445807645382515,0.6668672290126042,0.683715557524022,0.7332410892684387,0.8523907800729701,1.0
nimgs,13,RMSF,0.0003599111384138376,AbsF,0.002029308147744079,RMSF_o,0.00032396855248889377,AbsF_o,0.0024058727499331202,RMSF_CI,0.00014031033499277754,AbsF_CI,0.000642758258282443,energies,-2062.2789515101354,-2062.2822601718535,-2062.282999248938,-2062.2829245658877,-2062.279805874812,-2062.268983610952,-2062.268313592866,-2062.2495626832433,-2062.2074378568022,-2062.26297661137,-2062.2800892231317,-2062.2838067072034,-2062.2828096549856,gradnorms,0.0012848317336608822,0.0015340213615073518,0.005202521755015005,0.004466355393648449,0.0026924451217907566,0.005362555185456322,0.002130510145664808,0.002090576906857141,0.0020605663040685826,0.002008429860183039,0.0017072389047389448,orth_gradnorms,0.0012540308932827934,0.00130363239761744,0.0013732526939285185,0.0024079971230063163,0.002404598217742656,0.004827022716580926,0.002079470737373277,0.0,0.00205648900333966,0.0018712409378935566,0.0014843168152640506,projcoords,-33.34677401201248,43.213102256953015,-31.74921284050577,43.739845509896405,-28.73070553494805,44.79213735354282,-23.633420318625248,45.588020182037134,-17.89511952929555,45.66052309893166,-15.186043300952726,45.0215365714121,-14.258699726512715,44.10945100532244,-13.83256041314412,43.48645249731225,-13.83252740182505,43.491348629689284,-13.784730104395544,43.539373896531906,-12.679490086151098,43.98643477827851,-8.67439055992335,44.1466341492025,-4.187142399600942,43.213102256953015,approx_rxn_crds,0.0,0.06137480347812255,0.1607331371185537,0.2963046053561493,0.4403922238016824,0.5176525010492392,0.5984034733703387,0.6446232494494883,0.6669017585875138,0.6837282597248501,0.7332186886861727,0.8523679174753667,1.0
nimgs,13,RMSF,0.00035925185193199673,AbsF,0.002015513913870771,RMSF_o,0.0003234257759283321,AbsF_o,0.002397373392369871,RMSF_CI,0.00013960614444026467,AbsF_CI,0.0006411377069689105,energies,-2062.2789515101354,-2062.2822628213444,-2062.2830027664713,-2062.2829258390866,-2062.279800571094,-2062.2689758092847,-2062.2683500278144,-2062.2495487077563,-2062.207446156056,-2062.262971246092,-2062.2800920976592,-2062.283809666174,-2062.2828096549856,gradnorms,0.0012834200922103712,0.001536311933377903,0.005202252857938399,0.004454422952311099,0.0026878864920929823,0.0053527320381164594,0.002129768377654542,0.002080084703932915,0.002059605056209687,0.002004063050753808,0.0017027578175630124,orth_gradnorms,0.0012529399875035373,0.0013030000095181197,0.0013728055595102083,0.002406720051816405,0.002400661881197779,0.004818935527970395,0.0020758528164499116,0.0,0.0020562258916299696,0.0018676256984447802,0.0014818586733817017,projcoords,-33.34677401201248,43.213102256953015,-31.74982856250521,43.739418422187505,-28.72903877989249,44.79263087121897,-23.623608431064646,45.58883256909785,-17.886402180640463,45.660068928852326,-15.182429578065419,45.020489587210186,-14.255227061129968,44.10566763901175,-13.831891303061976,43.485704065358306,-13.831828067581156,43.490749049030185,-13.784072797590419,43.53870990938939,-12.681923883042252,43.98628088404364,-8.676236717294278,44.14706811883888,-4.187142399600942,43.213102256953015,approx_rxn_crds,0.0,0.061346998897796746,0.1607572175535206,0.29649773198032686,0.44052330186564825,0.5176858355787229,0.5985194575871648,0.6446662122046606,0.6669356884951012,0.683740805066051,0.7331964495461313,0.852345239928718,1.0
nimgs,13,RMSF,0.0003585544818947513,AbsF,0.002001475049627448,RMSF_o,0.0003228396598537885,AbsF_o,0.0023882539279095395,RMSF_CI,0.0001397676270000348,AbsF_CI,0.0006397605126107911,energies,-2062.2789515101354,-2062.2822654675774,-2062.283006281747,-2062.282927099884,-2062.2797952787378,-2062.2689680734206,-2062.2683862062045,-2062.2495344469826,-2062.2074545214446,-2062.262966198657,-2062.2800949642146,-2062.2838126207616,-2062.2828096549856,gradnorms,0.0012820109401000517,0.001538614733220081,0.005201922301313249,0.004442559693076902,0.0026834483138004216,0.005342341458580928,0.002128445530317177,0.002082490739884101,0.002059992271693058,0.0019996874759298437,0.0016983045208995215,orth_gradnorms,0.001251849737314321,0.0013023684222013396,0.0013723556973650555,0.002405429525948436,0.0023967825747764388,0.004810202595145155,0.0020719622326405415,0.0,0.00205719906417928,0.001864032037867792,0.0014794115888883694,projcoords,-33.34677401201248,43.213102256953015,-31.75044339758433,43.73899205998628,-28.727363644925987,44.79312663889592,-23.613794974510277,45.58964448637576,-17.877710021832755,45.659615015095895,-15.178828092565624,45.019446118739396,-14.251742652197942,44.10187221936228,-13.831225550849826,43.48496092858901,-13.831124886277639,43.49015216053714,-13.783419137757576,43.53804774786744,-12.68434499430647,43.98612555213056,-8.678073226980821,44.14750024345127,-4.187142399600942,43.213102256953015,approx_rxn_crds,0.0,0.06131932598601867,0.160781667714119,0.2966910550031854,0.4406540683270679,0.5177193488598686,0.5986357736450368,0.6447097549830496,0.6669683646346488,0.6837531601505727,0.7331743321666248,0.8523227261409327,1.0
nimgs,13,RMSF,0.00035781989384092353,AbsF,0.0019872073304154783,RMSF_o,0.0003222105229343748,AbsF_o,0.0023785158686680835,RMSF_CI,0.00014058073620011252,AbsF_CI,0.0006386748083158826,energies,-2062.2789515101354,-2062.282268110569,-2062.283009794773,-2062.282928348308,-2062.2797899976927,-2062.2689604018847,-2062.26842211655,-2062.2495198640586,-2062.2074629293497,-2062.262961534974,-2062.2800978225873,-2062.2838155709887,-2062.2828096549856,gradnorms,0.0012806040402423692,0.0015409299578892314,0.0052015293847786324,0.004430764393099639,0.0026791332135182927,0.00533139634308773,0.002126455552274838,0.0020946057941067502,0.002061108481055135,0.0019952900486441827,0.0016938786079491797,orth_gradnorms,0.0012507601384615335,0.0013017376232867606,0.001371903566392653,0.0024041257135330044,0.0023929618260161703,0.004800828666168041,0.00206786987369477,0.0,0.0020587785986789157,0.0018604605578993786,0.0014769755211227497,projcoords,-33.34677401201248,43.213102256953015,-31.751057339997246,43.73856642290374,-28.725680118625466,44.793624649964144,-23.603980097875354,45.59045591845133,-17.869042955171196,45.6591613557919,-15.175238618897271,45.01840607717742,-14.248246725337502,44.09806515575795,-13.830563125793518,43.48422285557221,-13.830417862808517,43.489556644276256,-13.782769362500305,43.53738761619818,-12.686753536355408,43.985968774049034,-8.679900126917953,44.147930531446896,-4.187142399600942,43.213102256953015,approx_rxn_crds,0.0,0.0612917906494036,0.16080650304550118,0.29688459969948133,0.44078456888196005,0.5177530973493143,0.5987524596602398,0.6447539463125604,0.6669992178430998,0.6837653055180676,0.7331523076190066,0.8523003604550141,1.0
nimgs,13,RMSF,0.0003570486704322231,AbsF,0.0019727232841322204,RMSF_o,0.0003215387577873772,AbsF_o,0.0023681624040299875,RMSF_CI,0.00014170537911881498,AbsF_CI,0.000637915663743271,energies,-2062.2789515101354,-2062.282270750339,-2062.2830133055586,-2062.282929584384,-2062.2797847278953,-2062.268952793155,-2062.2684577474292,-2062.2495049374693,-2062.2074713437473,-2062.262957302459,-2062.280100672679,-2062.2838185168753,-2062.2828096549856,gradnorms,0.0012791990317376307,0.0015432580332259158,0.005201072737058332,0.004419034526530199,0.0026749437864342905,0.005319905373100809,0.0021237527351528254,0.002111362596194214,0.0020622055064213624,0.001990860654797111,0.0016894793113749285,orth_gradnorms,0.001249671186888719,0.0013011076079606102,0.0013714499114225165,0.002402808790995288,0.002389201198620434,0.00479081959090486,0.002063658765134123,0.0,0.002060216903488491,0.0018569118198999634,0.0014745504149787302,projcoords,-33.34677401201248,43.213102256953015,-31.751670384345086,43.73814151044562,-28.723988190836113,44.79412489761797,-23.594163947407793,45.59126685002332,-17.86040087971213,45.65870794817389,-15.171660928882918,45.01736936930327,-14.244739511993671,44.09424686186621,-13.829903953191678,43.48348965796853,-13.829707325988593,43.48896124418171,-13.782123596747446,43.536729732751,-12.689149604918821,43.985810549798664,-8.68171745601387,44.148358991185354,-4.187142399600942,43.213102256953015,approx_rxn_crds,0.0,0.061264396129150765,0.16083173203235943,0.29707837867375364,0.44091483033268875,0.5177871153491337,0.598869527963098,0.644798817230766,0.6670277916298739,0.6837772364875027,0.7331303590379168,0.8522781335540677,1.0
nimgs,13,RMSF,0.0003562411180058677,AbsF,0.0019580321292655338,RMSF_o,0.00032082483272447834,AbsF_o,0.0023571985867006594,RMSF_CI,0.00014276528285323535,AbsF_CI,0.000637504613265837,energies,-2062.2789515101354,-2062.2822733869066,-2062.2830168141127,-2062.2829308081396,-2062.2797794692783,-2062.268945245663,-2062.268493087501,-2062.2494896618728,-2062.207479724469,-2062.262953527271,-2062.280103514509,-2062.283821458441,-2062.2828096549856,gradnorms,0.0012777955150325457,0.001545599475419417,0.0052005507253738885,0.00440736718200069,0.0026708826464761594,0.005307873112941912,0.002120330654087093,0.002127154806160678,0.0020625598443539334,0.0019863929220393655,0.001685105677660578,orth_gradnorms,0.0012485828782902017,0.0013004783757412939,0.0013709955367834925,0.002401478937623821,0.0023855023003182953,0.004780182347042534,0.0020594109555365876,0.0,0.002060797670711451,0.001853386310499534,0.001472136203016206,projcoords,-33.34677401201248,43.213102256953015,-31.752282525341897,43.73771732209773,-28.72228785237341,44.79462737494761,-23.584346667335588,45.59207726594154,-17.85178369208884,45.658254788769696,-15.168094791855847,45.01633589758754,-14.241221249599278,44.09041775608665,-13.829247918629633,43.48276119286781,-13.828993902520082,43.488364834488266,-13.781481848840347,43.536074316528435,-12.691533274039468,43.98565088860799,-8.683525253820582,44.14878563097851,-4.187142399600942,43.213102256953015,approx_rxn_crds,0.0,0.06123714288748558,0.16085735586467947,0.2972723911819924,0.44104485961475987,0.5178214139131826,0.5989869638307823,0.6448443596498393,0.6670537634836986,0.6837889631317597,0.7331084822110129,0.8522560427858156,1.0
nimgs,13,RMSF,0.00035539729075580715,AbsF,0.0019431398902299852,RMSF_o,0.00032006929144167475,AbsF_o,0.0023456314386113113,RMSF_CI,0.00014343439682238244,AbsF_CI,0.0006374486130728354,energies,-2062.2789515101354,-2062.282276020288,-2062.2830203204417,-2062.2829320196024,-2062.2797742217654,-2062.268937757802,-2062.2685281255267,-2062.249474048017,-2062.2074880359414,-2062.262950212836,-2062.2801063482157,-2062.283824395706,-2062.2828096549856,gradnorms,0.0012763931416250472,0.0015479547421328008,0.005199961891088874,0.004395759997861532,0.0026669524736307277,0.005295300370082705,0.002116219503692523,0.0021371243797635524,0.002061613051658214,0.0019818847599828893,0.0016807567557631591,orth_gradnorms,0.0012474952077658973,0.0012998499251113045,0.0013705409732099375,0.002400136330462704,0.00238186678862269,0.00476892503546896,0.0020551966271433316,0.0,0.002059971794472574,0.0018498844132838665,0.0014697328131730405,projcoords,-33.34677401201248,43.213102256953015,-31.75289375757604,43.737293857412276,-28.720579094724975,44.79513207503035,-23.574528400553394,45.59288715122254,-17.84319128732652,45.65780187359155,-15.164539974788116,45.0153055602758,-14.237692182139781,44.08657826275283,-13.828594874346015,43.48203736240173,-13.828278475414496,43.48776647839136,-13.780844012967215,43.53542157385454,-12.69390459625123,43.985489809145534,-8.685323560172527,44.149210459089225,-4.187142399600942,43.213102256953015,approx_rxn_crds,0.0,0.06121002867213465,0.1608833685698061,0.2974666233142805,0.4411746441029876,0.5178559812563578,0.5991047259464438,0.6448905271225095,0.6670769587398457,0.6838005093267363,0.733086685362901,0.8522340920591731,1.0
nimgs,13,RMSF,0.0003545170252721163,AbsF,0.001928049657714507,RMSF_o,0.0003192727475969692,AbsF_o,0.0023334699246791023,RMSF_CI,0.00014350054916816991,AbsF_CI,0.000637738642595543,energies,-2062.2789515101354,-2062.282278650504,-2062.283023824554,-2062.2829332188016,-2062.279768985278,-2062.2689303279267,-2062.268562850407,-2062.2494581217825,-2062.207496254515,-2062.2629473398556,-2062.280109174048,-2062.283827328688,-2062.2828096549856,gradnorms,0.0012749916892468402,0.001550324103869594,0.005199305311440514,0.004384211960998711,0.0026631560336408287,0.005282184709770141,0.002111482404817325,0.0021381100275167627,0.002059071843038829,0.0019773385710886915,0.0016764317636720415,orth_gradnorms,0.0012464081696436599,0.0012992222489055338,0.0013700861910155597,0.0023987811406780317,0.0023782963738866085,0.004757056799482449,0.0020510672388359317,0.0,0.002057454093174765,0.0018464063850358817,0.001467340178996915,projcoords,-33.34677401201248,43.213102256953015,-31.753504075318386,43.736871116076706,-28.718861909805064,44.7956389910036,-23.564709289226094,45.593696491041484,-17.83462355946505,45.65734919827801,-15.16099624241081,45.01427825146056,-14.234152561032685,44.08272881393332,-13.827944647319034,43.48131811072984,-13.827562129161308,43.48716547577837,-13.780209877559294,43.53477168601467,-12.696263603992904,43.985327339159966,-8.687112414858769,44.14963348372995,-4.187142399600942,43.213102256953015,approx_rxn_crds,0.0,0.061183048758962265,0.1609097576169643,0.2976610490570252,0.4413041532226312,0.5178907846886659,0.5992227486134863,0.6449372380110739,0.6670973563398983,0.6838119109012103,0.7330649881196958,0.8522122913041541,1.0
nimgs,13,RMSF,0.00035359998218247913,AbsF,0.001912761952573815,RMSF_o,0.0003184358768280751,AbsF_o,0.0023207248113024373,RMSF_CI,0.0001428990679060379,AbsF_CI,0.0006383484189364628,energies,-2062.2789515101354,-2062.2822812775726,-2062.283027326458,-2062.2829344057654,-2062.2797637597346,-2062.268922954355,-2062.2685972512068,-2062.249441922425,-2062.207504372894,-2062.2629448678067,-2062.280111992353,-2062.2838302574073,-2062.2828096549856,gradnorms,0.001273591103838302,0.0015527075583240495,0.00519858085585395,0.004372723866529605,0.0026594961842023755,0.0052685210754705915,0.002106211088219903,0.002129148158552618,0.0020549510774885774,0.0019727610827293255,0.001672130194191534,orth_gradnorms,0.0012453217574951013,0.0012985953328358082,0.0013696304972022936,0.0023974135321598996,0.0023747928185514143,0.004744587705858206,0.0020470535274059107,0.0,0.0020532647146080285,0.0018429523346723867,0.001464958248528697,projcoords,-33.34677401201248,43.213102256953015,-31.754113472417302,43.73644909795077,-28.717136289802532,44.79614811610635,-23.55488947518681,45.59450527070999,-17.826080401847754,45.65689675815128,-15.15746335732621,45.01325386114176,-14.230602646227133,44.07886985165574,-13.827297048591632,43.48060341869251,-13.82684608477501,43.486561397308584,-13.77957913897596,43.53412479854088,-12.698610312209578,43.98516351455253,-8.68889185738115,44.150054713062104,-4.187142399600942,43.213102256953015,approx_rxn_crds,0.0,0.06115619635582072,0.16093650495459877,0.2978556321675569,0.4414333412635477,0.5179257739476186,0.5993409455828084,0.6449843808521846,0.6671150862173195,0.683823213003822,0.7330434197197736,0.8521906555291624,1.0
nimgs,13,RMSF,0.00035264569878231376,AbsF,0.0018972751580316068,RMSF_o,0.0003175594142510062,AbsF_o,0.002307408480120844,RMSF_CI,0.00014171639479316413,AbsF_CI,0.000639233819177923,energies,-2062.2789515101354,-2062.2822839015143,-2062.2830308261605,-2062.2829355805247,-2062.2797585450485,-2062.268915635369,-2062.2686313172007,-2062.2494255001325,-2062.2075124008265,-2062.2629427378633,-2062.280114803557,-2062.283833181883,-2062.2828096549856,gradnorms,0.0012721915051143876,0.0015551048101336501,0.005197789286582929,0.004361298376396262,0.0026559758484764793,0.005254302573041063,0.0021005211896369777,0.0021115267260454398,0.0020495547573832523,0.0019681627931781866,0.0016678518424760272,orth_gradnorms,0.0012442359643255576,0.001297969157488048,0.0013691726602375696,0.0023960336625375965,0.002371357933615844,0.00473152870757815,0.00204316814337304,0.0,0.00204771053113498,0.0018395222058717124,0.001462586987148487,projcoords,-33.34677401201248,43.213102256953015,-31.754721942298424,43.73602780306551,-28.71540222714132,44.796659443682756,-23.54506910004372,45.59531347565621,-17.81756170701715,45.6564445481741,-15.153941080112897,45.01223227527788,-14.227042707430265,44.07500183037164,-13.826651883290747,43.479893296570125,-13.82613162853558,43.485954102794935,-13.778951419584262,43.533481012714574,-12.700944721986449,43.984998377935064,-8.6906619268255,44.15047415519734,-4.187142399600942,43.213102256953015,approx_rxn_crds,0.0,0.061129463135135134,0.1609635883980919,0.29805032871289217,0.44156215117483094,0.5179608856638098,0.5994592151904419,0.6450318215147547,0.6671304184863556,0.6838344668840161,0.7330220166110426,0.8521692035502481,1.0
nimgs,13,RMSF,0.00035165364001818694,AbsF,0.0018815860132764747,RMSF_o,0.0003166441478267471,AbsF_o,0.0022935347508256363,RMSF_CI,0.0001401662926385545,AbsF_CI,0.0006403335821743517,energies,-2062.2789515101354,-2062.282286522351,-2062.2830343236683,-2062.282936743109,-2062.2797533411294,-2062.2689083692203,-2062.26866503791,-2062.2494089130687,-2062.207520362092,-2062.2629408769744,-2062.280117608137,-2062.283836102135,-2062.2828096549856,gradnorms,0.0012707931534517703,0.0015575153186294774,0.005196932168678804,0.004349939674662393,0.002652597973506762,0.005239521230364947,0.0020945472369583392,0.0020884307241161226,0.0020434016301619632,0.0019635570907346354,0.0016635967593501872,orth_gradnorms,0.0012431507828863282,0.0012973437021514462,0.001368711193806208,0.002394641686268183,0.002367993572354804,0.0047178915449965315,0.00203941178170562,0.0,0.002041312805617029,0.0018361157677798435,0.0014602263738855421,projcoords,-33.34677401201248,43.213102256953015,-31.755329478065267,43.73560723158592,-28.71365971454459,44.79717296715109,-23.535248304983032,45.596121091419434,-17.809067366245223,45.65599256281271,-15.150429169428023,45.011213375834515,-14.223473025364797,44.07112521948487,-13.826008960772835,43.47918777548202,-13.825420038672616,43.48534374274804,-13.77832628915704,43.532840379728825,-12.703266824959872,43.984831976774935,-8.692422661845141,44.15089181820063,-4.187142399600942,43.213102256953015,approx_rxn_crds,0.0,0.06110283985076622,0.16099098325185832,0.29824509005984123,0.44169051902164574,0.517996048585281,0.5995774463770702,0.6450794115938738,0.667143745075674,0.6838457263411785,0.7330008196345769,0.852147956499175,1.0
